symbol,variety,exchange,interval,death_cross,source_golden_cross,bar_gap,close,mid
A0,豆一,大商所,120m,2026-01-20 23:00:00,2026-01-20 15:00:00,1,4295.0,4331.7
A0,豆一,大商所,120m,2026-02-03 15:00:00,2026-02-02 15:00:00,3,4384.0,4385.75
A0,豆一,大商所,120m,2026-02-04 11:15:00,2026-02-03 23:00:00,1,4384.0,4385.5
A0,豆一,大商所,120m,2026-02-05 11:15:00,2026-02-04 23:00:00,1,4374.0,4390.0
A0,豆一,大商所,120m,2026-03-04 23:00:00,2026-03-04 11:15:00,2,4651.0,4676.65
A0,豆一,大商所,120m,2026-03-05 15:00:00,2026-03-05 11:15:00,1,4652.0,4678.8
A0,豆一,大商所,120m,2026-04-03 15:00:00,2026-04-03 11:15:00,1,4591.0,4599.7
A0,豆一,大商所,120m,2026-04-27 15:00:00,2026-04-24 23:00:00,2,4897.0,4904.75
A0,豆一,大商所,120m,2026-04-28 15:00:00,2026-04-27 23:00:00,2,4917.0,4924.15
A0,豆一,大商所,120m,2026-05-20 11:15:00,2026-05-19 11:15:00,3,4772.0,4776.85
A0,豆一,大商所,120m,2026-06-03 15:00:00,2026-06-03 11:15:00,1,4765.0,4781.2
A0,豆一,大商所,120m,2026-06-08 23:00:00,2026-06-08 11:15:00,2,4718.0,4725.95
A0,豆一,大商所,120m,2026-07-10 23:00:00,2026-07-10 15:00:00,1,4731.0,4738.4
A0,豆一,大商所,30m,2026-04-01 13:45:00,2026-04-01 10:00:00,3,4624.0,4625.85
A0,豆一,大商所,30m,2026-04-03 14:45:00,2026-04-03 11:15:00,3,4595.0,4599.95
A0,豆一,大商所,30m,2026-04-16 10:00:00,2026-04-16 09:30:00,1,4819.0,4823.05
A0,豆一,大商所,30m,2026-04-16 13:45:00,2026-04-16 10:45:00,2,4816.0,4818.85
A0,豆一,大商所,30m,2026-04-16 21:30:00,2026-04-16 15:00:00,1,4804.0,4815.4
A0,豆一,大商所,30m,2026-04-17 21:30:00,2026-04-17 15:00:00,1,4763.0,4805.1
A0,豆一,大商所,30m,2026-04-28 15:00:00,2026-04-28 14:45:00,1,4917.0,4918.85
A0,豆一,大商所,30m,2026-04-28 22:00:00,2026-04-28 21:30:00,1,4911.0,4919.25
A0,豆一,大商所,30m,2026-05-06 11:15:00,2026-05-06 09:30:00,3,4907.0,4958.25
A0,豆一,大商所,30m,2026-05-08 11:15:00,2026-05-08 10:00:00,2,4820.0,4826.8
A0,豆一,大商所,30m,2026-05-12 10:00:00,2026-05-12 09:30:00,1,4787.0,4803.95
A0,豆一,大商所,30m,2026-05-20 14:15:00,2026-05-20 13:45:00,1,4770.0,4779.65
A0,豆一,大商所,30m,2026-05-21 22:00:00,2026-05-21 15:00:00,2,4740.0,4745.1
A0,豆一,大商所,30m,2026-05-25 23:00:00,2026-05-25 22:30:00,1,4818.0,4830.6
A0,豆一,大商所,30m,2026-06-09 11:15:00,2026-06-09 09:30:00,3,4718.0,4726.9
A0,豆一,大商所,30m,2026-06-12 13:45:00,2026-06-12 11:15:00,1,4739.0,4747.5
A0,豆一,大商所,30m,2026-06-22 09:30:00,2026-06-18 14:45:00,2,4690.0,4701.3
A0,豆一,大商所,30m,2026-06-22 21:30:00,2026-06-22 14:15:00,3,4674.0,4686.65
A0,豆一,大商所,30m,2026-06-25 09:30:00,2026-06-24 22:30:00,2,4745.0,4751.2
A0,豆一,大商所,30m,2026-06-29 13:45:00,2026-06-29 11:15:00,1,4822.0,4828.1
A0,豆一,大商所,30m,2026-06-29 22:00:00,2026-06-29 14:45:00,3,4820.0,4826.05
A0,豆一,大商所,30m,2026-07-06 14:45:00,2026-07-06 14:15:00,1,4740.0,4747.95
A0,豆一,大商所,30m,2026-07-08 13:45:00,2026-07-08 11:15:00,1,4736.0,4746.75
A0,豆一,大商所,30m,2026-07-09 10:45:00,2026-07-09 09:30:00,2,4735.0,4737.25
A0,豆一,大商所,30m,2026-07-10 11:15:00,2026-07-10 10:45:00,1,4715.0,4719.45
A0,豆一,大商所,30m,2026-07-14 10:00:00,2026-07-13 22:30:00,3,4719.0,4723.7
A0,豆一,大商所,30m,2026-07-14 22:30:00,2026-07-14 22:00:00,1,4712.0,4719.3
A0,豆一,大商所,30m,2026-07-16 09:30:00,2026-07-15 23:00:00,1,4694.0,4710.75
A0,豆一,大商所,30m,2026-07-16 14:45:00,2026-07-16 14:15:00,1,4703.0,4703.55
A0,豆一,大商所,30m,2026-07-16 23:00:00,2026-07-16 21:30:00,3,4699.0,4701.4
A0,豆一,大商所,30m,2026-07-20 10:45:00,2026-07-20 09:30:00,2,4687.0,4692.3
A0,豆一,大商所,30m,2026-07-20 13:45:00,2026-07-20 11:15:00,1,4687.0,4690.75
A0,豆一,大商所,60m,2026-01-12 11:15:00,2026-01-12 10:00:00,1,4367.0,4368.0
A0,豆一,大商所,60m,2026-01-13 10:00:00,2026-01-12 22:00:00,2,4333.0,4366.4
A0,豆一,大商所,60m,2026-01-19 15:00:00,2026-01-19 10:00:00,3,4321.0,4327.9
A0,豆一,大商所,60m,2026-01-20 22:00:00,2026-01-20 11:15:00,3,4298.0,4327.85
A0,豆一,大商所,60m,2026-02-02 23:00:00,2026-02-02 15:00:00,2,4387.0,4392.95
A0,豆一,大商所,60m,2026-02-03 14:15:00,2026-02-03 10:00:00,2,4391.0,4395.15
A0,豆一,大商所,60m,2026-02-05 11:15:00,2026-02-04 22:00:00,3,4374.0,4387.25
A0,豆一,大商所,60m,2026-02-06 15:00:00,2026-02-06 14:15:00,1,4378.0,4383.6
A0,豆一,大商所,60m,2026-02-09 10:00:00,2026-02-06 22:00:00,2,4381.0,4383.6
A0,豆一,大商所,60m,2026-03-02 11:15:00,2026-03-02 10:00:00,1,4681.0,4697.1
A0,豆一,大商所,60m,2026-03-05 15:00:00,2026-03-05 10:00:00,3,4652.0,4663.6
A0,豆一,大商所,60m,2026-03-06 14:15:00,2026-03-06 10:00:00,2,4660.0,4663.6
A0,豆一,大商所,60m,2026-03-17 11:15:00,2026-03-16 23:00:00,2,4910.0,4915.95
A0,豆一,大商所,60m,2026-04-02 10:00:00,2026-04-01 23:00:00,1,4603.0,4604.6
A0,豆一,大商所,60m,2026-04-02 14:15:00,2026-04-02 11:15:00,1,4606.0,4609.45
A0,豆一,大商所,60m,2026-04-28 11:15:00,2026-04-28 10:00:00,1,4918.0,4941.1
A0,豆一,大商所,60m,2026-05-06 11:15:00,2026-05-06 10:00:00,1,4907.0,4942.0
A0,豆一,大商所,60m,2026-05-20 15:00:00,2026-05-20 11:15:00,2,4749.0,4761.2
A0,豆一,大商所,60m,2026-05-28 15:00:00,2026-05-28 14:15:00,1,4814.0,4839.7
A0,豆一,大商所,60m,2026-06-09 11:15:00,2026-06-09 10:00:00,1,4718.0,4723.15
A0,豆一,大商所,60m,2026-07-03 10:00:00,2026-07-02 22:00:00,2,4744.0,4754.2
A0,豆一,大商所,60m,2026-07-06 11:15:00,2026-07-03 22:00:00,3,4739.0,4747.65
A0,豆一,大商所,60m,2026-07-06 15:00:00,2026-07-06 14:15:00,1,4745.0,4748.7
A0,豆一,大商所,60m,2026-07-07 10:00:00,2026-07-06 22:00:00,2,4746.0,4750.85
A0,豆一,大商所,60m,2026-07-07 23:00:00,2026-07-07 15:00:00,2,4734.0,4749.45
A0,豆一,大商所,60m,2026-07-08 14:15:00,2026-07-08 11:15:00,1,4724.0,4746.8
A0,豆一,大商所,60m,2026-07-10 22:00:00,2026-07-10 15:00:00,1,4726.0,4728.1
A0,豆一,大商所,60m,2026-07-13 11:15:00,2026-07-10 23:00:00,2,4724.0,4725.05
A0,豆一,大商所,60m,2026-07-14 10:00:00,2026-07-13 23:00:00,1,4719.0,4720.65
A0,豆一,大商所,60m,2026-07-31 22:00:00,2026-07-31 15:00:00,1,4693.0,4700.15
A0,豆一,大商所,90m,2026-01-16 13:45:00,2026-01-16 10:00:00,1,4337.0,4341.7
A0,豆一,大商所,90m,2026-01-19 13:45:00,2026-01-19 10:00:00,1,4333.0,4334.55
A0,豆一,大商所,90m,2026-01-20 22:30:00,2026-01-20 13:45:00,2,4296.0,4327.0
A0,豆一,大商所,90m,2026-01-30 15:00:00,2026-01-30 13:45:00,1,4382.0,4384.55
A0,豆一,大商所,90m,2026-02-05 13:45:00,2026-02-04 22:30:00,2,4386.0,4390.65
A0,豆一,大商所,90m,2026-02-09 10:00:00,2026-02-06 22:30:00,1,4381.0,4386.05
A0,豆一,大商所,90m,2026-02-09 15:00:00,2026-02-09 13:45:00,1,4387.0,4387.15
A0,豆一,大商所,90m,2026-03-04 13:45:00,2026-03-04 10:00:00,1,4676.0,4684.2
A0,豆一,大商所,90m,2026-03-04 22:30:00,2026-03-04 15:00:00,1,4654.0,4683.95
A0,豆一,大商所,90m,2026-03-05 13:45:00,2026-03-05 10:00:00,1,4679.0,4681.85
A0,豆一,大商所,90m,2026-03-06 15:00:00,2026-03-06 10:00:00,2,4661.0,4669.2
A0,豆一,大商所,90m,2026-03-31 10:00:00,2026-03-30 22:30:00,1,4601.0,4602.5
A0,豆一,大商所,90m,2026-04-02 15:00:00,2026-04-02 10:00:00,2,4594.0,4595.95
A0,豆一,大商所,90m,2026-04-03 15:00:00,2026-04-03 13:45:00,1,4591.0,4601.9
A0,豆一,大商所,90m,2026-04-28 13:45:00,2026-04-28 10:00:00,1,4908.0,4944.0
A0,豆一,大商所,90m,2026-05-06 13:45:00,2026-05-06 10:00:00,1,4908.0,4932.05
A0,豆一,大商所,90m,2026-05-13 13:45:00,2026-05-13 10:00:00,1,4813.0,4814.25
A0,豆一,大商所,90m,2026-05-14 10:00:00,2026-05-13 15:00:00,2,4792.0,4806.4
A0,豆一,大商所,90m,2026-05-20 15:00:00,2026-05-20 13:45:00,1,4749.0,4763.95
A0,豆一,大商所,90m,2026-06-04 10:00:00,2026-06-03 13:45:00,3,4742.0,4748.05
A0,豆一,大商所,90m,2026-06-08 22:30:00,2026-06-08 10:00:00,3,4715.0,4729.1
A0,豆一,大商所,90m,2026-06-09 13:45:00,2026-06-09 10:00:00,1,4676.0,4729.45
A0,豆一,大商所,90m,2026-07-08 10:00:00,2026-07-07 15:00:00,2,4747.0,4748.4
A0,豆一,大商所,90m,2026-07-10 22:30:00,2026-07-10 15:00:00,1,4729.0,4735.75
A0,豆一,大商所,daily,2026-05-28,2026-05-25,3,4814.0,4818.2
A0,豆一,大商所,daily,2026-06-12,2026-06-11,1,4744.0,4759.35
A0,豆一,大商所,daily,2026-07-03,2026-07-02,1,4736.0,4744.55
A0,豆一,大商所,daily,2026-07-08,2026-07-07,1,4722.0,4749.1
A0,豆一,大商所,daily,2026-07-28,2026-07-23,3,4697.0,4727.65
AD0,铸造铝合金,上期所,120m,2026-01-22 11:15:00,2026-01-21 15:00:00,3,22785.0,22807.5
AD0,铸造铝合金,上期所,120m,2026-01-22 23:00:00,2026-01-22 15:00:00,1,22780.0,22786.5
AD0,铸造铝合金,上期所,120m,2026-02-09 15:00:00,2026-02-09 11:15:00,1,22165.0,22214.5
AD0,铸造铝合金,上期所,120m,2026-02-10 01:00:00,2026-02-09 23:00:00,1,22225.0,22229.75
AD0,铸造铝合金,上期所,120m,2026-02-12 01:00:00,2026-02-11 11:15:00,3,22150.0,22156.0
AD0,铸造铝合金,上期所,120m,2026-02-13 01:00:00,2026-02-12 11:15:00,3,22140.0,22185.75
AD0,铸造铝合金,上期所,120m,2026-04-08 23:00:00,2026-04-08 11:15:00,2,23580.0,23665.25
AD0,铸造铝合金,上期所,120m,2026-04-10 11:15:00,2026-04-10 01:00:00,1,23530.0,23605.75
AD0,铸造铝合金,上期所,120m,2026-04-13 11:15:00,2026-04-10 23:00:00,3,23510.0,23589.25
AD0,铸造铝合金,上期所,120m,2026-04-27 15:00:00,2026-04-27 11:15:00,1,23350.0,23526.25
AD0,铸造铝合金,上期所,120m,2026-05-06 23:00:00,2026-05-06 11:15:00,2,23140.0,23187.25
AD0,铸造铝合金,上期所,120m,2026-05-21 15:00:00,2026-05-20 23:00:00,3,23000.0,23050.25
AD0,铸造铝合金,上期所,120m,2026-05-25 23:00:00,2026-05-25 15:00:00,1,22985.0,23076.75
AD0,铸造铝合金,上期所,120m,2026-05-29 15:00:00,2026-05-28 23:00:00,3,23020.0,23042.75
AD0,铸造铝合金,上期所,120m,2026-06-09 23:00:00,2026-06-09 15:00:00,1,23045.0,23073.25
AD0,铸造铝合金,上期所,120m,2026-06-17 01:00:00,2026-06-16 23:00:00,1,23240.0,23241.5
AD0,铸造铝合金,上期所,120m,2026-06-29 01:00:00,2026-06-27 01:00:00,2,22890.0,22922.25
AD0,铸造铝合金,上期所,120m,2026-07-21 15:00:00,2026-07-21 11:15:00,1,22960.0,22987.25
AD0,铸造铝合金,上期所,120m,2026-07-22 01:00:00,2026-07-21 23:00:00,1,22985.0,22991.5
AD0,铸造铝合金,上期所,120m,2026-07-22 15:00:00,2026-07-22 11:15:00,1,22995.0,22997.5
AD0,铸造铝合金,上期所,120m,2026-07-24 23:00:00,2026-07-24 15:00:00,1,22930.0,22992.5
AD0,铸造铝合金,上期所,120m,2026-07-27 15:00:00,2026-07-27 11:15:00,1,22960.0,22989.25
AD0,铸造铝合金,上期所,120m,2026-07-28 11:15:00,2026-07-27 23:00:00,2,22975.0,22999.75
AD0,铸造铝合金,上期所,30m,2026-05-07 23:30:00,2026-05-07 23:00:00,1,23000.0,23020.25
AD0,铸造铝合金,上期所,30m,2026-05-08 09:30:00,2026-05-08 01:00:00,1,22970.0,22992.5
AD0,铸造铝合金,上期所,30m,2026-05-08 22:30:00,2026-05-08 22:00:00,1,22955.0,22998.0
AD0,铸造铝合金,上期所,30m,2026-05-12 23:00:00,2026-05-12 22:00:00,2,23285.0,23299.25
AD0,铸造铝合金,上期所,30m,2026-05-20 22:00:00,2026-05-20 15:00:00,2,23070.0,23073.0
AD0,铸造铝合金,上期所,30m,2026-05-25 21:30:00,2026-05-25 15:00:00,1,22925.0,23075.25
AD0,铸造铝合金,上期所,30m,2026-06-05 00:00:00,2026-06-04 23:30:00,1,23120.0,23123.75
AD0,铸造铝合金,上期所,30m,2026-06-05 01:00:00,2026-06-05 00:30:00,1,23120.0,23122.75
AD0,铸造铝合金,上期所,30m,2026-06-05 11:15:00,2026-06-05 10:45:00,1,23110.0,23122.0
AD0,铸造铝合金,上期所,30m,2026-06-10 10:00:00,2026-06-10 09:30:00,1,22990.0,23008.5
AD0,铸造铝合金,上期所,30m,2026-06-24 14:45:00,2026-06-24 14:15:00,1,23080.0,23130.75
AD0,铸造铝合金,上期所,30m,2026-06-26 01:00:00,2026-06-26 00:00:00,2,22580.0,22627.75
AD0,铸造铝合金,上期所,30m,2026-06-26 10:00:00,2026-06-26 09:30:00,1,22575.0,22620.75
AD0,铸造铝合金,上期所,30m,2026-07-09 14:45:00,2026-07-09 14:15:00,1,22930.0,22933.75
AD0,铸造铝合金,上期所,30m,2026-07-15 10:00:00,2026-07-15 09:30:00,1,22945.0,22968.75
AD0,铸造铝合金,上期所,30m,2026-07-15 11:15:00,2026-07-15 10:45:00,1,22960.0,22981.5
AD0,铸造铝合金,上期所,30m,2026-07-15 14:15:00,2026-07-15 13:45:00,1,22965.0,22982.0
AD0,铸造铝合金,上期所,30m,2026-07-17 13:45:00,2026-07-17 10:45:00,2,22995.0,23027.0
AD0,铸造铝合金,上期所,30m,2026-07-17 14:45:00,2026-07-17 14:15:00,1,23030.0,23032.75
AD0,铸造铝合金,上期所,30m,2026-07-22 13:45:00,2026-07-22 11:15:00,1,22950.0,22978.0
AD0,铸造铝合金,上期所,30m,2026-07-24 15:00:00,2026-07-24 14:45:00,1,23005.0,23033.75
AD0,铸造铝合金,上期所,30m,2026-07-28 13:45:00,2026-07-28 11:15:00,1,22965.0,22965.5
AD0,铸造铝合金,上期所,30m,2026-07-28 15:00:00,2026-07-28 14:15:00,2,22965.0,22966.0
AD0,铸造铝合金,上期所,30m,2026-07-31 14:45:00,2026-07-31 13:45:00,2,23300.0,23302.75
AD0,铸造铝合金,上期所,30m,2026-07-31 22:00:00,2026-07-31 21:30:00,1,23315.0,23320.75
AD0,铸造铝合金,上期所,60m,2026-01-22 22:00:00,2026-01-22 11:15:00,3,22750.0,22763.75
AD0,铸造铝合金,上期所,60m,2026-01-23 00:00:00,2026-01-22 23:00:00,1,22750.0,22766.25
AD0,铸造铝合金,上期所,60m,2026-01-27 23:00:00,2026-01-27 15:00:00,2,22970.0,23054.25
AD0,铸造铝合金,上期所,60m,2026-03-03 23:00:00,2026-03-03 22:00:00,1,22895.0,22950.75
AD0,铸造铝合金,上期所,60m,2026-03-10 10:00:00,2026-03-09 23:00:00,3,23455.0,23555.0
AD0,铸造铝合金,上期所,60m,2026-03-17 11:15:00,2026-03-17 10:00:00,1,23790.0,23817.25
AD0,铸造铝合金,上期所,60m,2026-03-24 14:15:00,2026-03-24 11:15:00,1,22690.0,22704.0
AD0,铸造铝合金,上期所,60m,2026-03-26 14:15:00,2026-03-26 11:15:00,1,22725.0,22813.25
AD0,铸造铝合金,上期所,60m,2026-04-07 11:15:00,2026-04-07 10:00:00,1,23545.0,23666.25
AD0,铸造铝合金,上期所,60m,2026-04-10 00:00:00,2026-04-09 22:00:00,2,23540.0,23578.25
AD0,铸造铝合金,上期所,60m,2026-04-10 11:15:00,2026-04-10 01:00:00,2,23530.0,23575.0
AD0,铸造铝合金,上期所,60m,2026-04-10 15:00:00,2026-04-10 14:15:00,1,23505.0,23570.75
AD0,铸造铝合金,上期所,60m,2026-04-27 15:00:00,2026-04-27 10:00:00,3,23350.0,23491.5
AD0,铸造铝合金,上期所,60m,2026-05-21 23:00:00,2026-05-21 22:00:00,1,23080.0,23088.75
AD0,铸造铝合金,上期所,60m,2026-05-22 01:00:00,2026-05-22 00:00:00,1,23060.0,23083.75
AD0,铸造铝合金,上期所,60m,2026-05-25 11:15:00,2026-05-23 01:00:00,3,23070.0,23099.0
AD0,铸造铝合金,上期所,60m,2026-05-29 22:00:00,2026-05-29 15:00:00,1,23000.0,23001.0
AD0,铸造铝合金,上期所,60m,2026-06-01 00:00:00,2026-05-29 23:00:00,2,22985.0,22989.5
AD0,铸造铝合金,上期所,60m,2026-06-10 11:15:00,2026-06-10 01:00:00,2,22980.0,22991.25
AD0,铸造铝合金,上期所,60m,2026-06-16 23:00:00,2026-06-16 22:00:00,1,23235.0,23252.75
AD0,铸造铝合金,上期所,60m,2026-06-17 01:00:00,2026-06-17 00:00:00,1,23240.0,23248.0
AD0,铸造铝合金,上期所,60m,2026-07-01 23:00:00,2026-07-01 22:00:00,1,22485.0,22497.75
AD0,铸造铝合金,上期所,60m,2026-07-02 14:15:00,2026-07-02 01:00:00,3,22370.0,22456.25
AD0,铸造铝合金,上期所,60m,2026-07-09 23:00:00,2026-07-09 15:00:00,2,22965.0,22966.0
AD0,铸造铝合金,上期所,60m,2026-07-13 23:00:00,2026-07-13 22:00:00,1,22915.0,22932.0
AD0,铸造铝合金,上期所,60m,2026-07-21 14:15:00,2026-07-21 11:15:00,1,22975.0,22981.75
AD0,铸造铝合金,上期所,60m,2026-07-24 10:00:00,2026-07-24 00:00:00,2,22985.0,23031.75
AD0,铸造铝合金,上期所,60m,2026-07-28 10:00:00,2026-07-27 23:00:00,3,22885.0,22969.75
AD0,铸造铝合金,上期所,60m,2026-07-28 22:00:00,2026-07-28 11:15:00,3,22890.0,22956.0
AD0,铸造铝合金,上期所,90m,2026-01-08 11:15:00,2026-01-08 09:30:00,1,22855.0,22884.75
AD0,铸造铝合金,上期所,90m,2026-01-23 00:00:00,2026-01-22 14:45:00,3,22750.0,22789.25
AD0,铸造铝合金,上期所,90m,2026-01-27 22:30:00,2026-01-27 14:45:00,2,23015.0,23020.0
AD0,铸造铝合金,上期所,90m,2026-02-05 11:15:00,2026-02-05 09:30:00,1,22090.0,22261.25
AD0,铸造铝合金,上期所,90m,2026-02-11 00:00:00,2026-02-10 22:30:00,1,22125.0,22128.75
AD0,铸造铝合金,上期所,90m,2026-03-06 15:00:00,2026-03-06 11:15:00,2,23345.0,23367.0
AD0,铸造铝合金,上期所,90m,2026-03-10 09:30:00,2026-03-10 00:00:00,1,23350.0,23605.75
AD0,铸造铝合金,上期所,90m,2026-03-16 15:00:00,2026-03-16 14:45:00,1,23845.0,23914.75
AD0,铸造铝合金,上期所,90m,2026-03-17 11:15:00,2026-03-17 09:30:00,1,23790.0,23853.5
AD0,铸造铝合金,上期所,90m,2026-04-03 11:15:00,2026-04-03 09:30:00,1,23665.0,23675.25
AD0,铸造铝合金,上期所,90m,2026-04-07 11:15:00,2026-04-07 09:30:00,1,23545.0,23669.0
AD0,铸造铝合金,上期所,90m,2026-04-07 22:30:00,2026-04-07 15:00:00,1,23610.0,23646.0
AD0,铸造铝合金,上期所,90m,2026-04-23 09:30:00,2026-04-22 22:30:00,2,23655.0,23671.5
AD0,铸造铝合金,上期所,90m,2026-04-27 14:45:00,2026-04-27 11:15:00,1,23430.0,23518.0
AD0,铸造铝合金,上期所,90m,2026-05-19 11:15:00,2026-05-19 09:30:00,1,23045.0,23073.25
AD0,铸造铝合金,上期所,90m,2026-05-25 11:15:00,2026-05-23 09:30:00,3,23070.0,23091.0
AD0,铸造铝合金,上期所,90m,2026-06-10 00:00:00,2026-06-09 14:45:00,3,22995.0,23011.5
AD0,铸造铝合金,上期所,90m,2026-06-10 11:15:00,2026-06-10 09:30:00,1,22980.0,23001.5
AD0,铸造铝合金,上期所,90m,2026-07-01 00:00:00,2026-06-30 22:30:00,1,22570.0,22664.5
AD0,铸造铝合金,上期所,90m,2026-07-22 00:00:00,2026-07-21 22:30:00,1,22995.0,22997.0
AD0,铸造铝合金,上期所,90m,2026-07-24 15:00:00,2026-07-24 14:45:00,1,23005.0,23026.25
AD0,铸造铝合金,上期所,90m,2026-07-28 15:00:00,2026-07-28 14:45:00,1,22965.0,22971.0
AD0,铸造铝合金,上期所,daily,2026-04-23,2026-04-22,1,23510.0,23597.5
AD0,铸造铝合金,上期所,daily,2026-05-14,2026-05-13,1,23320.0,23426.75
AD0,铸造铝合金,上期所,daily,2026-06-04,2026-06-02,2,23100.0,23129.25
AD0,铸造铝合金,上期所,daily,2026-06-10,2026-06-09,1,23070.0,23100.5
AD0,铸造铝合金,上期所,daily,2026-06-16,2026-06-11,3,23130.0,23132.5
AD0,铸造铝合金,上期所,daily,2026-06-23,2026-06-17,3,23180.0,23196.25
AD0,铸造铝合金,上期所,daily,2026-07-09,2026-07-08,1,22970.0,22978.0
AD0,铸造铝合金,上期所,daily,2026-07-13,2026-07-10,1,22810.0,22939.0
AG0,白银,上期所,120m,2026-02-09 23:00:00,2026-02-09 13:45:00,2,20556.0,20592.2
AG0,白银,上期所,120m,2026-03-03 13:45:00,2026-03-03 09:30:00,1,22652.0,23167.05
AG0,白银,上期所,120m,2026-03-09 09:30:00,2026-03-07 01:00:00,3,20589.0,21290.05
AG0,白银,上期所,120m,2026-03-12 23:00:00,2026-03-12 15:00:00,1,21857.0,22061.2
AG0,白银,上期所,120m,2026-04-21 09:30:00,2026-04-20 23:00:00,2,19885.0,19894.2
AG0,白银,上期所,120m,2026-05-21 13:45:00,2026-05-20 23:00:00,3,18427.0,18562.5
AG0,白银,上期所,120m,2026-05-27 13:45:00,2026-05-27 09:30:00,1,18425.0,18769.7
AG0,白银,上期所,120m,2026-06-01 09:30:00,2026-05-30 09:30:00,2,18243.0,18276.25
AG0,白银,上期所,120m,2026-06-29 09:30:00,2026-06-29 01:00:00,1,14199.0,14334.6
AG0,白银,上期所,120m,2026-06-29 23:00:00,2026-06-29 15:00:00,1,14098.0,14219.45
AG0,白银,上期所,120m,2026-07-01 09:30:00,2026-06-30 15:00:00,3,14179.0,14212.35
AG0,白银,上期所,120m,2026-07-10 09:30:00,2026-07-10 01:00:00,1,14657.0,14705.7
AG0,白银,上期所,120m,2026-07-13 09:30:00,2026-07-13 01:00:00,1,14348.0,14567.5
AG0,白银,上期所,120m,2026-07-15 01:00:00,2026-07-14 23:00:00,1,14394.0,14417.15
AG0,白银,上期所,120m,2026-07-15 13:45:00,2026-07-15 09:30:00,1,14267.0,14396.15
AG0,白银,上期所,120m,2026-07-27 23:00:00,2026-07-27 09:30:00,3,14372.0,14451.05
AG0,白银,上期所,120m,2026-07-29 23:00:00,2026-07-29 15:00:00,1,14005.0,14241.75
AG0,白银,上期所,120m,2026-07-30 13:45:00,2026-07-30 09:30:00,1,14009.0,14242.65
AG0,白银,上期所,30m,2026-05-23 01:00:00,2026-05-23 00:30:00,1,18639.0,18675.9
AG0,白银,上期所,30m,2026-05-23 02:00:00,2026-05-23 01:30:00,1,18671.0,18684.35
AG0,白银,上期所,30m,2026-05-30 00:30:00,2026-05-29 23:30:00,1,18297.0,18325.3
AG0,白银,上期所,30m,2026-06-01 09:30:00,2026-06-01 00:00:00,1,18243.0,18309.85
AG0,白银,上期所,30m,2026-06-02 10:00:00,2026-06-02 02:00:00,3,18082.0,18121.4
AG0,白银,上期所,30m,2026-06-04 23:00:00,2026-06-04 21:30:00,3,17834.0,17855.35
AG0,白银,上期所,30m,2026-06-10 23:00:00,2026-06-10 22:00:00,2,15525.0,15594.35
AG0,白银,上期所,30m,2026-06-11 01:30:00,2026-06-11 00:00:00,3,15553.0,15562.55
AG0,白银,上期所,30m,2026-06-11 09:30:00,2026-06-11 02:00:00,2,15524.0,15550.05
AG0,白银,上期所,30m,2026-06-16 22:00:00,2026-06-16 21:30:00,1,16819.0,16823.2
AG0,白银,上期所,30m,2026-06-24 21:30:00,2026-06-24 14:15:00,3,14172.0,14879.55
AG0,白银,上期所,30m,2026-06-25 22:00:00,2026-06-25 21:30:00,1,13905.0,14031.25
AG0,白银,上期所,30m,2026-06-29 15:00:00,2026-06-29 14:45:00,1,14272.0,14297.95
AG0,白银,上期所,30m,2026-07-07 09:30:00,2026-07-07 02:00:00,2,14851.0,15088.45
AG0,白银,上期所,30m,2026-07-13 09:30:00,2026-07-13 00:00:00,1,14348.0,14605.25
AG0,白银,上期所,30m,2026-07-15 11:15:00,2026-07-15 10:45:00,1,14283.0,14344.5
AG0,白银,上期所,30m,2026-07-16 09:30:00,2026-07-16 02:30:00,1,13882.0,14171.95
AG0,白银,上期所,60m,2026-03-17 14:45:00,2026-03-17 10:45:00,2,20403.0,20471.4
AG0,白银,上期所,60m,2026-03-24 00:00:00,2026-03-23 23:00:00,1,16784.0,17072.45
AG0,白银,上期所,60m,2026-03-24 09:30:00,2026-03-24 02:00:00,1,16620.0,16902.2
AG0,白银,上期所,60m,2026-04-09 13:45:00,2026-04-09 10:45:00,1,18280.0,18323.0
AG0,白银,上期所,60m,2026-04-20 23:00:00,2026-04-20 22:00:00,1,19886.0,19918.6
AG0,白银,上期所,60m,2026-04-23 09:30:00,2026-04-23 02:00:00,1,19380.0,19460.55
AG0,白银,上期所,60m,2026-04-27 09:30:00,2026-04-25 02:00:00,3,18729.0,18837.45
AG0,白银,上期所,60m,2026-04-27 22:00:00,2026-04-27 14:45:00,2,18684.0,18789.45
AG0,白银,上期所,60m,2026-04-30 10:45:00,2026-04-30 09:30:00,1,17888.0,17944.95
AG0,白银,上期所,60m,2026-05-11 13:45:00,2026-05-11 09:30:00,2,19759.0,19829.2
AG0,白银,上期所,60m,2026-05-19 10:45:00,2026-05-19 09:30:00,1,18685.0,18800.5
AG0,白银,上期所,60m,2026-05-27 10:45:00,2026-05-27 09:30:00,1,18699.0,18821.0
AG0,白银,上期所,60m,2026-06-02 10:45:00,2026-06-02 09:30:00,1,18123.0,18204.85
AG0,白银,上期所,60m,2026-06-04 23:00:00,2026-06-04 22:00:00,1,17834.0,17951.15
AG0,白银,上期所,60m,2026-06-05 09:30:00,2026-06-05 01:00:00,2,17643.0,17884.75
AG0,白银,上期所,60m,2026-06-09 22:00:00,2026-06-09 15:00:00,1,16381.0,16424.6
AG0,白银,上期所,60m,2026-06-16 23:00:00,2026-06-16 22:00:00,1,16736.0,16772.55
AG0,白银,上期所,60m,2026-06-29 22:00:00,2026-06-29 14:45:00,2,14148.0,14187.75
AG0,白银,上期所,60m,2026-07-15 23:00:00,2026-07-15 15:00:00,2,14225.0,14245.6
AG0,白银,上期所,60m,2026-07-20 00:00:00,2026-07-18 09:30:00,1,13671.0,13671.85
AG0,白银,上期所,90m,2026-01-08 11:15:00,2026-01-08 01:30:00,2,19025.0,19205.2
AG0,白银,上期所,90m,2026-02-12 15:00:00,2026-02-12 11:15:00,2,20626.0,20649.8
AG0,白银,上期所,90m,2026-02-13 01:30:00,2026-02-12 22:30:00,2,19644.0,20595.65
AG0,白银,上期所,90m,2026-03-03 11:15:00,2026-03-03 09:30:00,1,22883.0,23246.6
AG0,白银,上期所,90m,2026-03-06 22:30:00,2026-03-06 11:15:00,3,21280.0,21342.1
AG0,白银,上期所,90m,2026-03-09 09:30:00,2026-03-07 01:30:00,3,20589.0,21355.2
AG0,白银,上期所,90m,2026-03-30 09:30:00,2026-03-28 09:30:00,2,17331.0,17567.25
AG0,白银,上期所,90m,2026-05-27 11:15:00,2026-05-27 09:30:00,1,18740.0,18808.9
AG0,白银,上期所,90m,2026-06-02 11:15:00,2026-06-02 09:30:00,1,18178.0,18228.55
AG0,白银,上期所,90m,2026-07-28 01:30:00,2026-07-28 00:00:00,1,14345.0,14351.95
AG0,白银,上期所,90m,2026-07-29 22:30:00,2026-07-29 15:00:00,1,14020.0,14241.8
AG0,白银,上期所,90m,2026-07-30 11:15:00,2026-07-30 01:30:00,2,14150.0,14170.2
AG0,白银,上期所,daily,2026-03-03,2026-03-02,1,21645.0,23236.3
AG0,白银,上期所,daily,2026-03-13,2026-03-10,3,20923.0,21617.85
AG0,白银,上期所,daily,2026-04-09,2026-04-08,1,18225.0,18504.35
AG0,白银,上期所,daily,2026-04-28,2026-04-27,1,18068.0,18814.7
AG0,白银,上期所,daily,2026-07-24,2026-07-21,3,14154.0,14402.45
AG0,白银,上期所,daily,2026-07-28,2026-07-27,1,14088.0,14400.65
AL0,沪铝,上期所,120m,2026-01-22 11:15:00,2026-01-21 15:00:00,3,24005.0,24017.75
AL0,沪铝,上期所,120m,2026-01-22 23:00:00,2026-01-22 15:00:00,1,23990.0,23998.5
AL0,沪铝,上期所,120m,2026-02-09 15:00:00,2026-02-09 11:15:00,1,23540.0,23610.75
AL0,沪铝,上期所,120m,2026-02-10 11:15:00,2026-02-09 23:00:00,2,23615.0,23624.5
AL0,沪铝,上期所,120m,2026-02-24 23:00:00,2026-02-24 11:15:00,2,23575.0,23617.75
AL0,沪铝,上期所,120m,2026-04-08 23:00:00,2026-04-08 11:15:00,2,24660.0,24738.75
AL0,沪铝,上期所,120m,2026-04-27 15:00:00,2026-04-27 11:15:00,1,24855.0,24966.75
AL0,沪铝,上期所,120m,2026-05-06 23:00:00,2026-05-06 11:15:00,2,24525.0,24648.75
AL0,沪铝,上期所,120m,2026-05-20 11:15:00,2026-05-20 01:00:00,1,24425.0,24464.5
AL0,沪铝,上期所,120m,2026-05-25 11:15:00,2026-05-23 01:00:00,2,24445.0,24456.25
AL0,沪铝,上期所,120m,2026-05-25 23:00:00,2026-05-25 15:00:00,1,24325.0,24462.25
AL0,沪铝,上期所,120m,2026-07-27 01:00:00,2026-07-24 15:00:00,3,23185.0,23193.25
AL0,沪铝,上期所,120m,2026-07-27 15:00:00,2026-07-27 11:15:00,1,23195.0,23212.0
AL0,沪铝,上期所,120m,2026-07-28 15:00:00,2026-07-27 23:00:00,3,23220.0,23238.25
AL0,沪铝,上期所,30m,2026-05-07 22:30:00,2026-05-07 22:00:00,1,24430.0,24432.0
AL0,沪铝,上期所,30m,2026-05-07 23:30:00,2026-05-07 23:00:00,1,24410.0,24410.25
AL0,沪铝,上期所,30m,2026-05-08 10:00:00,2026-05-08 01:00:00,2,24380.0,24381.75
AL0,沪铝,上期所,30m,2026-05-22 11:15:00,2026-05-22 09:30:00,3,24495.0,24504.0
AL0,沪铝,上期所,30m,2026-05-25 10:00:00,2026-05-25 09:30:00,1,24475.0,24483.75
AL0,沪铝,上期所,30m,2026-05-25 11:15:00,2026-05-25 10:45:00,1,24445.0,24486.0
AL0,沪铝,上期所,30m,2026-05-25 21:30:00,2026-05-25 15:00:00,1,24245.0,24447.5
AL0,沪铝,上期所,30m,2026-06-05 11:15:00,2026-06-05 10:45:00,1,24290.0,24329.0
AL0,沪铝,上期所,30m,2026-06-09 21:30:00,2026-06-09 14:45:00,2,24060.0,24083.25
AL0,沪铝,上期所,30m,2026-06-18 09:30:00,2026-06-18 00:00:00,3,23865.0,23900.5
AL0,沪铝,上期所,30m,2026-06-24 14:45:00,2026-06-24 14:15:00,1,23465.0,23481.5
AL0,沪铝,上期所,30m,2026-07-01 23:00:00,2026-07-01 22:00:00,2,22475.0,22499.75
AL0,沪铝,上期所,30m,2026-07-02 23:00:00,2026-07-02 21:30:00,3,22480.0,22482.25
AL0,沪铝,上期所,30m,2026-07-07 13:45:00,2026-07-07 10:00:00,3,22890.0,22893.5
AL0,沪铝,上期所,30m,2026-07-10 23:00:00,2026-07-10 22:30:00,1,23045.0,23074.5
AL0,沪铝,上期所,30m,2026-07-17 13:45:00,2026-07-17 11:15:00,1,23205.0,23237.0
AL0,沪铝,上期所,30m,2026-07-21 10:00:00,2026-07-21 09:30:00,1,23095.0,23101.0
AL0,沪铝,上期所,30m,2026-07-27 10:45:00,2026-07-27 10:00:00,1,23180.0,23190.0
AL0,沪铝,上期所,30m,2026-07-28 14:45:00,2026-07-28 11:15:00,3,23225.0,23229.0
AL0,沪铝,上期所,30m,2026-07-31 22:00:00,2026-07-31 21:30:00,1,23635.0,23661.0
AL0,沪铝,上期所,60m,2026-01-27 23:00:00,2026-01-27 15:00:00,2,24235.0,24291.0
AL0,沪铝,上期所,60m,2026-02-25 01:00:00,2026-02-25 00:00:00,1,23550.0,23580.25
AL0,沪铝,上期所,60m,2026-02-27 10:00:00,2026-02-27 00:00:00,2,23695.0,23771.5
AL0,沪铝,上期所,60m,2026-02-27 22:00:00,2026-02-27 15:00:00,1,23750.0,23804.25
AL0,沪铝,上期所,60m,2026-03-10 01:00:00,2026-03-10 00:00:00,1,24910.0,24920.5
AL0,沪铝,上期所,60m,2026-03-17 11:15:00,2026-03-17 10:00:00,1,25065.0,25124.0
AL0,沪铝,上期所,60m,2026-04-07 11:15:00,2026-04-07 10:00:00,1,24550.0,24753.75
AL0,沪铝,上期所,60m,2026-04-09 10:00:00,2026-04-09 01:00:00,1,24435.0,24646.0
AL0,沪铝,上期所,60m,2026-04-24 00:00:00,2026-04-23 23:00:00,1,25000.0,25013.25
AL0,沪铝,上期所,60m,2026-04-27 15:00:00,2026-04-27 10:00:00,3,24855.0,24947.75
AL0,沪铝,上期所,60m,2026-05-08 15:00:00,2026-05-08 14:15:00,1,24445.0,24472.75
AL0,沪铝,上期所,60m,2026-05-22 11:15:00,2026-05-22 10:00:00,1,24495.0,24497.0
AL0,沪铝,上期所,60m,2026-05-22 22:00:00,2026-05-22 14:15:00,2,24425.0,24497.75
AL0,沪铝,上期所,60m,2026-06-01 11:15:00,2026-06-01 10:00:00,1,24305.0,24306.5
AL0,沪铝,上期所,60m,2026-07-02 14:15:00,2026-07-02 10:00:00,2,22390.0,22489.25
AL0,沪铝,上期所,60m,2026-07-02 23:00:00,2026-07-02 22:00:00,1,22480.0,22484.5
AL0,沪铝,上期所,60m,2026-07-09 10:00:00,2026-07-09 01:00:00,1,22955.0,23008.25
AL0,沪铝,上期所,60m,2026-07-11 01:00:00,2026-07-10 23:00:00,1,23030.0,23041.0
AL0,沪铝,上期所,60m,2026-07-17 15:00:00,2026-07-17 11:15:00,2,23190.0,23211.25
AL0,沪铝,上期所,60m,2026-07-28 22:00:00,2026-07-28 11:15:00,3,23160.0,23213.75
AL0,沪铝,上期所,90m,2026-01-20 11:15:00,2026-01-20 00:00:00,2,23850.0,24120.75
AL0,沪铝,上期所,90m,2026-01-23 00:00:00,2026-01-22 14:45:00,3,23965.0,24005.5
AL0,沪铝,上期所,90m,2026-02-04 22:30:00,2026-02-04 14:45:00,2,23780.0,23822.5
AL0,沪铝,上期所,90m,2026-02-27 22:30:00,2026-02-27 14:45:00,2,23755.0,23766.25
AL0,沪铝,上期所,90m,2026-03-17 11:15:00,2026-03-17 09:30:00,1,25065.0,25162.0
AL0,沪铝,上期所,90m,2026-04-23 11:15:00,2026-04-22 22:30:00,3,24915.0,25061.25
AL0,沪铝,上期所,90m,2026-04-27 14:45:00,2026-04-27 11:15:00,1,24870.0,24972.0
AL0,沪铝,上期所,90m,2026-05-19 11:15:00,2026-05-19 09:30:00,1,24365.0,24423.25
AL0,沪铝,上期所,90m,2026-05-25 11:15:00,2026-05-25 09:30:00,1,24445.0,24489.25
AL0,沪铝,上期所,90m,2026-05-29 11:15:00,2026-05-29 09:30:00,1,24330.0,24419.75
AL0,沪铝,上期所,90m,2026-06-11 11:15:00,2026-06-11 09:30:00,1,24005.0,24021.25
AL0,沪铝,上期所,90m,2026-06-29 09:30:00,2026-06-27 09:30:00,2,23065.0,23070.25
AL0,沪铝,上期所,90m,2026-06-29 22:30:00,2026-06-29 14:45:00,2,22560.0,22962.5
AL0,沪铝,上期所,90m,2026-07-17 14:45:00,2026-07-17 11:15:00,1,23195.0,23229.5
AL0,沪铝,上期所,90m,2026-07-24 15:00:00,2026-07-24 14:45:00,1,23225.0,23233.75
AL0,沪铝,上期所,90m,2026-07-28 09:30:00,2026-07-27 22:30:00,2,23155.0,23232.75
AL0,沪铝,上期所,90m,2026-07-28 14:45:00,2026-07-28 11:15:00,1,23225.0,23227.0
AL0,沪铝,上期所,daily,2026-03-03,2026-03-02,1,23905.0,23947.0
AL0,沪铝,上期所,daily,2026-05-14,2026-05-13,1,24670.0,24833.75
AL0,沪铝,上期所,daily,2026-05-27,2026-05-26,1,24485.0,24537.5
AL0,沪铝,上期所,daily,2026-06-04,2026-06-02,2,24315.0,24485.25
AO0,氧化铝,上期所,120m,2026-01-09 23:00:00,2026-01-09 15:00:00,1,2836.0,2840.2
AO0,氧化铝,上期所,120m,2026-01-12 23:00:00,2026-01-12 15:00:00,1,2815.0,2854.5
AO0,氧化铝,上期所,120m,2026-02-03 11:15:00,2026-02-02 23:00:00,2,2780.0,2797.95
AO0,氧化铝,上期所,120m,2026-02-11 23:00:00,2026-02-11 11:15:00,2,2824.0,2824.65
AO0,氧化铝,上期所,120m,2026-02-13 01:00:00,2026-02-12 23:00:00,1,2811.0,2825.0
AO0,氧化铝,上期所,120m,2026-02-24 15:00:00,2026-02-13 11:15:00,3,2829.0,2835.15
AO0,氧化铝,上期所,120m,2026-03-10 23:00:00,2026-03-10 15:00:00,1,2831.0,2832.2
AO0,氧化铝,上期所,120m,2026-05-07 11:15:00,2026-05-06 15:00:00,3,2852.0,2870.2
AO0,氧化铝,上期所,120m,2026-05-08 11:15:00,2026-05-07 23:00:00,2,2833.0,2863.15
AO0,氧化铝,上期所,120m,2026-06-17 11:15:00,2026-06-16 15:00:00,3,2886.0,2910.7
AO0,氧化铝,上期所,120m,2026-06-18 11:15:00,2026-06-17 15:00:00,3,2900.0,2915.0
AO0,氧化铝,上期所,120m,2026-06-22 23:00:00,2026-06-22 15:00:00,1,2860.0,2908.6
AO0,氧化铝,上期所,120m,2026-07-23 23:00:00,2026-07-23 11:15:00,2,2692.0,2709.75
AO0,氧化铝,上期所,120m,2026-07-27 11:15:00,2026-07-24 23:00:00,3,2702.0,2714.2
AO0,氧化铝,上期所,30m,2026-05-07 14:15:00,2026-05-07 13:45:00,1,2866.0,2866.6
AO0,氧化铝,上期所,30m,2026-05-07 23:30:00,2026-05-07 23:00:00,1,2867.0,2868.6
AO0,氧化铝,上期所,30m,2026-05-11 11:15:00,2026-05-11 10:45:00,1,2825.0,2825.3
AO0,氧化铝,上期所,30m,2026-05-14 09:30:00,2026-05-14 00:30:00,2,2785.0,2792.15
AO0,氧化铝,上期所,30m,2026-05-14 11:15:00,2026-05-14 10:00:00,2,2792.0,2796.3
AO0,氧化铝,上期所,30m,2026-05-14 14:15:00,2026-05-14 13:45:00,1,2794.0,2797.5
AO0,氧化铝,上期所,30m,2026-05-15 00:30:00,2026-05-14 23:00:00,3,2794.0,2795.45
AO0,氧化铝,上期所,30m,2026-05-20 14:45:00,2026-05-20 14:15:00,1,2712.0,2717.05
AO0,氧化铝,上期所,30m,2026-05-20 22:30:00,2026-05-20 21:30:00,2,2716.0,2716.9
AO0,氧化铝,上期所,30m,2026-05-20 23:30:00,2026-05-20 23:00:00,1,2717.0,2717.1
AO0,氧化铝,上期所,30m,2026-05-21 00:30:00,2026-05-21 00:00:00,1,2717.0,2717.75
AO0,氧化铝,上期所,30m,2026-05-27 13:45:00,2026-05-27 11:15:00,1,2845.0,2855.1
AO0,氧化铝,上期所,30m,2026-05-29 23:30:00,2026-05-29 23:00:00,1,2887.0,2888.95
AO0,氧化铝,上期所,30m,2026-06-01 13:45:00,2026-06-01 10:00:00,3,2886.0,2893.0
AO0,氧化铝,上期所,30m,2026-06-17 14:15:00,2026-06-17 13:45:00,1,2904.0,2904.8
AO0,氧化铝,上期所,30m,2026-06-22 10:45:00,2026-06-22 09:30:00,2,2895.0,2914.55
AO0,氧化铝,上期所,30m,2026-06-22 21:30:00,2026-06-22 14:45:00,2,2906.0,2909.9
AO0,氧化铝,上期所,30m,2026-06-30 23:00:00,2026-06-30 22:30:00,1,2788.0,2788.95
AO0,氧化铝,上期所,30m,2026-07-02 10:45:00,2026-07-02 09:30:00,2,2789.0,2791.15
AO0,氧化铝,上期所,30m,2026-07-06 10:45:00,2026-07-06 09:30:00,2,2717.0,2720.2
AO0,氧化铝,上期所,30m,2026-07-06 14:45:00,2026-07-06 13:45:00,2,2719.0,2719.3
AO0,氧化铝,上期所,30m,2026-07-06 21:30:00,2026-07-06 15:00:00,1,2708.0,2718.25
AO0,氧化铝,上期所,30m,2026-07-09 00:00:00,2026-07-08 22:30:00,3,2709.0,2710.7
AO0,氧化铝,上期所,30m,2026-07-09 21:30:00,2026-07-09 14:15:00,3,2708.0,2714.2
AO0,氧化铝,上期所,30m,2026-07-13 10:00:00,2026-07-13 09:30:00,1,2698.0,2711.65
AO0,氧化铝,上期所,30m,2026-07-14 09:30:00,2026-07-14 01:00:00,1,2687.0,2688.4
AO0,氧化铝,上期所,30m,2026-07-23 14:15:00,2026-07-23 11:15:00,2,2704.0,2705.8
AO0,氧化铝,上期所,30m,2026-07-23 21:30:00,2026-07-23 14:45:00,2,2694.0,2703.5
AO0,氧化铝,上期所,30m,2026-07-24 10:00:00,2026-07-24 09:30:00,1,2696.0,2696.1
AO0,氧化铝,上期所,30m,2026-07-31 10:00:00,2026-07-31 09:30:00,1,2637.0,2640.2
AO0,氧化铝,上期所,30m,2026-07-31 22:00:00,2026-07-31 21:30:00,1,2630.0,2635.05
AO0,氧化铝,上期所,60m,2026-02-02 10:00:00,2026-01-30 23:00:00,3,2781.0,2803.9
AO0,氧化铝,上期所,60m,2026-02-11 22:00:00,2026-02-11 11:15:00,3,2825.0,2840.4
AO0,氧化铝,上期所,60m,2026-02-13 01:00:00,2026-02-12 22:00:00,3,2811.0,2821.05
AO0,氧化铝,上期所,60m,2026-03-04 22:00:00,2026-03-04 15:00:00,1,2764.0,2782.6
AO0,氧化铝,上期所,60m,2026-03-28 01:00:00,2026-03-27 23:00:00,1,2914.0,2926.05
AO0,氧化铝,上期所,60m,2026-04-13 15:00:00,2026-04-13 14:15:00,1,2641.0,2643.45
AO0,氧化铝,上期所,60m,2026-04-14 10:00:00,2026-04-13 23:00:00,3,2636.0,2638.85
AO0,氧化铝,上期所,60m,2026-04-28 22:00:00,2026-04-28 14:15:00,2,2848.0,2872.95
AO0,氧化铝,上期所,60m,2026-05-12 00:00:00,2026-05-11 23:00:00,1,2830.0,2836.75
AO0,氧化铝,上期所,60m,2026-05-14 11:15:00,2026-05-14 10:00:00,1,2792.0,2797.15
AO0,氧化铝,上期所,60m,2026-05-15 01:00:00,2026-05-14 23:00:00,2,2792.0,2793.3
AO0,氧化铝,上期所,60m,2026-05-21 14:15:00,2026-05-21 10:00:00,2,2711.0,2717.5
AO0,氧化铝,上期所,60m,2026-05-22 22:00:00,2026-05-22 11:15:00,3,2699.0,2713.35
AO0,氧化铝,上期所,60m,2026-06-16 15:00:00,2026-06-16 14:15:00,1,2907.0,2914.75
AO0,氧化铝,上期所,60m,2026-06-17 10:00:00,2026-06-17 01:00:00,1,2886.0,2909.3
AO0,氧化铝,上期所,60m,2026-06-22 11:15:00,2026-06-22 10:00:00,1,2895.0,2908.35
AO0,氧化铝,上期所,60m,2026-06-22 22:00:00,2026-06-22 15:00:00,1,2904.0,2907.65
AO0,氧化铝,上期所,60m,2026-06-24 22:00:00,2026-06-24 11:15:00,3,2846.0,2867.3
AO0,氧化铝,上期所,60m,2026-06-29 10:00:00,2026-06-27 01:00:00,2,2816.0,2817.35
AO0,氧化铝,上期所,60m,2026-06-29 22:00:00,2026-06-29 11:15:00,3,2806.0,2814.55
AO0,氧化铝,上期所,60m,2026-07-09 00:00:00,2026-07-08 23:00:00,1,2709.0,2709.85
AO0,氧化铝,上期所,60m,2026-07-22 14:15:00,2026-07-22 11:15:00,1,2722.0,2723.0
AO0,氧化铝,上期所,60m,2026-07-24 14:15:00,2026-07-24 11:15:00,1,2702.0,2704.55
AO0,氧化铝,上期所,90m,2026-01-12 22:30:00,2026-01-12 14:45:00,2,2808.0,2845.55
AO0,氧化铝,上期所,90m,2026-02-02 09:30:00,2026-01-30 22:30:00,3,2776.0,2801.75
AO0,氧化铝,上期所,90m,2026-02-03 11:15:00,2026-02-02 22:30:00,3,2780.0,2796.25
AO0,氧化铝,上期所,90m,2026-02-11 22:30:00,2026-02-11 11:15:00,3,2826.0,2830.0
AO0,氧化铝,上期所,90m,2026-03-30 11:15:00,2026-03-30 09:30:00,1,2925.0,2930.6
AO0,氧化铝,上期所,90m,2026-03-30 22:30:00,2026-03-30 14:45:00,2,2895.0,2924.6
AO0,氧化铝,上期所,90m,2026-04-24 09:30:00,2026-04-23 22:30:00,2,2830.0,2832.45
AO0,氧化铝,上期所,90m,2026-04-30 09:30:00,2026-04-30 00:00:00,1,2865.0,2874.35
AO0,氧化铝,上期所,90m,2026-05-12 11:15:00,2026-05-12 09:30:00,1,2784.0,2834.8
AO0,氧化铝,上期所,90m,2026-05-15 09:30:00,2026-05-15 00:00:00,1,2782.0,2794.35
AO0,氧化铝,上期所,90m,2026-05-21 11:15:00,2026-05-21 09:30:00,1,2720.0,2724.2
AO0,氧化铝,上期所,90m,2026-05-22 22:30:00,2026-05-22 11:15:00,3,2696.0,2714.5
AO0,氧化铝,上期所,90m,2026-06-22 11:15:00,2026-06-22 09:30:00,1,2895.0,2904.55
AO0,氧化铝,上期所,90m,2026-06-22 22:30:00,2026-06-22 14:45:00,2,2862.0,2906.95
AO0,氧化铝,上期所,90m,2026-06-29 22:30:00,2026-06-29 14:45:00,2,2805.0,2817.95
AO0,氧化铝,上期所,90m,2026-07-08 22:30:00,2026-07-08 11:15:00,3,2712.0,2713.45
AO0,氧化铝,上期所,90m,2026-07-09 11:15:00,2026-07-09 09:30:00,1,2710.0,2712.55
AO0,氧化铝,上期所,daily,2026-01-30,2026-01-28,2,2768.0,2779.8
AO0,氧化铝,上期所,daily,2026-06-25,2026-06-24,1,2822.0,2863.2
AP0,苹果,郑商所,120m,2026-05-11 15:00:00,2026-05-11 11:15:00,1,7580.0,7626.9
AP0,苹果,郑商所,120m,2026-05-13 11:15:00,2026-05-12 11:15:00,2,7609.0,7622.3
AP0,苹果,郑商所,120m,2026-05-25 15:00:00,2026-05-22 15:00:00,2,7526.0,7531.6
AP0,苹果,郑商所,120m,2026-06-01 11:15:00,2026-05-29 15:00:00,1,7483.0,7500.65
AP0,苹果,郑商所,120m,2026-06-24 11:15:00,2026-06-23 15:00:00,1,7540.0,7554.85
AP0,苹果,郑商所,120m,2026-07-13 11:15:00,2026-07-10 11:15:00,2,7588.0,7683.5
AP0,苹果,郑商所,30m,2026-01-27 10:45:00,2026-01-27 09:30:00,2,9476.0,9478.05
AP0,苹果,郑商所,30m,2026-01-27 13:45:00,2026-01-27 11:15:00,1,9472.0,9477.5
AP0,苹果,郑商所,30m,2026-02-03 10:45:00,2026-02-03 09:30:00,2,9440.0,9480.8
AP0,苹果,郑商所,30m,2026-03-11 10:45:00,2026-03-11 09:30:00,2,10291.0,10329.35
AP0,苹果,郑商所,30m,2026-03-11 13:45:00,2026-03-11 11:15:00,1,10271.0,10326.05
AP0,苹果,郑商所,30m,2026-03-23 10:45:00,2026-03-23 10:00:00,1,10421.0,10521.4
AP0,苹果,郑商所,30m,2026-03-27 10:00:00,2026-03-27 09:30:00,1,9964.0,9972.6
AP0,苹果,郑商所,30m,2026-03-27 13:45:00,2026-03-27 10:45:00,2,9934.0,9962.6
AP0,苹果,郑商所,30m,2026-03-27 14:45:00,2026-03-27 14:15:00,1,9959.0,9964.2
AP0,苹果,郑商所,30m,2026-03-30 09:30:00,2026-03-27 15:00:00,1,9916.0,9961.15
AP0,苹果,郑商所,30m,2026-04-02 14:15:00,2026-04-02 10:45:00,3,9829.0,9846.55
AP0,苹果,郑商所,30m,2026-04-03 10:00:00,2026-04-03 09:30:00,1,9864.0,9864.1
AP0,苹果,郑商所,30m,2026-04-14 15:00:00,2026-04-14 14:45:00,1,8108.0,8110.35
AP0,苹果,郑商所,30m,2026-04-27 13:45:00,2026-04-27 10:45:00,2,7676.0,7685.35
AP0,苹果,郑商所,30m,2026-04-27 15:00:00,2026-04-27 14:45:00,1,7672.0,7682.8
AP0,苹果,郑商所,30m,2026-05-14 13:45:00,2026-05-14 11:15:00,1,7602.0,7636.2
AP0,苹果,郑商所,30m,2026-05-15 10:00:00,2026-05-14 15:00:00,2,7625.0,7630.0
AP0,苹果,郑商所,30m,2026-06-17 14:15:00,2026-06-17 10:45:00,3,7610.0,7612.65
AP0,苹果,郑商所,30m,2026-07-01 09:30:00,2026-06-30 14:15:00,3,7666.0,7679.4
AP0,苹果,郑商所,30m,2026-07-01 11:15:00,2026-07-01 10:00:00,2,7672.0,7682.2
AP0,苹果,郑商所,30m,2026-07-01 14:15:00,2026-07-01 13:45:00,1,7660.0,7681.65
AP0,苹果,郑商所,30m,2026-07-09 11:15:00,2026-07-09 10:45:00,1,7650.0,7667.45
AP0,苹果,郑商所,30m,2026-07-16 14:15:00,2026-07-16 13:45:00,1,7523.0,7532.15
AP0,苹果,郑商所,30m,2026-07-28 10:00:00,2026-07-27 14:45:00,3,7691.0,7704.2
AP0,苹果,郑商所,30m,2026-07-29 13:45:00,2026-07-29 10:45:00,2,7689.0,7692.5
AP0,苹果,郑商所,30m,2026-07-30 09:30:00,2026-07-29 14:15:00,3,7690.0,7693.65
AP0,苹果,郑商所,30m,2026-07-30 11:15:00,2026-07-30 10:00:00,2,7690.0,7693.45
AP0,苹果,郑商所,60m,2026-01-26 14:15:00,2026-01-26 11:15:00,1,9429.0,9436.5
AP0,苹果,郑商所,60m,2026-02-02 10:00:00,2026-01-30 14:15:00,2,9478.0,9521.5
AP0,苹果,郑商所,60m,2026-03-11 11:15:00,2026-03-11 10:00:00,1,10373.0,10411.1
AP0,苹果,郑商所,60m,2026-04-01 11:15:00,2026-04-01 10:00:00,1,9884.0,9907.05
AP0,苹果,郑商所,60m,2026-04-07 10:00:00,2026-04-03 11:15:00,3,9537.0,9834.85
AP0,苹果,郑商所,60m,2026-04-30 14:15:00,2026-04-30 10:00:00,2,7639.0,7641.15
AP0,苹果,郑商所,60m,2026-05-07 14:15:00,2026-05-07 11:15:00,1,7595.0,7599.9
AP0,苹果,郑商所,60m,2026-05-14 14:15:00,2026-05-14 11:15:00,1,7617.0,7630.55
AP0,苹果,郑商所,60m,2026-05-15 10:00:00,2026-05-14 15:00:00,1,7625.0,7633.2
AP0,苹果,郑商所,60m,2026-05-15 14:15:00,2026-05-15 11:15:00,1,7627.0,7634.0
AP0,苹果,郑商所,60m,2026-05-18 10:00:00,2026-05-15 15:00:00,1,7478.0,7628.2
AP0,苹果,郑商所,60m,2026-05-28 14:15:00,2026-05-28 11:15:00,1,7546.0,7553.5
AP0,苹果,郑商所,60m,2026-06-24 10:00:00,2026-06-23 15:00:00,1,7530.0,7555.1
AP0,苹果,郑商所,60m,2026-07-06 15:00:00,2026-07-06 14:15:00,1,7686.0,7701.05
AP0,苹果,郑商所,60m,2026-07-07 14:15:00,2026-07-07 10:00:00,2,7704.0,7706.4
AP0,苹果,郑商所,90m,2026-01-26 10:45:00,2026-01-23 10:45:00,3,9401.0,9458.95
AP0,苹果,郑商所,90m,2026-02-03 15:00:00,2026-02-03 14:15:00,1,9485.0,9501.7
AP0,苹果,郑商所,90m,2026-04-01 14:15:00,2026-04-01 10:45:00,1,9881.0,9930.4
AP0,苹果,郑商所,90m,2026-04-03 15:00:00,2026-04-03 14:15:00,1,9880.0,9884.65
AP0,苹果,郑商所,90m,2026-05-07 14:15:00,2026-05-07 10:45:00,1,7595.0,7621.4
AP0,苹果,郑商所,90m,2026-05-18 10:45:00,2026-05-15 15:00:00,1,7463.0,7622.25
AP0,苹果,郑商所,90m,2026-07-06 15:00:00,2026-07-06 14:15:00,1,7686.0,7696.05
AP0,苹果,郑商所,90m,2026-07-08 10:45:00,2026-07-07 10:45:00,3,7672.0,7700.5
AP0,苹果,郑商所,90m,2026-07-09 14:15:00,2026-07-09 10:45:00,1,7647.0,7688.4
AP0,苹果,郑商所,90m,2026-07-13 10:45:00,2026-07-10 10:45:00,3,7614.0,7682.65
AP0,苹果,郑商所,daily,2026-01-26,2026-01-22,2,9466.0,9500.45
AP0,苹果,郑商所,daily,2026-01-30,2026-01-28,2,9518.0,9573.75
AP0,苹果,郑商所,daily,2026-02-06,2026-02-04,2,9535.0,9554.55
AP0,苹果,郑商所,daily,2026-05-28,2026-05-26,2,7513.0,7560.6
AP0,苹果,郑商所,daily,2026-06-24,2026-06-23,1,7515.0,7566.0
AP0,苹果,郑商所,daily,2026-07-13,2026-07-09,2,7564.0,7627.15
AU0,黄金,上期所,120m,2026-01-17 01:00:00,2026-01-16 23:00:00,1,1034.84,1036.951
AU0,黄金,上期所,120m,2026-02-06 09:30:00,2026-02-06 01:00:00,1,1058.42,1092.166
AU0,黄金,上期所,120m,2026-03-09 01:00:00,2026-03-07 09:30:00,1,1146.9,1147.828
AU0,黄金,上期所,120m,2026-03-12 23:00:00,2026-03-12 15:00:00,1,1147.76,1150.681
AU0,黄金,上期所,120m,2026-04-03 13:45:00,2026-04-02 23:00:00,3,1034.4,1035.497
AU0,黄金,上期所,120m,2026-04-17 15:00:00,2026-04-17 13:45:00,1,1054.02,1055.479
AU0,黄金,上期所,120m,2026-04-21 13:45:00,2026-04-21 09:30:00,1,1054.86,1058.715
AU0,黄金,上期所,120m,2026-04-27 09:30:00,2026-04-27 01:00:00,1,1036.24,1042.408
AU0,黄金,上期所,120m,2026-05-12 01:00:00,2026-05-11 23:00:00,1,1034.16,1034.726
AU0,黄金,上期所,120m,2026-05-12 13:45:00,2026-05-12 09:30:00,1,1033.84,1035.133
AU0,黄金,上期所,120m,2026-05-21 13:45:00,2026-05-21 01:00:00,2,996.78,997.421
AU0,黄金,上期所,120m,2026-05-22 15:00:00,2026-05-22 13:45:00,1,995.76,996.35
AU0,黄金,上期所,120m,2026-05-29 09:30:00,2026-05-29 01:00:00,1,986.28,986.474
AU0,黄金,上期所,120m,2026-06-02 23:00:00,2026-06-02 13:45:00,2,984.06,984.889
AU0,黄金,上期所,120m,2026-07-08 01:00:00,2026-07-07 23:00:00,1,906.88,907.204
AU0,黄金,上期所,120m,2026-07-10 09:30:00,2026-07-09 23:00:00,2,900.9,901.231
AU0,黄金,上期所,120m,2026-07-15 01:00:00,2026-07-14 23:00:00,1,886.68,890.856
AU0,黄金,上期所,120m,2026-07-20 09:30:00,2026-07-18 09:30:00,2,876.5,879.686
AU0,黄金,上期所,120m,2026-07-27 13:45:00,2026-07-27 09:30:00,1,894.14,895.364
AU0,黄金,上期所,120m,2026-07-27 23:00:00,2026-07-27 15:00:00,1,891.02,895.089
AU0,黄金,上期所,120m,2026-07-30 13:45:00,2026-07-30 09:30:00,1,880.84,886.778
AU0,黄金,上期所,30m,2026-05-19 15:00:00,2026-05-19 14:45:00,1,1002.18,1002.438
AU0,黄金,上期所,30m,2026-05-22 14:15:00,2026-05-22 13:45:00,1,994.88,995.394
AU0,黄金,上期所,30m,2026-05-22 21:30:00,2026-05-22 15:00:00,1,994.2,995.171
AU0,黄金,上期所,30m,2026-05-23 01:00:00,2026-05-23 00:30:00,1,993.16,995.144
AU0,黄金,上期所,30m,2026-05-23 02:00:00,2026-05-23 01:30:00,1,994.3,995.165
AU0,黄金,上期所,30m,2026-07-06 11:15:00,2026-07-06 09:30:00,3,910.76,911.287
AU0,黄金,上期所,30m,2026-07-07 09:30:00,2026-07-07 02:00:00,2,903.62,908.624
AU0,黄金,上期所,30m,2026-07-10 13:45:00,2026-07-10 10:45:00,2,898.74,900.928
AU0,黄金,上期所,30m,2026-07-13 09:30:00,2026-07-13 00:00:00,1,891.24,897.081
AU0,黄金,上期所,30m,2026-07-15 23:30:00,2026-07-15 22:00:00,3,883.2,884.05
AU0,黄金,上期所,30m,2026-07-16 09:30:00,2026-07-16 01:30:00,3,880.82,882.402
AU0,黄金,上期所,30m,2026-07-17 21:30:00,2026-07-17 14:15:00,3,869.96,874.339
AU0,黄金,上期所,30m,2026-07-21 01:00:00,2026-07-20 23:30:00,3,878.02,878.127
AU0,黄金,上期所,30m,2026-07-21 02:00:00,2026-07-21 01:30:00,1,876.8,877.991
AU0,黄金,上期所,30m,2026-07-28 01:00:00,2026-07-28 00:30:00,1,892.12,892.916
AU0,黄金,上期所,30m,2026-07-29 11:15:00,2026-07-29 10:45:00,1,881.5,882.726
AU0,黄金,上期所,60m,2026-04-09 13:45:00,2026-04-09 10:45:00,1,1043.8,1046.184
AU0,黄金,上期所,60m,2026-04-10 14:45:00,2026-04-10 13:45:00,1,1049.18,1050.171
AU0,黄金,上期所,60m,2026-04-20 23:00:00,2026-04-20 22:00:00,1,1056.56,1058.858
AU0,黄金,上期所,60m,2026-04-27 13:45:00,2026-04-27 10:45:00,1,1039.16,1039.49
AU0,黄金,上期所,60m,2026-04-27 22:00:00,2026-04-27 15:00:00,1,1035.2,1038.858
AU0,黄金,上期所,60m,2026-04-30 10:45:00,2026-04-30 09:30:00,1,1008.86,1011.778
AU0,黄金,上期所,60m,2026-05-12 01:00:00,2026-05-11 22:00:00,3,1034.16,1034.38
AU0,黄金,上期所,60m,2026-05-12 13:45:00,2026-05-12 02:00:00,3,1033.84,1034.182
AU0,黄金,上期所,60m,2026-05-13 10:45:00,2026-05-13 09:30:00,1,1028.96,1030.812
AU0,黄金,上期所,60m,2026-05-13 15:00:00,2026-05-13 14:45:00,1,1030.56,1031.598
AU0,黄金,上期所,60m,2026-05-14 22:00:00,2026-05-14 13:45:00,3,1024.66,1027.996
AU0,黄金,上期所,60m,2026-05-18 23:00:00,2026-05-18 22:00:00,1,1001.78,1004.552
AU0,黄金,上期所,60m,2026-05-19 22:00:00,2026-05-19 14:45:00,2,993.7,1000.738
AU0,黄金,上期所,60m,2026-06-02 22:00:00,2026-06-02 13:45:00,3,983.86,985.846
AU0,黄金,上期所,60m,2026-06-04 14:45:00,2026-06-04 13:45:00,1,977.96,978.58
AU0,黄金,上期所,60m,2026-06-04 23:00:00,2026-06-04 22:00:00,1,977.2,977.594
AU0,黄金,上期所,60m,2026-06-05 09:30:00,2026-06-05 00:00:00,3,975.98,977.246
AU0,黄金,上期所,60m,2026-06-09 14:45:00,2026-06-09 13:45:00,1,948.72,949.331
AU0,黄金,上期所,60m,2026-06-26 09:30:00,2026-06-26 00:00:00,3,880.94,881.29
AU0,黄金,上期所,60m,2026-07-01 09:30:00,2026-07-01 02:00:00,1,871.8,880.423
AU0,黄金,上期所,60m,2026-07-08 00:00:00,2026-07-07 22:00:00,2,905.24,907.608
AU0,黄金,上期所,60m,2026-07-16 01:00:00,2026-07-15 22:00:00,3,880.02,882.349
AU0,黄金,上期所,60m,2026-07-16 09:30:00,2026-07-16 02:00:00,1,880.82,883.328
AU0,黄金,上期所,60m,2026-07-30 13:45:00,2026-07-30 02:00:00,3,880.84,882.952
AU0,黄金,上期所,90m,2026-01-08 11:15:00,2026-01-08 01:30:00,2,999.62,1002.547
AU0,黄金,上期所,90m,2026-01-09 09:30:00,2026-01-09 01:30:00,1,1001.8,1002.426
AU0,黄金,上期所,90m,2026-01-15 22:30:00,2026-01-15 14:45:00,2,1036.16,1036.889
AU0,黄金,上期所,90m,2026-01-16 09:30:00,2026-01-16 00:00:00,2,1036.68,1037.529
AU0,黄金,上期所,90m,2026-01-30 11:15:00,2026-01-30 01:30:00,2,1168.36,1193.176
AU0,黄金,上期所,90m,2026-02-05 22:30:00,2026-02-05 14:45:00,2,1088.28,1107.123
AU0,黄金,上期所,90m,2026-02-13 01:30:00,2026-02-13 00:00:00,1,1110.36,1125.776
AU0,黄金,上期所,90m,2026-02-27 15:00:00,2026-02-27 14:45:00,1,1147.9,1148.062
AU0,黄金,上期所,90m,2026-03-09 09:30:00,2026-03-07 09:30:00,2,1136.84,1146.042
AU0,黄金,上期所,90m,2026-03-30 09:30:00,2026-03-28 01:30:00,3,997.48,1002.69
AU0,黄金,上期所,90m,2026-04-03 00:00:00,2026-04-02 22:30:00,1,1037.42,1038.732
AU0,黄金,上期所,90m,2026-04-03 11:15:00,2026-04-03 09:30:00,1,1033.4,1040.818
AU0,黄金,上期所,90m,2026-04-11 01:30:00,2026-04-10 22:30:00,1,1050.58,1051.765
AU0,黄金,上期所,90m,2026-04-13 00:00:00,2026-04-11 09:30:00,1,1050.7,1051.05
AU0,黄金,上期所,90m,2026-04-17 01:30:00,2026-04-17 00:00:00,1,1053.8,1058.248
AU0,黄金,上期所,90m,2026-04-21 00:00:00,2026-04-20 22:30:00,1,1055.4,1058.584
AU0,黄金,上期所,90m,2026-04-21 11:15:00,2026-04-21 09:30:00,1,1055.54,1057.976
AU0,黄金,上期所,90m,2026-04-25 09:30:00,2026-04-24 22:30:00,2,1041.38,1041.81
AU0,黄金,上期所,90m,2026-04-27 09:30:00,2026-04-27 00:00:00,1,1036.24,1040.77
AU0,黄金,上期所,90m,2026-04-27 14:45:00,2026-04-27 11:15:00,1,1039.1,1039.823
AU0,黄金,上期所,90m,2026-05-12 01:30:00,2026-05-12 00:00:00,1,1034.66,1035.809
AU0,黄金,上期所,90m,2026-05-12 14:45:00,2026-05-12 09:30:00,2,1031.32,1034.736
AU0,黄金,上期所,90m,2026-05-13 15:00:00,2026-05-13 14:45:00,1,1030.56,1031.461
AU0,黄金,上期所,90m,2026-05-23 09:30:00,2026-05-23 01:30:00,1,993.62,994.19
AU0,黄金,上期所,90m,2026-06-02 22:30:00,2026-06-02 14:45:00,2,982.34,986.471
AU0,黄金,上期所,90m,2026-06-05 00:00:00,2026-06-04 22:30:00,1,979.6,979.727
AU0,黄金,上期所,90m,2026-07-01 00:00:00,2026-06-30 22:30:00,1,881.48,884.338
AU0,黄金,上期所,90m,2026-07-13 09:30:00,2026-07-13 00:00:00,1,891.24,896.622
AU0,黄金,上期所,90m,2026-07-15 01:30:00,2026-07-14 22:30:00,2,886.9,887.034
AU0,黄金,上期所,90m,2026-07-16 09:30:00,2026-07-15 22:30:00,3,880.82,881.751
AU0,黄金,上期所,90m,2026-07-20 09:30:00,2026-07-18 01:30:00,3,876.5,878.299
AU0,黄金,上期所,90m,2026-07-20 14:45:00,2026-07-20 11:15:00,1,876.8,877.934
AU0,黄金,上期所,90m,2026-07-30 14:45:00,2026-07-30 09:30:00,2,881.16,884.46
AU0,黄金,上期所,daily,2026-02-06,2026-02-03,3,1090.12,1095.482
AU0,黄金,上期所,daily,2026-04-09,2026-04-08,1,1041.32,1048.293
AU0,黄金,上期所,daily,2026-07-24,2026-07-21,3,883.8,890.552
AU0,黄金,上期所,daily,2026-07-28,2026-07-27,1,885.1,891.098
B0,豆二,大商所,120m,2026-03-18 11:15:00,2026-03-17 15:00:00,2,3816.0,3842.9
B0,豆二,大商所,120m,2026-04-17 11:15:00,2026-04-16 11:15:00,3,3609.0,3619.6
B0,豆二,大商所,120m,2026-04-28 11:15:00,2026-04-27 23:00:00,1,3626.0,3641.1
B0,豆二,大商所,120m,2026-04-28 23:00:00,2026-04-28 15:00:00,1,3642.0,3646.45
B0,豆二,大商所,120m,2026-06-04 11:15:00,2026-06-03 11:15:00,3,3527.0,3575.55
B0,豆二,大商所,120m,2026-07-17 11:15:00,2026-07-16 23:00:00,1,3787.0,3796.2
B0,豆二,大商所,30m,2026-03-31 22:00:00,2026-03-31 21:30:00,1,3724.0,3728.8
B0,豆二,大商所,30m,2026-04-01 09:30:00,2026-03-31 22:30:00,2,3721.0,3729.65
B0,豆二,大商所,30m,2026-04-02 14:15:00,2026-04-02 13:45:00,1,3691.0,3695.7
B0,豆二,大商所,30m,2026-04-02 22:30:00,2026-04-02 21:30:00,2,3676.0,3685.55
B0,豆二,大商所,30m,2026-04-07 22:30:00,2026-04-07 15:00:00,3,3671.0,3673.65
B0,豆二,大商所,30m,2026-04-15 14:15:00,2026-04-15 10:45:00,3,3602.0,3602.45
B0,豆二,大商所,30m,2026-04-20 10:45:00,2026-04-20 10:00:00,1,3607.0,3607.9
B0,豆二,大商所,30m,2026-04-27 14:45:00,2026-04-27 14:15:00,1,3627.0,3628.4
B0,豆二,大商所,30m,2026-04-27 22:00:00,2026-04-27 21:30:00,1,3622.0,3624.0
B0,豆二,大商所,30m,2026-05-06 11:15:00,2026-05-06 09:30:00,3,3659.0,3672.1
B0,豆二,大商所,30m,2026-05-13 15:00:00,2026-05-13 14:45:00,1,3649.0,3651.4
B0,豆二,大商所,30m,2026-05-14 14:45:00,2026-05-14 14:15:00,1,3622.0,3658.05
B0,豆二,大商所,30m,2026-05-26 11:15:00,2026-05-26 10:45:00,1,3558.0,3561.85
B0,豆二,大商所,30m,2026-05-28 09:30:00,2026-05-27 22:30:00,2,3555.0,3556.9
B0,豆二,大商所,30m,2026-05-29 22:00:00,2026-05-29 15:00:00,2,3572.0,3584.1
B0,豆二,大商所,30m,2026-06-04 09:30:00,2026-06-03 22:30:00,2,3542.0,3574.15
B0,豆二,大商所,30m,2026-06-12 13:45:00,2026-06-12 10:45:00,2,3497.0,3508.4
B0,豆二,大商所,30m,2026-06-12 21:30:00,2026-06-12 14:15:00,3,3501.0,3510.2
B0,豆二,大商所,30m,2026-06-12 22:30:00,2026-06-12 22:00:00,1,3506.0,3510.5
B0,豆二,大商所,30m,2026-06-15 10:45:00,2026-06-15 10:00:00,1,3500.0,3508.9
B0,豆二,大商所,30m,2026-06-16 10:00:00,2026-06-15 23:00:00,2,3496.0,3505.05
B0,豆二,大商所,30m,2026-06-16 13:45:00,2026-06-16 11:15:00,1,3495.0,3504.0
B0,豆二,大商所,30m,2026-06-25 09:30:00,2026-06-24 22:30:00,2,3655.0,3676.1
B0,豆二,大商所,30m,2026-06-29 15:00:00,2026-06-29 14:45:00,1,3719.0,3720.25
B0,豆二,大商所,30m,2026-07-02 22:30:00,2026-07-02 22:00:00,1,3702.0,3708.65
B0,豆二,大商所,30m,2026-07-14 10:00:00,2026-07-13 22:30:00,3,3790.0,3791.75
B0,豆二,大商所,30m,2026-07-14 22:30:00,2026-07-14 22:00:00,1,3787.0,3787.2
B0,豆二,大商所,30m,2026-07-16 14:15:00,2026-07-16 11:15:00,2,3800.0,3801.95
B0,豆二,大商所,30m,2026-07-16 23:00:00,2026-07-16 22:30:00,1,3799.0,3802.15
B0,豆二,大商所,30m,2026-07-21 22:30:00,2026-07-21 22:00:00,1,3841.0,3851.7
B0,豆二,大商所,30m,2026-07-22 10:45:00,2026-07-22 09:30:00,2,3845.0,3855.8
B0,豆二,大商所,30m,2026-07-27 09:30:00,2026-07-24 22:30:00,2,3868.0,3891.15
B0,豆二,大商所,30m,2026-07-29 14:45:00,2026-07-29 11:15:00,3,3794.0,3794.8
B0,豆二,大商所,30m,2026-07-29 21:30:00,2026-07-29 15:00:00,1,3791.0,3793.05
B0,豆二,大商所,30m,2026-07-31 15:00:00,2026-07-31 14:45:00,1,3766.0,3767.15
B0,豆二,大商所,30m,2026-07-31 22:00:00,2026-07-31 21:30:00,1,3768.0,3768.85
B0,豆二,大商所,60m,2026-01-19 11:15:00,2026-01-19 10:00:00,1,3450.0,3455.6
B0,豆二,大商所,60m,2026-02-10 15:00:00,2026-02-10 10:00:00,3,3468.0,3476.75
B0,豆二,大商所,60m,2026-03-19 11:15:00,2026-03-19 10:00:00,1,3837.0,3841.15
B0,豆二,大商所,60m,2026-03-20 15:00:00,2026-03-20 14:15:00,1,3813.0,3828.35
B0,豆二,大商所,60m,2026-03-27 10:00:00,2026-03-26 23:00:00,1,3730.0,3735.9
B0,豆二,大商所,60m,2026-03-31 10:00:00,2026-03-30 15:00:00,3,3721.0,3733.4
B0,豆二,大商所,60m,2026-04-01 10:00:00,2026-03-31 23:00:00,1,3727.0,3730.85
B0,豆二,大商所,60m,2026-04-07 23:00:00,2026-04-07 22:00:00,1,3669.0,3677.95
B0,豆二,大商所,60m,2026-04-10 10:00:00,2026-04-09 22:00:00,2,3637.0,3642.85
B0,豆二,大商所,60m,2026-04-13 14:15:00,2026-04-13 10:00:00,2,3627.0,3627.05
B0,豆二,大商所,60m,2026-04-15 22:00:00,2026-04-15 15:00:00,1,3612.0,3612.2
B0,豆二,大商所,60m,2026-04-28 10:00:00,2026-04-27 23:00:00,1,3639.0,3639.7
B0,豆二,大商所,60m,2026-04-28 22:00:00,2026-04-28 14:15:00,2,3634.0,3634.3
B0,豆二,大商所,60m,2026-05-28 10:00:00,2026-05-27 23:00:00,1,3550.0,3557.85
B0,豆二,大商所,60m,2026-06-03 22:00:00,2026-06-03 11:15:00,3,3573.0,3578.1
B0,豆二,大商所,60m,2026-06-04 10:00:00,2026-06-03 23:00:00,1,3546.0,3577.4
B0,豆二,大商所,60m,2026-06-15 15:00:00,2026-06-15 14:15:00,1,3506.0,3506.25
B0,豆二,大商所,60m,2026-06-16 10:00:00,2026-06-15 23:00:00,1,3496.0,3508.95
B0,豆二,大商所,60m,2026-06-16 14:15:00,2026-06-16 11:15:00,1,3500.0,3509.25
B0,豆二,大商所,60m,2026-07-10 10:00:00,2026-07-09 23:00:00,1,3785.0,3794.4
B0,豆二,大商所,60m,2026-07-10 14:15:00,2026-07-10 11:15:00,1,3780.0,3794.75
B0,豆二,大商所,60m,2026-07-13 11:15:00,2026-07-10 23:00:00,2,3788.0,3797.3
B0,豆二,大商所,60m,2026-07-14 10:00:00,2026-07-13 23:00:00,1,3790.0,3793.35
B0,豆二,大商所,60m,2026-07-22 15:00:00,2026-07-22 14:15:00,1,3834.0,3837.9
B0,豆二,大商所,90m,2026-01-06 13:45:00,2026-01-06 10:00:00,1,3480.0,3480.25
B0,豆二,大商所,90m,2026-01-21 10:00:00,2026-01-20 15:00:00,2,3438.0,3452.0
B0,豆二,大商所,90m,2026-02-09 15:00:00,2026-02-06 22:30:00,3,3471.0,3476.55
B0,豆二,大商所,90m,2026-02-10 15:00:00,2026-02-10 10:00:00,2,3468.0,3476.35
B0,豆二,大商所,90m,2026-03-31 10:00:00,2026-03-30 15:00:00,2,3721.0,3731.95
B0,豆二,大商所,90m,2026-04-01 10:00:00,2026-03-31 22:30:00,1,3727.0,3730.2
B0,豆二,大商所,90m,2026-04-20 15:00:00,2026-04-20 13:45:00,1,3608.0,3609.95
B0,豆二,大商所,90m,2026-06-04 10:00:00,2026-06-03 13:45:00,3,3546.0,3578.95
B0,豆二,大商所,90m,2026-07-14 10:00:00,2026-07-13 22:30:00,1,3790.0,3793.6
B0,豆二,大商所,daily,2026-04-23,2026-04-22,1,3660.0,3660.75
B0,豆二,大商所,daily,2026-05-14,2026-05-11,3,3619.0,3634.8
B0,豆二,大商所,daily,2026-05-21,2026-05-19,2,3603.0,3631.55
BB0,胶合板,大商所,120m,2026-02-11 11:15:00,2026-02-04 15:00:00,2,146.95,147.38
BB0,胶合板,大商所,30m,2026-04-20 14:15:00,2026-04-20 13:45:00,1,147.6,147.665
BB0,胶合板,大商所,30m,2026-05-11 09:30:00,2026-05-06 14:15:00,3,147.55,147.68
BB0,胶合板,大商所,30m,2026-05-27 10:45:00,2026-05-25 14:45:00,2,146.95,147.0425
BB0,胶合板,大商所,60m,2026-02-11 11:15:00,2026-02-04 15:00:00,3,146.95,147.12
BB0,胶合板,大商所,60m,2026-05-06 11:15:00,2026-04-21 14:15:00,2,147.6,147.6925
BB0,胶合板,大商所,60m,2026-05-11 10:00:00,2026-05-06 14:15:00,2,147.55,147.6775
BB0,胶合板,大商所,60m,2026-05-12 14:15:00,2026-05-11 14:15:00,3,147.5,147.695
BB0,胶合板,大商所,90m,2026-02-11 14:15:00,2026-02-04 15:00:00,2,146.95,147.385
BB0,胶合板,大商所,90m,2026-05-11 10:45:00,2026-05-06 14:15:00,2,147.55,147.7
BB0,胶合板,大商所,90m,2026-05-12 14:15:00,2026-05-11 14:15:00,3,147.5,147.6975
BB0,胶合板,大商所,daily,2026-02-11,2026-02-04,2,146.95,147.305
BC0,国际铜,能源中心,120m,2026-01-31 01:00:00,2026-01-30 23:00:00,1,91470.0,92404.0
BC0,国际铜,能源中心,120m,2026-02-10 11:15:00,2026-02-10 01:00:00,1,90320.0,90667.0
BC0,国际铜,能源中心,120m,2026-04-23 11:15:00,2026-04-22 15:00:00,3,90620.0,91120.5
BC0,国际铜,能源中心,120m,2026-04-24 11:15:00,2026-04-23 23:00:00,2,90680.0,91185.5
BC0,国际铜,能源中心,120m,2026-05-21 15:00:00,2026-05-21 01:00:00,2,92100.0,92688.0
BC0,国际铜,能源中心,120m,2026-05-29 23:00:00,2026-05-29 01:00:00,3,92790.0,93080.5
BC0,国际铜,能源中心,120m,2026-06-01 15:00:00,2026-06-01 11:15:00,1,92920.0,92932.0
BC0,国际铜,能源中心,120m,2026-06-05 11:15:00,2026-06-04 23:00:00,2,93470.0,93939.5
BC0,国际铜,能源中心,120m,2026-07-02 11:15:00,2026-07-01 23:00:00,2,90720.0,90763.5
BC0,国际铜,能源中心,120m,2026-07-03 01:00:00,2026-07-02 23:00:00,1,90780.0,90820.0
BC0,国际铜,能源中心,120m,2026-07-20 15:00:00,2026-07-20 11:15:00,1,92280.0,92495.0
BC0,国际铜,能源中心,30m,2026-04-30 11:15:00,2026-04-30 10:00:00,2,89660.0,89666.5
BC0,国际铜,能源中心,30m,2026-05-07 23:30:00,2026-05-07 23:00:00,1,91380.0,91431.0
BC0,国际铜,能源中心,30m,2026-05-19 21:30:00,2026-05-19 14:45:00,2,91860.0,92515.0
BC0,国际铜,能源中心,30m,2026-06-16 22:30:00,2026-06-16 21:30:00,2,93090.0,93108.0
BC0,国际铜,能源中心,30m,2026-06-22 22:30:00,2026-06-22 21:30:00,2,92900.0,92958.0
BC0,国际铜,能源中心,30m,2026-07-01 23:00:00,2026-07-01 22:30:00,1,90690.0,90770.5
BC0,国际铜,能源中心,30m,2026-07-02 13:45:00,2026-07-02 10:45:00,2,90290.0,90571.5
BC0,国际铜,能源中心,30m,2026-07-06 00:00:00,2026-07-04 00:30:00,2,91140.0,91199.0
BC0,国际铜,能源中心,30m,2026-07-06 23:00:00,2026-07-06 22:00:00,2,91300.0,91300.5
BC0,国际铜,能源中心,30m,2026-07-07 13:45:00,2026-07-07 10:00:00,3,91210.0,91377.5
BC0,国际铜,能源中心,30m,2026-07-08 09:30:00,2026-07-08 00:30:00,2,91210.0,91391.0
BC0,国际铜,能源中心,30m,2026-07-08 13:45:00,2026-07-08 11:15:00,1,91290.0,91373.0
BC0,国际铜,能源中心,30m,2026-07-16 14:45:00,2026-07-16 11:15:00,3,92630.0,92646.0
BC0,国际铜,能源中心,30m,2026-07-16 22:00:00,2026-07-16 15:00:00,2,92590.0,92631.5
BC0,国际铜,能源中心,30m,2026-07-17 00:30:00,2026-07-16 23:00:00,3,92600.0,92624.0
BC0,国际铜,能源中心,30m,2026-07-17 09:30:00,2026-07-17 01:00:00,1,92170.0,92598.0
BC0,国际铜,能源中心,30m,2026-07-23 00:00:00,2026-07-22 23:30:00,1,94780.0,94882.5
BC0,国际铜,能源中心,30m,2026-07-25 01:00:00,2026-07-24 23:00:00,3,93080.0,93253.5
BC0,国际铜,能源中心,30m,2026-07-29 01:00:00,2026-07-29 00:00:00,2,93290.0,93384.0
BC0,国际铜,能源中心,30m,2026-07-31 23:30:00,2026-07-31 23:00:00,1,93970.0,93978.0
BC0,国际铜,能源中心,60m,2026-01-27 22:00:00,2026-01-27 15:00:00,1,90780.0,90917.5
BC0,国际铜,能源中心,60m,2026-02-24 22:00:00,2026-02-24 11:15:00,3,90210.0,90287.0
BC0,国际铜,能源中心,60m,2026-03-05 14:15:00,2026-03-05 01:00:00,3,89140.0,90039.0
BC0,国际铜,能源中心,60m,2026-03-06 14:15:00,2026-03-06 11:15:00,1,89600.0,89845.5
BC0,国际铜,能源中心,60m,2026-03-12 00:00:00,2026-03-11 23:00:00,1,89620.0,89814.5
BC0,国际铜,能源中心,60m,2026-03-12 10:00:00,2026-03-12 01:00:00,1,89610.0,89919.5
BC0,国际铜,能源中心,60m,2026-03-16 23:00:00,2026-03-16 22:00:00,1,88540.0,88649.0
BC0,国际铜,能源中心,60m,2026-03-17 11:15:00,2026-03-17 00:00:00,3,88520.0,88522.0
BC0,国际铜,能源中心,60m,2026-03-27 22:00:00,2026-03-27 11:15:00,3,84340.0,84683.5
BC0,国际铜,能源中心,60m,2026-03-28 01:00:00,2026-03-27 23:00:00,1,84460.0,84698.5
BC0,国际铜,能源中心,60m,2026-03-30 22:00:00,2026-03-30 11:15:00,3,84360.0,84571.5
BC0,国际铜,能源中心,60m,2026-03-31 11:15:00,2026-03-31 10:00:00,1,84520.0,84581.0
BC0,国际铜,能源中心,60m,2026-04-03 00:00:00,2026-04-02 23:00:00,1,85250.0,85363.5
BC0,国际铜,能源中心,60m,2026-04-17 01:00:00,2026-04-17 00:00:00,1,90860.0,90914.0
BC0,国际铜,能源中心,60m,2026-04-17 14:15:00,2026-04-17 11:15:00,1,90860.0,90932.0
BC0,国际铜,能源中心,60m,2026-04-21 23:00:00,2026-04-21 22:00:00,1,90850.0,91098.5
BC0,国际铜,能源中心,60m,2026-04-23 22:00:00,2026-04-23 15:00:00,1,91090.0,91118.5
BC0,国际铜,能源中心,60m,2026-04-24 10:00:00,2026-04-23 23:00:00,3,90920.0,91226.0
BC0,国际铜,能源中心,60m,2026-04-25 01:00:00,2026-04-24 22:00:00,2,91250.0,91292.0
BC0,国际铜,能源中心,60m,2026-05-27 14:15:00,2026-05-27 11:15:00,1,92880.0,93335.0
BC0,国际铜,能源中心,60m,2026-06-04 00:00:00,2026-06-03 23:00:00,1,94040.0,94423.0
BC0,国际铜,能源中心,60m,2026-06-04 23:00:00,2026-06-04 22:00:00,1,94480.0,94485.5
BC0,国际铜,能源中心,60m,2026-06-05 10:00:00,2026-06-05 00:00:00,2,93610.0,94394.5
BC0,国际铜,能源中心,60m,2026-06-26 10:00:00,2026-06-26 00:00:00,2,90090.0,90372.5
BC0,国际铜,能源中心,60m,2026-07-02 10:00:00,2026-07-02 01:00:00,1,90610.0,90767.0
BC0,国际铜,能源中心,60m,2026-07-08 00:00:00,2026-07-07 22:00:00,2,91260.0,91345.5
BC0,国际铜,能源中心,60m,2026-07-08 10:00:00,2026-07-08 01:00:00,1,91230.0,91357.0
BC0,国际铜,能源中心,60m,2026-07-08 14:15:00,2026-07-08 11:15:00,1,91240.0,91366.5
BC0,国际铜,能源中心,60m,2026-07-14 01:00:00,2026-07-13 22:00:00,3,91870.0,91959.5
BC0,国际铜,能源中心,60m,2026-07-16 22:00:00,2026-07-16 11:15:00,3,92590.0,92727.0
BC0,国际铜,能源中心,60m,2026-07-20 15:00:00,2026-07-20 11:15:00,2,92280.0,92384.0
BC0,国际铜,能源中心,60m,2026-07-27 11:15:00,2026-07-27 10:00:00,1,93630.0,93810.0
BC0,国际铜,能源中心,60m,2026-07-29 01:00:00,2026-07-29 00:00:00,1,93290.0,93468.5
BC0,国际铜,能源中心,60m,2026-07-30 11:15:00,2026-07-30 10:00:00,1,93220.0,93268.5
BC0,国际铜,能源中心,90m,2026-01-16 11:15:00,2026-01-16 09:30:00,1,90450.0,91910.5
BC0,国际铜,能源中心,90m,2026-01-20 11:15:00,2026-01-20 09:30:00,1,89770.0,90349.0
BC0,国际铜,能源中心,90m,2026-01-22 00:00:00,2026-01-21 14:45:00,3,89680.0,89812.0
BC0,国际铜,能源中心,90m,2026-01-23 11:15:00,2026-01-23 09:30:00,1,89410.0,89515.5
BC0,国际铜,能源中心,90m,2026-02-24 22:30:00,2026-02-24 11:15:00,3,90340.0,90361.0
BC0,国际铜,能源中心,90m,2026-03-02 22:30:00,2026-03-02 11:15:00,3,91010.0,91466.5
BC0,国际铜,能源中心,90m,2026-03-24 11:15:00,2026-03-23 22:30:00,3,83080.0,83135.5
BC0,国际铜,能源中心,90m,2026-03-30 22:30:00,2026-03-30 11:15:00,3,84410.0,84656.5
BC0,国际铜,能源中心,90m,2026-03-31 11:15:00,2026-03-31 09:30:00,1,84520.0,84612.5
BC0,国际铜,能源中心,90m,2026-04-22 00:00:00,2026-04-21 22:30:00,1,90760.0,91033.5
BC0,国际铜,能源中心,90m,2026-04-24 09:30:00,2026-04-23 22:30:00,2,91110.0,91162.5
BC0,国际铜,能源中心,90m,2026-05-27 14:45:00,2026-05-27 09:30:00,2,93000.0,93314.5
BC0,国际铜,能源中心,90m,2026-06-05 09:30:00,2026-06-04 22:30:00,2,93540.0,94339.5
BC0,国际铜,能源中心,90m,2026-06-10 00:00:00,2026-06-09 22:30:00,1,92290.0,92702.0
BC0,国际铜,能源中心,90m,2026-07-02 00:00:00,2026-07-01 22:30:00,1,90770.0,90941.5
BC0,国际铜,能源中心,90m,2026-07-08 14:45:00,2026-07-08 11:15:00,1,91330.0,91350.5
BC0,国际铜,能源中心,90m,2026-07-20 15:00:00,2026-07-20 11:15:00,2,92280.0,92408.0
BC0,国际铜,能源中心,90m,2026-07-29 09:30:00,2026-07-29 00:00:00,1,93330.0,93419.0
BC0,国际铜,能源中心,90m,2026-07-30 11:15:00,2026-07-30 09:30:00,1,93220.0,93384.5
BC0,国际铜,能源中心,daily,2026-02-05,2026-02-03,2,89560.0,91085.5
BC0,国际铜,能源中心,daily,2026-02-13,2026-02-11,2,88830.0,90710.5
BC0,国际铜,能源中心,daily,2026-06-16,2026-06-15,1,92700.0,92955.0
BC0,国际铜,能源中心,daily,2026-06-18,2026-06-17,1,92970.0,93070.5
BC0,国际铜,能源中心,daily,2026-07-13,2026-07-10,1,91320.0,91607.0
BR0,丁二烯橡胶,上期所,120m,2026-01-13 15:00:00,2026-01-13 11:15:00,1,12000.0,12020.5
BR0,丁二烯橡胶,上期所,120m,2026-02-11 23:00:00,2026-02-11 11:15:00,2,12860.0,12993.0
BR0,丁二烯橡胶,上期所,120m,2026-03-18 15:00:00,2026-03-17 15:00:00,3,15260.0,15414.5
BR0,丁二烯橡胶,上期所,120m,2026-03-19 11:15:00,2026-03-18 23:00:00,1,15510.0,15524.0
BR0,丁二烯橡胶,上期所,120m,2026-04-01 15:00:00,2026-03-31 23:00:00,2,16785.0,17646.5
BR0,丁二烯橡胶,上期所,120m,2026-04-08 11:15:00,2026-04-07 11:15:00,3,16605.0,17504.5
BR0,丁二烯橡胶,上期所,120m,2026-04-20 15:00:00,2026-04-20 11:15:00,1,15775.0,15802.0
BR0,丁二烯橡胶,上期所,120m,2026-04-24 15:00:00,2026-04-23 23:00:00,2,15700.0,15717.5
BR0,丁二烯橡胶,上期所,120m,2026-04-27 15:00:00,2026-04-27 11:15:00,1,15500.0,15657.75
BR0,丁二烯橡胶,上期所,120m,2026-05-12 23:00:00,2026-05-12 15:00:00,1,15850.0,15868.25
BR0,丁二烯橡胶,上期所,120m,2026-05-14 11:15:00,2026-05-13 11:15:00,3,15710.0,15802.5
BR0,丁二烯橡胶,上期所,120m,2026-06-15 15:00:00,2026-06-15 11:15:00,1,13440.0,13475.5
BR0,丁二烯橡胶,上期所,120m,2026-06-16 11:15:00,2026-06-15 23:00:00,1,13395.0,13421.0
BR0,丁二烯橡胶,上期所,120m,2026-06-17 11:15:00,2026-06-16 15:00:00,2,13285.0,13379.75
BR0,丁二烯橡胶,上期所,30m,2026-04-13 22:00:00,2026-04-13 14:45:00,3,15535.0,15596.0
BR0,丁二烯橡胶,上期所,30m,2026-04-16 13:45:00,2026-04-16 10:45:00,2,15965.0,15971.75
BR0,丁二烯橡胶,上期所,30m,2026-04-16 21:30:00,2026-04-16 14:45:00,2,15985.0,16018.0
BR0,丁二烯橡胶,上期所,30m,2026-04-20 21:30:00,2026-04-20 14:45:00,2,15525.0,15659.25
BR0,丁二烯橡胶,上期所,30m,2026-04-21 10:45:00,2026-04-21 10:00:00,1,15610.0,15651.5
BR0,丁二烯橡胶,上期所,30m,2026-04-22 13:45:00,2026-04-22 11:15:00,1,15475.0,15525.5
BR0,丁二烯橡胶,上期所,30m,2026-04-24 21:30:00,2026-04-24 14:45:00,2,15640.0,15686.0
BR0,丁二烯橡胶,上期所,30m,2026-04-27 10:45:00,2026-04-27 09:30:00,2,15695.0,15717.25
BR0,丁二烯橡胶,上期所,30m,2026-04-27 14:15:00,2026-04-27 13:45:00,1,15450.0,15693.25
BR0,丁二烯橡胶,上期所,30m,2026-05-19 09:30:00,2026-05-18 22:30:00,2,15890.0,15893.5
BR0,丁二烯橡胶,上期所,30m,2026-05-27 10:45:00,2026-05-27 10:00:00,1,14435.0,14536.75
BR0,丁二烯橡胶,上期所,30m,2026-05-28 15:00:00,2026-05-28 14:45:00,1,14360.0,14380.0
BR0,丁二烯橡胶,上期所,30m,2026-05-28 22:30:00,2026-05-28 21:30:00,2,14355.0,14359.0
BR0,丁二烯橡胶,上期所,30m,2026-06-02 13:45:00,2026-06-02 10:45:00,2,14645.0,14708.25
BR0,丁二烯橡胶,上期所,30m,2026-06-03 14:45:00,2026-06-03 14:15:00,1,14630.0,14676.5
BR0,丁二烯橡胶,上期所,30m,2026-06-08 21:30:00,2026-06-08 15:00:00,1,13715.0,13797.0
BR0,丁二烯橡胶,上期所,30m,2026-06-11 11:15:00,2026-06-11 10:00:00,2,13250.0,13265.75
BR0,丁二烯橡胶,上期所,30m,2026-06-15 22:00:00,2026-06-15 21:30:00,1,13460.0,13461.0
BR0,丁二烯橡胶,上期所,30m,2026-06-22 21:30:00,2026-06-22 14:45:00,2,12870.0,12925.5
BR0,丁二烯橡胶,上期所,30m,2026-06-23 11:15:00,2026-06-23 09:30:00,3,12800.0,12903.25
BR0,丁二烯橡胶,上期所,30m,2026-06-24 10:45:00,2026-06-24 09:30:00,2,12740.0,12788.0
BR0,丁二烯橡胶,上期所,30m,2026-06-24 13:45:00,2026-06-24 11:15:00,1,12745.0,12773.5
BR0,丁二烯橡胶,上期所,30m,2026-06-24 14:45:00,2026-06-24 14:15:00,1,12715.0,12765.75
BR0,丁二烯橡胶,上期所,30m,2026-06-29 21:30:00,2026-06-29 14:45:00,2,11830.0,11846.75
BR0,丁二烯橡胶,上期所,30m,2026-07-07 10:45:00,2026-07-07 10:00:00,1,12210.0,12215.5
BR0,丁二烯橡胶,上期所,30m,2026-07-09 11:15:00,2026-07-09 10:45:00,1,12340.0,12382.75
BR0,丁二烯橡胶,上期所,30m,2026-07-09 21:30:00,2026-07-09 14:45:00,2,12365.0,12418.0
BR0,丁二烯橡胶,上期所,30m,2026-07-21 13:45:00,2026-07-21 11:15:00,1,13650.0,13685.75
BR0,丁二烯橡胶,上期所,30m,2026-07-24 15:00:00,2026-07-24 14:45:00,1,13820.0,13861.25
BR0,丁二烯橡胶,上期所,60m,2026-01-09 15:00:00,2026-01-09 14:15:00,1,12065.0,12095.0
BR0,丁二烯橡胶,上期所,60m,2026-01-12 15:00:00,2026-01-12 14:15:00,1,12105.0,12126.5
BR0,丁二烯橡胶,上期所,60m,2026-01-13 14:15:00,2026-01-13 11:15:00,1,12030.0,12065.75
BR0,丁二烯橡胶,上期所,60m,2026-01-27 23:00:00,2026-01-27 15:00:00,2,12945.0,13112.75
BR0,丁二烯橡胶,上期所,60m,2026-01-28 22:00:00,2026-01-28 11:15:00,3,13115.0,13185.25
BR0,丁二烯橡胶,上期所,60m,2026-02-02 10:00:00,2026-01-30 23:00:00,1,13160.0,13314.75
BR0,丁二烯橡胶,上期所,60m,2026-02-03 11:15:00,2026-02-03 10:00:00,1,13045.0,13267.75
BR0,丁二烯橡胶,上期所,60m,2026-02-10 11:15:00,2026-02-09 22:00:00,3,12830.0,12864.5
BR0,丁二烯橡胶,上期所,60m,2026-03-10 22:00:00,2026-03-10 15:00:00,1,14685.0,14826.25
BR0,丁二烯橡胶,上期所,60m,2026-03-19 11:15:00,2026-03-18 22:00:00,3,15510.0,15551.25
BR0,丁二烯橡胶,上期所,60m,2026-04-01 14:15:00,2026-03-31 23:00:00,3,17245.0,17737.5
BR0,丁二烯橡胶,上期所,60m,2026-04-02 15:00:00,2026-04-02 14:15:00,1,17335.0,17460.75
BR0,丁二烯橡胶,上期所,60m,2026-04-02 23:00:00,2026-04-02 22:00:00,1,17095.0,17423.5
BR0,丁二烯橡胶,上期所,60m,2026-04-27 14:15:00,2026-04-24 23:00:00,3,15450.0,15632.75
BR0,丁二烯橡胶,上期所,60m,2026-05-19 10:00:00,2026-05-18 23:00:00,1,15805.0,15809.25
BR0,丁二烯橡胶,上期所,60m,2026-05-19 22:00:00,2026-05-19 11:15:00,3,15785.0,15814.0
BR0,丁二烯橡胶,上期所,60m,2026-06-03 15:00:00,2026-06-03 14:15:00,1,14655.0,14676.5
BR0,丁二烯橡胶,上期所,60m,2026-07-17 15:00:00,2026-07-17 14:15:00,1,13580.0,13619.5
BR0,丁二烯橡胶,上期所,60m,2026-07-17 23:00:00,2026-07-17 22:00:00,1,13645.0,13648.5
BR0,丁二烯橡胶,上期所,60m,2026-07-21 14:15:00,2026-07-21 11:15:00,1,13670.0,13673.0
BR0,丁二烯橡胶,上期所,60m,2026-07-30 22:00:00,2026-07-30 14:15:00,2,12845.0,12932.0
BR0,丁二烯橡胶,上期所,90m,2026-01-12 22:30:00,2026-01-12 13:45:00,2,11980.0,12050.75
BR0,丁二烯橡胶,上期所,90m,2026-01-13 15:00:00,2026-01-13 13:45:00,1,12000.0,12072.0
BR0,丁二烯橡胶,上期所,90m,2026-01-16 13:45:00,2026-01-16 10:00:00,1,11830.0,12106.0
BR0,丁二烯橡胶,上期所,90m,2026-02-03 13:45:00,2026-02-03 10:00:00,1,13160.0,13237.25
BR0,丁二烯橡胶,上期所,90m,2026-03-19 13:45:00,2026-03-18 22:30:00,2,15615.0,15637.5
BR0,丁二烯橡胶,上期所,90m,2026-04-01 13:45:00,2026-03-31 22:30:00,2,17575.0,17773.0
BR0,丁二烯橡胶,上期所,90m,2026-04-27 15:00:00,2026-04-27 10:00:00,2,15500.0,15597.5
BR0,丁二烯橡胶,上期所,90m,2026-05-19 22:30:00,2026-05-19 13:45:00,2,15770.0,15849.75
BR0,丁二烯橡胶,上期所,90m,2026-05-29 22:30:00,2026-05-29 15:00:00,1,14450.0,14478.75
BR0,丁二烯橡胶,上期所,daily,2026-02-26,2026-02-24,2,12770.0,13007.0
BR0,丁二烯橡胶,上期所,daily,2026-05-07,2026-04-29,3,15660.0,16021.25
BR0,丁二烯橡胶,上期所,daily,2026-05-14,2026-05-12,2,15750.0,15830.0
BR0,丁二烯橡胶,上期所,daily,2026-05-20,2026-05-18,2,15660.0,15824.0
BU0,沥青,上期所,120m,2026-01-21 11:15:00,2026-01-20 23:00:00,1,3142.0,3149.45
BU0,沥青,上期所,120m,2026-02-04 15:00:00,2026-02-04 11:15:00,1,3367.0,3377.3
BU0,沥青,上期所,120m,2026-02-09 11:15:00,2026-02-06 15:00:00,2,3354.0,3371.65
BU0,沥青,上期所,120m,2026-02-10 15:00:00,2026-02-09 23:00:00,2,3350.0,3351.55
BU0,沥青,上期所,120m,2026-02-12 11:15:00,2026-02-11 11:15:00,3,3344.0,3363.6
BU0,沥青,上期所,120m,2026-02-24 15:00:00,2026-02-24 11:15:00,1,3348.0,3349.9
BU0,沥青,上期所,120m,2026-02-25 23:00:00,2026-02-24 23:00:00,3,3332.0,3344.55
BU0,沥青,上期所,120m,2026-02-26 23:00:00,2026-02-26 15:00:00,1,3342.0,3343.3
BU0,沥青,上期所,120m,2026-03-10 23:00:00,2026-03-10 15:00:00,1,3716.0,3730.05
BU0,沥青,上期所,120m,2026-03-24 15:00:00,2026-03-24 11:15:00,1,4401.0,4487.95
BU0,沥青,上期所,120m,2026-03-26 23:00:00,2026-03-26 11:15:00,2,4490.0,4498.85
BU0,沥青,上期所,120m,2026-04-01 11:15:00,2026-03-31 15:00:00,2,4463.0,4484.45
BU0,沥青,上期所,120m,2026-04-20 23:00:00,2026-04-20 11:15:00,2,4014.0,4066.05
BU0,沥青,上期所,120m,2026-04-22 15:00:00,2026-04-21 23:00:00,2,4050.0,4055.15
BU0,沥青,上期所,120m,2026-07-09 11:15:00,2026-07-08 23:00:00,1,3755.0,3826.35
BU0,沥青,上期所,30m,2026-04-08 09:30:00,2026-04-07 22:00:00,3,4088.0,4381.0
BU0,沥青,上期所,30m,2026-04-21 10:45:00,2026-04-21 10:00:00,1,4024.0,4044.45
BU0,沥青,上期所,30m,2026-05-08 14:15:00,2026-05-08 10:45:00,3,4292.0,4296.1
BU0,沥青,上期所,30m,2026-05-13 23:00:00,2026-05-13 21:30:00,3,4425.0,4428.7
BU0,沥青,上期所,30m,2026-05-14 14:15:00,2026-05-14 13:45:00,1,4409.0,4414.5
BU0,沥青,上期所,30m,2026-05-21 22:00:00,2026-05-21 21:30:00,1,4385.0,4389.8
BU0,沥青,上期所,30m,2026-05-22 09:30:00,2026-05-21 22:30:00,2,4347.0,4385.2
BU0,沥青,上期所,30m,2026-05-27 14:15:00,2026-05-27 13:45:00,1,4157.0,4163.2
BU0,沥青,上期所,30m,2026-05-29 11:15:00,2026-05-29 10:45:00,1,4167.0,4167.05
BU0,沥青,上期所,30m,2026-06-10 10:45:00,2026-06-10 10:00:00,1,4441.0,4451.15
BU0,沥青,上期所,30m,2026-06-10 13:45:00,2026-06-10 11:15:00,1,4420.0,4442.95
BU0,沥青,上期所,30m,2026-07-10 11:15:00,2026-07-10 10:00:00,2,3784.0,3791.95
BU0,沥青,上期所,30m,2026-07-22 10:45:00,2026-07-22 09:30:00,2,4189.0,4198.5
BU0,沥青,上期所,30m,2026-07-22 13:45:00,2026-07-22 11:15:00,1,4187.0,4194.25
BU0,沥青,上期所,30m,2026-07-24 14:45:00,2026-07-24 11:15:00,3,4274.0,4275.3
BU0,沥青,上期所,60m,2026-01-20 10:00:00,2026-01-19 23:00:00,1,3138.0,3146.2
BU0,沥青,上期所,60m,2026-01-20 15:00:00,2026-01-20 14:15:00,1,3139.0,3141.25
BU0,沥青,上期所,60m,2026-02-09 10:00:00,2026-02-06 23:00:00,1,3367.0,3368.3
BU0,沥青,上期所,60m,2026-02-10 14:15:00,2026-02-10 10:00:00,2,3349.0,3362.8
BU0,沥青,上期所,60m,2026-02-11 14:15:00,2026-02-11 11:15:00,1,3362.0,3362.2
BU0,沥青,上期所,60m,2026-02-12 10:00:00,2026-02-11 15:00:00,3,3345.0,3358.05
BU0,沥青,上期所,60m,2026-02-12 15:00:00,2026-02-12 14:15:00,1,3343.0,3355.1
BU0,沥青,上期所,60m,2026-03-24 14:15:00,2026-03-24 11:15:00,1,4464.0,4531.5
BU0,沥青,上期所,60m,2026-04-13 15:00:00,2026-04-13 10:00:00,3,4099.0,4112.1
BU0,沥青,上期所,60m,2026-04-16 11:15:00,2026-04-15 23:00:00,2,4052.0,4054.45
BU0,沥青,上期所,60m,2026-05-14 15:00:00,2026-05-14 14:15:00,1,4387.0,4408.75
BU0,沥青,上期所,60m,2026-05-14 23:00:00,2026-05-14 22:00:00,1,4408.0,4414.25
BU0,沥青,上期所,60m,2026-05-20 15:00:00,2026-05-20 11:15:00,2,4386.0,4409.05
BU0,沥青,上期所,60m,2026-05-20 23:00:00,2026-05-20 22:00:00,1,4386.0,4403.95
BU0,沥青,上期所,60m,2026-05-22 10:00:00,2026-05-21 22:00:00,2,4325.0,4375.15
BU0,沥青,上期所,60m,2026-05-29 22:00:00,2026-05-29 11:15:00,3,4159.0,4171.5
BU0,沥青,上期所,60m,2026-06-04 22:00:00,2026-06-04 14:15:00,2,4317.0,4325.8
BU0,沥青,上期所,60m,2026-06-10 14:15:00,2026-06-10 10:00:00,2,4395.0,4431.75
BU0,沥青,上期所,60m,2026-07-07 22:00:00,2026-07-07 14:15:00,2,3715.0,3848.5
BU0,沥青,上期所,60m,2026-07-09 10:00:00,2026-07-08 22:00:00,2,3767.0,3837.65
BU0,沥青,上期所,60m,2026-07-10 11:15:00,2026-07-10 10:00:00,1,3784.0,3800.2
BU0,沥青,上期所,60m,2026-07-22 22:00:00,2026-07-22 15:00:00,1,4200.0,4211.3
BU0,沥青,上期所,60m,2026-07-30 11:15:00,2026-07-29 22:00:00,3,4109.0,4123.0
BU0,沥青,上期所,90m,2026-01-21 10:00:00,2026-01-20 22:30:00,1,3145.0,3149.3
BU0,沥青,上期所,90m,2026-02-06 10:00:00,2026-02-05 22:30:00,1,3351.0,3359.05
BU0,沥青,上期所,90m,2026-02-10 13:45:00,2026-02-10 10:00:00,1,3350.0,3362.45
BU0,沥青,上期所,90m,2026-02-12 10:00:00,2026-02-11 13:45:00,3,3345.0,3361.7
BU0,沥青,上期所,90m,2026-02-26 22:30:00,2026-02-26 10:00:00,3,3330.0,3341.05
BU0,沥青,上期所,90m,2026-03-24 15:00:00,2026-03-24 10:00:00,2,4401.0,4516.0
BU0,沥青,上期所,90m,2026-03-26 22:30:00,2026-03-26 13:45:00,2,4471.0,4474.4
BU0,沥青,上期所,90m,2026-04-07 15:00:00,2026-04-07 13:45:00,1,4428.0,4430.75
BU0,沥青,上期所,90m,2026-04-20 22:30:00,2026-04-20 10:00:00,3,4007.0,4052.5
BU0,沥青,上期所,90m,2026-04-22 10:00:00,2026-04-21 22:30:00,1,4057.0,4058.1
BU0,沥青,上期所,90m,2026-07-08 15:00:00,2026-07-08 13:45:00,1,3822.0,3830.75
BU0,沥青,上期所,90m,2026-07-09 10:00:00,2026-07-08 22:30:00,1,3767.0,3836.15
BU0,沥青,上期所,daily,2026-02-27,2026-02-24,3,3346.0,3346.8
BU0,沥青,上期所,daily,2026-06-02,2026-06-01,1,4321.0,4327.8
C0,玉米,大商所,120m,2026-03-13 15:00:00,2026-03-13 11:15:00,1,2386.0,2392.1
C0,玉米,大商所,120m,2026-04-27 11:15:00,2026-04-24 23:00:00,1,2419.0,2420.15
C0,玉米,大商所,120m,2026-05-06 15:00:00,2026-04-30 15:00:00,2,2391.0,2424.0
C0,玉米,大商所,120m,2026-05-19 23:00:00,2026-05-19 15:00:00,1,2361.0,2362.35
C0,玉米,大商所,120m,2026-05-29 15:00:00,2026-05-29 11:15:00,1,2322.0,2323.0
C0,玉米,大商所,120m,2026-06-01 11:15:00,2026-05-29 23:00:00,1,2321.0,2322.4
C0,玉米,大商所,120m,2026-06-05 23:00:00,2026-06-05 11:15:00,2,2318.0,2319.65
C0,玉米,大商所,120m,2026-06-24 23:00:00,2026-06-24 11:15:00,2,2323.0,2323.4
C0,玉米,大商所,120m,2026-07-16 15:00:00,2026-07-15 23:00:00,2,2305.0,2306.35
C0,玉米,大商所,120m,2026-07-31 15:00:00,2026-07-30 23:00:00,2,2269.0,2269.8
C0,玉米,大商所,30m,2026-04-03 09:30:00,2026-04-02 23:00:00,1,2347.0,2352.45
C0,玉米,大商所,30m,2026-04-15 11:15:00,2026-04-15 10:45:00,1,2393.0,2393.45
C0,玉米,大商所,30m,2026-04-15 22:00:00,2026-04-15 21:30:00,1,2394.0,2394.05
C0,玉米,大商所,30m,2026-04-22 22:30:00,2026-04-22 21:30:00,2,2436.0,2436.5
C0,玉米,大商所,30m,2026-04-23 10:00:00,2026-04-23 09:30:00,1,2434.0,2437.5
C0,玉米,大商所,30m,2026-04-24 23:00:00,2026-04-24 22:30:00,1,2422.0,2422.85
C0,玉米,大商所,30m,2026-04-27 10:45:00,2026-04-27 10:00:00,1,2422.0,2422.1
C0,玉米,大商所,30m,2026-04-29 21:30:00,2026-04-29 14:45:00,2,2426.0,2428.85
C0,玉米,大商所,30m,2026-05-11 09:30:00,2026-05-08 22:30:00,2,2353.0,2366.95
C0,玉米,大商所,30m,2026-05-14 14:45:00,2026-05-14 14:15:00,1,2368.0,2372.25
C0,玉米,大商所,30m,2026-05-20 09:30:00,2026-05-19 23:00:00,1,2359.0,2359.25
C0,玉米,大商所,30m,2026-05-27 11:15:00,2026-05-27 09:30:00,3,2317.0,2318.2
C0,玉米,大商所,30m,2026-06-01 11:15:00,2026-06-01 10:00:00,2,2321.0,2324.0
C0,玉米,大商所,30m,2026-06-03 13:45:00,2026-06-03 10:00:00,3,2329.0,2329.75
C0,玉米,大商所,30m,2026-06-17 15:00:00,2026-06-17 14:45:00,1,2323.0,2323.7
C0,玉米,大商所,30m,2026-06-17 22:30:00,2026-06-17 21:30:00,2,2323.0,2323.9
C0,玉米,大商所,30m,2026-06-18 13:45:00,2026-06-18 11:15:00,1,2322.0,2323.15
C0,玉米,大商所,30m,2026-06-23 10:45:00,2026-06-23 10:00:00,1,2324.0,2325.9
C0,玉米,大商所,30m,2026-06-25 09:30:00,2026-06-24 22:30:00,2,2319.0,2322.55
C0,玉米,大商所,30m,2026-07-16 14:45:00,2026-07-16 13:45:00,2,2306.0,2306.45
C0,玉米,大商所,30m,2026-07-22 10:45:00,2026-07-22 10:00:00,1,2270.0,2271.3
C0,玉米,大商所,30m,2026-07-23 23:00:00,2026-07-23 22:00:00,2,2275.0,2275.35
C0,玉米,大商所,30m,2026-07-24 21:30:00,2026-07-24 15:00:00,1,2269.0,2273.6
C0,玉米,大商所,30m,2026-07-27 09:30:00,2026-07-24 23:00:00,1,2266.0,2271.6
C0,玉米,大商所,30m,2026-07-27 15:00:00,2026-07-27 13:45:00,3,2268.0,2268.9
C0,玉米,大商所,30m,2026-07-28 10:45:00,2026-07-28 10:00:00,1,2268.0,2268.8
C0,玉米,大商所,60m,2026-01-15 11:15:00,2026-01-14 23:00:00,2,2277.0,2282.7
C0,玉米,大商所,60m,2026-01-30 10:00:00,2026-01-29 15:00:00,3,2274.0,2279.3
C0,玉米,大商所,60m,2026-02-04 10:00:00,2026-02-03 22:00:00,2,2268.0,2268.5
C0,玉米,大商所,60m,2026-03-18 10:00:00,2026-03-17 22:00:00,2,2380.0,2384.9
C0,玉米,大商所,60m,2026-04-01 11:15:00,2026-03-31 22:00:00,3,2357.0,2357.6
C0,玉米,大商所,60m,2026-04-02 22:00:00,2026-04-02 11:15:00,3,2349.0,2353.05
C0,玉米,大商所,60m,2026-04-03 10:00:00,2026-04-02 23:00:00,1,2350.0,2353.65
C0,玉米,大商所,60m,2026-04-08 23:00:00,2026-04-08 22:00:00,1,2346.0,2346.35
C0,玉米,大商所,60m,2026-05-06 11:15:00,2026-04-30 15:00:00,2,2427.0,2427.15
C0,玉米,大商所,60m,2026-05-15 10:00:00,2026-05-14 23:00:00,1,2362.0,2367.3
C0,玉米,大商所,60m,2026-06-03 14:15:00,2026-06-03 10:00:00,2,2327.0,2327.7
C0,玉米,大商所,60m,2026-06-18 14:15:00,2026-06-18 11:15:00,1,2323.0,2323.35
C0,玉米,大商所,60m,2026-06-23 11:15:00,2026-06-23 10:00:00,1,2318.0,2324.55
C0,玉米,大商所,60m,2026-07-07 22:00:00,2026-07-07 15:00:00,1,2295.0,2302.55
C0,玉米,大商所,60m,2026-07-08 11:15:00,2026-07-08 10:00:00,1,2297.0,2298.55
C0,玉米,大商所,60m,2026-07-13 22:00:00,2026-07-13 11:15:00,3,2303.0,2307.25
C0,玉米,大商所,60m,2026-07-16 15:00:00,2026-07-16 14:15:00,1,2305.0,2307.05
C0,玉米,大商所,60m,2026-07-24 22:00:00,2026-07-24 15:00:00,1,2271.0,2272.05
C0,玉米,大商所,60m,2026-07-27 10:00:00,2026-07-24 23:00:00,1,2268.0,2272.2
C0,玉米,大商所,60m,2026-07-30 14:15:00,2026-07-30 10:00:00,2,2266.0,2266.55
C0,玉米,大商所,90m,2026-01-19 13:45:00,2026-01-19 10:00:00,1,2284.0,2285.15
C0,玉米,大商所,90m,2026-01-21 22:30:00,2026-01-21 15:00:00,1,2282.0,2282.45
C0,玉米,大商所,90m,2026-03-13 15:00:00,2026-03-13 13:45:00,1,2386.0,2393.6
C0,玉米,大商所,90m,2026-04-28 13:45:00,2026-04-28 10:00:00,1,2425.0,2428.0
C0,玉米,大商所,90m,2026-05-06 13:45:00,2026-04-30 15:00:00,2,2424.0,2425.4
C0,玉米,大商所,90m,2026-05-19 22:30:00,2026-05-19 15:00:00,1,2357.0,2362.95
C0,玉米,大商所,90m,2026-06-05 22:30:00,2026-06-05 13:45:00,2,2317.0,2319.3
C0,玉米,大商所,90m,2026-06-22 15:00:00,2026-06-22 10:00:00,2,2327.0,2327.55
C0,玉米,大商所,90m,2026-06-23 13:45:00,2026-06-23 10:00:00,1,2314.0,2323.9
C0,玉米,大商所,90m,2026-07-09 15:00:00,2026-07-09 10:00:00,2,2299.0,2300.05
C0,玉米,大商所,90m,2026-07-16 15:00:00,2026-07-16 13:45:00,1,2305.0,2308.25
C0,玉米,大商所,90m,2026-07-23 22:30:00,2026-07-23 15:00:00,1,2275.0,2276.55
C0,玉米,大商所,90m,2026-07-24 22:30:00,2026-07-24 15:00:00,1,2272.0,2273.0
C0,玉米,大商所,90m,2026-07-30 15:00:00,2026-07-30 13:45:00,1,2266.0,2268.1
C0,玉米,大商所,daily,2026-06-23,2026-06-18,2,2315.0,2324.7
C0,玉米,大商所,daily,2026-06-25,2026-06-24,1,2301.0,2324.7
CF0,棉花,郑商所,120m,2026-01-13 15:00:00,2026-01-13 11:15:00,1,14760.0,14771.25
CF0,棉花,郑商所,120m,2026-01-15 11:15:00,2026-01-14 11:15:00,3,14670.0,14770.0
CF0,棉花,郑商所,120m,2026-01-26 23:00:00,2026-01-26 11:15:00,2,14585.0,14598.25
CF0,棉花,郑商所,120m,2026-02-02 11:15:00,2026-01-30 23:00:00,1,14635.0,14721.25
CF0,棉花,郑商所,120m,2026-03-03 23:00:00,2026-03-03 15:00:00,1,15160.0,15247.75
CF0,棉花,郑商所,120m,2026-03-05 15:00:00,2026-03-05 11:15:00,1,15250.0,15294.5
CF0,棉花,郑商所,120m,2026-03-16 11:15:00,2026-03-13 23:00:00,1,15380.0,15425.5
CF0,棉花,郑商所,120m,2026-03-17 15:00:00,2026-03-16 15:00:00,3,15415.0,15472.0
CF0,棉花,郑商所,120m,2026-03-23 15:00:00,2026-03-23 11:15:00,1,15280.0,15341.0
CF0,棉花,郑商所,120m,2026-04-01 11:15:00,2026-03-31 23:00:00,1,15325.0,15352.5
CF0,棉花,郑商所,120m,2026-04-07 23:00:00,2026-04-07 11:15:00,2,15285.0,15329.25
CF0,棉花,郑商所,120m,2026-05-14 11:15:00,2026-05-13 23:00:00,1,16430.0,16520.0
CF0,棉花,郑商所,120m,2026-07-15 15:00:00,2026-07-15 11:15:00,1,16075.0,16131.0
CF0,棉花,郑商所,120m,2026-07-16 15:00:00,2026-07-15 23:00:00,2,16055.0,16094.75
CF0,棉花,郑商所,30m,2026-04-02 11:15:00,2026-04-02 09:30:00,3,15320.0,15333.5
CF0,棉花,郑商所,30m,2026-04-02 14:15:00,2026-04-02 13:45:00,1,15285.0,15318.5
CF0,棉花,郑商所,30m,2026-04-03 10:45:00,2026-04-03 09:30:00,2,15270.0,15273.0
CF0,棉花,郑商所,30m,2026-04-14 14:45:00,2026-04-14 11:15:00,3,15510.0,15511.25
CF0,棉花,郑商所,30m,2026-04-15 10:45:00,2026-04-15 10:00:00,1,15515.0,15517.0
CF0,棉花,郑商所,30m,2026-04-21 14:15:00,2026-04-21 10:45:00,3,15945.0,15967.5
CF0,棉花,郑商所,30m,2026-04-28 21:30:00,2026-04-28 15:00:00,1,16350.0,16390.5
CF0,棉花,郑商所,30m,2026-04-29 10:45:00,2026-04-29 10:00:00,1,16360.0,16376.75
CF0,棉花,郑商所,30m,2026-05-12 15:00:00,2026-05-12 14:45:00,1,16375.0,16400.0
CF0,棉花,郑商所,30m,2026-05-22 22:30:00,2026-05-22 22:00:00,1,15890.0,15934.0
CF0,棉花,郑商所,30m,2026-05-29 22:00:00,2026-05-29 15:00:00,2,16095.0,16107.25
CF0,棉花,郑商所,30m,2026-06-03 22:00:00,2026-06-03 15:00:00,2,16300.0,16356.75
CF0,棉花,郑商所,30m,2026-06-09 22:00:00,2026-06-09 21:30:00,1,15760.0,15774.75
CF0,棉花,郑商所,30m,2026-06-11 10:45:00,2026-06-11 10:00:00,1,15675.0,15696.25
CF0,棉花,郑商所,30m,2026-06-16 09:30:00,2026-06-15 23:00:00,1,15720.0,15761.75
CF0,棉花,郑商所,30m,2026-06-23 11:15:00,2026-06-23 10:45:00,1,16010.0,16020.5
CF0,棉花,郑商所,30m,2026-07-13 23:00:00,2026-07-13 21:30:00,3,16090.0,16118.75
CF0,棉花,郑商所,30m,2026-07-14 10:00:00,2026-07-14 09:30:00,1,16110.0,16120.0
CF0,棉花,郑商所,30m,2026-07-14 11:15:00,2026-07-14 10:45:00,1,16120.0,16121.0
CF0,棉花,郑商所,30m,2026-07-15 22:30:00,2026-07-15 21:30:00,2,16090.0,16092.0
CF0,棉花,郑商所,30m,2026-07-22 14:45:00,2026-07-22 11:15:00,3,15945.0,15948.5
CF0,棉花,郑商所,30m,2026-07-24 14:45:00,2026-07-24 11:15:00,3,16000.0,16020.75
CF0,棉花,郑商所,30m,2026-07-29 10:00:00,2026-07-29 09:30:00,1,15850.0,15863.25
CF0,棉花,郑商所,30m,2026-07-29 11:15:00,2026-07-29 10:45:00,1,15855.0,15856.0
CF0,棉花,郑商所,30m,2026-07-29 15:00:00,2026-07-29 13:45:00,3,15845.0,15849.5
CF0,棉花,郑商所,60m,2026-01-12 23:00:00,2026-01-12 22:00:00,1,14685.0,14708.25
CF0,棉花,郑商所,60m,2026-01-20 15:00:00,2026-01-20 14:15:00,1,14525.0,14583.75
CF0,棉花,郑商所,60m,2026-01-21 10:00:00,2026-01-20 22:00:00,2,14555.0,14576.25
CF0,棉花,郑商所,60m,2026-01-26 14:15:00,2026-01-26 10:00:00,2,14595.0,14633.0
CF0,棉花,郑商所,60m,2026-01-26 22:00:00,2026-01-26 15:00:00,1,14580.0,14642.5
CF0,棉花,郑商所,60m,2026-02-04 23:00:00,2026-02-04 14:15:00,3,14660.0,14665.25
CF0,棉花,郑商所,60m,2026-02-06 23:00:00,2026-02-06 22:00:00,1,14620.0,14634.0
CF0,棉花,郑商所,60m,2026-02-27 14:15:00,2026-02-27 11:15:00,1,15365.0,15368.75
CF0,棉花,郑商所,60m,2026-02-27 22:00:00,2026-02-27 15:00:00,1,15300.0,15379.5
CF0,棉花,郑商所,60m,2026-03-31 10:00:00,2026-03-30 23:00:00,1,15305.0,15385.5
CF0,棉花,郑商所,60m,2026-04-01 10:00:00,2026-03-31 22:00:00,2,15340.0,15379.0
CF0,棉花,郑商所,60m,2026-04-02 11:15:00,2026-04-02 10:00:00,1,15320.0,15341.75
CF0,棉花,郑商所,60m,2026-04-08 11:15:00,2026-04-08 10:00:00,1,15290.0,15292.0
CF0,棉花,郑商所,60m,2026-04-14 14:15:00,2026-04-14 10:00:00,2,15525.0,15541.0
CF0,棉花,郑商所,60m,2026-04-24 14:15:00,2026-04-24 11:15:00,1,16195.0,16210.0
CF0,棉花,郑商所,60m,2026-05-12 14:15:00,2026-05-12 10:00:00,2,16385.0,16461.0
CF0,棉花,郑商所,60m,2026-05-13 10:00:00,2026-05-12 22:00:00,2,16405.0,16422.75
CF0,棉花,郑商所,60m,2026-05-14 15:00:00,2026-05-14 14:15:00,1,16435.0,16446.0
CF0,棉花,郑商所,60m,2026-05-20 23:00:00,2026-05-20 14:15:00,3,16110.0,16112.5
CF0,棉花,郑商所,60m,2026-05-25 15:00:00,2026-05-25 14:15:00,1,15935.0,15985.25
CF0,棉花,郑商所,60m,2026-05-29 23:00:00,2026-05-29 15:00:00,2,16055.0,16090.5
CF0,棉花,郑商所,60m,2026-07-02 23:00:00,2026-07-02 15:00:00,2,16125.0,16125.75
CF0,棉花,郑商所,60m,2026-07-13 14:15:00,2026-07-13 10:00:00,2,16065.0,16087.5
CF0,棉花,郑商所,60m,2026-07-15 15:00:00,2026-07-15 11:15:00,2,16075.0,16102.5
CF0,棉花,郑商所,60m,2026-07-16 14:15:00,2026-07-15 23:00:00,3,16055.0,16100.0
CF0,棉花,郑商所,60m,2026-07-20 11:15:00,2026-07-20 10:00:00,1,15970.0,15974.0
CF0,棉花,郑商所,60m,2026-07-21 10:00:00,2026-07-20 23:00:00,1,15890.0,15930.25
CF0,棉花,郑商所,60m,2026-07-27 10:00:00,2026-07-24 23:00:00,1,15970.0,15996.5
CF0,棉花,郑商所,60m,2026-07-31 11:15:00,2026-07-31 10:00:00,1,15780.0,15792.75
CF0,棉花,郑商所,90m,2026-01-09 13:45:00,2026-01-09 10:00:00,1,14700.0,14787.5
CF0,棉花,郑商所,90m,2026-01-13 15:00:00,2026-01-13 10:00:00,2,14760.0,14774.25
CF0,棉花,郑商所,90m,2026-01-15 10:00:00,2026-01-14 13:45:00,3,14665.0,14713.0
CF0,棉花,郑商所,90m,2026-01-16 10:00:00,2026-01-15 22:30:00,1,14635.0,14702.25
CF0,棉花,郑商所,90m,2026-01-21 10:00:00,2026-01-20 22:30:00,1,14555.0,14625.0
CF0,棉花,郑商所,90m,2026-01-26 22:30:00,2026-01-26 15:00:00,1,14585.0,14618.25
CF0,棉花,郑商所,90m,2026-02-02 10:00:00,2026-01-30 22:30:00,1,14670.0,14729.25
CF0,棉花,郑商所,90m,2026-03-05 15:00:00,2026-03-04 22:30:00,3,15250.0,15261.0
CF0,棉花,郑商所,90m,2026-03-23 15:00:00,2026-03-23 10:00:00,2,15280.0,15292.0
CF0,棉花,郑商所,90m,2026-03-24 10:00:00,2026-03-23 22:30:00,1,15250.0,15264.25
CF0,棉花,郑商所,90m,2026-03-24 15:00:00,2026-03-24 13:45:00,1,15215.0,15241.0
CF0,棉花,郑商所,90m,2026-04-01 10:00:00,2026-03-31 22:30:00,1,15340.0,15378.5
CF0,棉花,郑商所,90m,2026-04-07 22:30:00,2026-04-07 10:00:00,3,15305.0,15311.0
CF0,棉花,郑商所,90m,2026-04-08 15:00:00,2026-04-08 13:45:00,1,15305.0,15307.5
CF0,棉花,郑商所,90m,2026-05-08 13:45:00,2026-05-08 10:00:00,1,16505.0,16540.0
CF0,棉花,郑商所,90m,2026-05-14 10:00:00,2026-05-13 15:00:00,2,16455.0,16462.75
CF0,棉花,郑商所,90m,2026-07-15 15:00:00,2026-07-15 13:45:00,1,16075.0,16080.25
CF0,棉花,郑商所,90m,2026-07-16 15:00:00,2026-07-15 22:30:00,3,16055.0,16093.75
CF0,棉花,郑商所,90m,2026-07-20 13:45:00,2026-07-20 10:00:00,1,15920.0,16003.25
CF0,棉花,郑商所,90m,2026-07-21 22:30:00,2026-07-21 15:00:00,1,15955.0,15959.0
CF0,棉花,郑商所,daily,2026-01-26,2026-01-22,2,14650.0,14660.75
CF0,棉花,郑商所,daily,2026-01-30,2026-01-28,2,14670.0,14709.25
CF0,棉花,郑商所,daily,2026-02-05,2026-02-04,1,14610.0,14670.75
CF0,棉花,郑商所,daily,2026-04-08,2026-04-07,1,15305.0,15332.25
CF0,棉花,郑商所,daily,2026-06-04,2026-06-01,3,16160.0,16191.25
CF0,棉花,郑商所,daily,2026-06-23,2026-06-17,3,15905.0,15989.25
CJ0,红枣,郑商所,120m,2026-02-13 11:15:00,2026-02-11 15:00:00,3,8805.0,8814.5
CJ0,红枣,郑商所,120m,2026-03-04 11:15:00,2026-03-02 15:00:00,3,8805.0,8843.25
CJ0,红枣,郑商所,120m,2026-07-01 11:15:00,2026-06-30 11:15:00,2,8605.0,8618.5
CJ0,红枣,郑商所,120m,2026-07-03 15:00:00,2026-07-03 11:15:00,1,8555.0,8581.25
CJ0,红枣,郑商所,120m,2026-07-28 11:15:00,2026-07-27 15:00:00,1,7975.0,7984.5
CJ0,红枣,郑商所,30m,2026-01-28 14:15:00,2026-01-28 13:45:00,1,8800.0,8813.5
CJ0,红枣,郑商所,30m,2026-02-24 10:00:00,2026-02-13 15:00:00,2,8775.0,8833.5
CJ0,红枣,郑商所,30m,2026-03-03 09:30:00,2026-03-02 14:45:00,2,8820.0,8827.25
CJ0,红枣,郑商所,30m,2026-03-03 14:15:00,2026-03-03 11:15:00,2,8805.0,8811.75
CJ0,红枣,郑商所,30m,2026-03-04 10:00:00,2026-03-03 14:45:00,3,8775.0,8815.5
CJ0,红枣,郑商所,30m,2026-03-27 13:45:00,2026-03-27 10:00:00,3,8860.0,8874.0
CJ0,红枣,郑商所,30m,2026-03-30 09:30:00,2026-03-27 14:45:00,2,8785.0,8861.25
CJ0,红枣,郑商所,30m,2026-04-15 10:45:00,2026-04-15 10:00:00,1,8850.0,8863.25
CJ0,红枣,郑商所,30m,2026-04-15 13:45:00,2026-04-15 11:15:00,1,8850.0,8859.0
CJ0,红枣,郑商所,30m,2026-04-28 10:00:00,2026-04-27 14:45:00,3,9060.0,9070.25
CJ0,红枣,郑商所,30m,2026-05-15 10:00:00,2026-05-15 09:30:00,1,9305.0,9308.75
CJ0,红枣,郑商所,30m,2026-05-15 13:45:00,2026-05-15 10:45:00,2,9275.0,9321.25
CJ0,红枣,郑商所,30m,2026-05-21 10:00:00,2026-05-21 09:30:00,1,9055.0,9057.5
CJ0,红枣,郑商所,30m,2026-06-09 10:45:00,2026-06-09 10:00:00,1,9070.0,9080.25
CJ0,红枣,郑商所,30m,2026-06-15 13:45:00,2026-06-15 10:00:00,3,8860.0,8894.25
CJ0,红枣,郑商所,30m,2026-06-23 10:00:00,2026-06-22 14:45:00,3,8640.0,8646.25
CJ0,红枣,郑商所,30m,2026-07-13 11:15:00,2026-07-13 09:30:00,3,8185.0,8196.5
CJ0,红枣,郑商所,30m,2026-07-21 14:15:00,2026-07-21 11:15:00,2,7895.0,7906.25
CJ0,红枣,郑商所,30m,2026-07-21 15:00:00,2026-07-21 14:45:00,1,7900.0,7900.75
CJ0,红枣,郑商所,30m,2026-07-23 10:00:00,2026-07-23 09:30:00,1,7870.0,7882.5
CJ0,红枣,郑商所,30m,2026-07-23 14:45:00,2026-07-23 11:15:00,3,7875.0,7889.0
CJ0,红枣,郑商所,30m,2026-07-29 09:30:00,2026-07-28 15:00:00,1,7925.0,7960.25
CJ0,红枣,郑商所,30m,2026-07-30 10:00:00,2026-07-30 09:30:00,1,7935.0,7942.75
CJ0,红枣,郑商所,60m,2026-01-13 14:15:00,2026-01-13 11:15:00,1,9070.0,9126.75
CJ0,红枣,郑商所,60m,2026-01-15 10:00:00,2026-01-14 15:00:00,1,9090.0,9119.25
CJ0,红枣,郑商所,60m,2026-03-03 14:15:00,2026-03-03 11:15:00,1,8805.0,8852.0
CJ0,红枣,郑商所,60m,2026-03-04 10:00:00,2026-03-03 15:00:00,1,8775.0,8848.5
CJ0,红枣,郑商所,60m,2026-03-16 11:15:00,2026-03-16 10:00:00,1,9055.0,9087.0
CJ0,红枣,郑商所,60m,2026-03-23 15:00:00,2026-03-23 10:00:00,3,8860.0,8889.0
CJ0,红枣,郑商所,60m,2026-04-24 14:15:00,2026-04-24 11:15:00,1,9045.0,9047.0
CJ0,红枣,郑商所,60m,2026-04-27 14:15:00,2026-04-27 10:00:00,2,9040.0,9065.0
CJ0,红枣,郑商所,60m,2026-04-28 10:00:00,2026-04-27 15:00:00,1,9060.0,9070.0
CJ0,红枣,郑商所,60m,2026-05-15 14:15:00,2026-05-15 10:00:00,2,9245.0,9304.25
CJ0,红枣,郑商所,60m,2026-07-01 14:15:00,2026-07-01 11:15:00,1,8570.0,8581.25
CJ0,红枣,郑商所,60m,2026-07-16 10:00:00,2026-07-15 15:00:00,1,8160.0,8179.75
CJ0,红枣,郑商所,60m,2026-07-24 15:00:00,2026-07-24 10:00:00,3,7890.0,7895.0
CJ0,红枣,郑商所,60m,2026-07-30 11:15:00,2026-07-30 10:00:00,1,7920.0,7931.25
CJ0,红枣,郑商所,90m,2026-01-15 10:45:00,2026-01-14 14:15:00,2,9105.0,9118.25
CJ0,红枣,郑商所,90m,2026-01-26 15:00:00,2026-01-26 14:15:00,1,8760.0,8770.5
CJ0,红枣,郑商所,90m,2026-03-04 10:45:00,2026-03-03 15:00:00,1,8795.0,8841.5
CJ0,红枣,郑商所,90m,2026-03-27 14:15:00,2026-03-27 10:45:00,1,8865.0,8868.5
CJ0,红枣,郑商所,90m,2026-05-15 14:15:00,2026-05-15 10:45:00,1,9245.0,9311.0
CJ0,红枣,郑商所,90m,2026-05-26 10:45:00,2026-05-25 14:15:00,2,9025.0,9034.0
CJ0,红枣,郑商所,90m,2026-07-03 15:00:00,2026-07-03 14:15:00,1,8555.0,8566.5
CJ0,红枣,郑商所,90m,2026-07-15 14:15:00,2026-07-14 14:15:00,3,8155.0,8179.5
CJ0,红枣,郑商所,90m,2026-07-16 10:45:00,2026-07-15 15:00:00,1,8155.0,8176.75
CJ0,红枣,郑商所,90m,2026-07-30 14:15:00,2026-07-30 10:45:00,1,7915.0,7915.5
CJ0,红枣,郑商所,daily,2026-02-02,2026-01-30,1,8820.0,8924.5
CJ0,红枣,郑商所,daily,2026-03-04,2026-03-02,2,8810.0,8839.25
CS0,玉米淀粉,大商所,120m,2026-03-19 11:15:00,2026-03-18 23:00:00,1,2719.0,2725.05
CS0,玉米淀粉,大商所,120m,2026-04-08 11:15:00,2026-04-07 15:00:00,2,2743.0,2744.35
CS0,玉米淀粉,大商所,120m,2026-04-16 15:00:00,2026-04-16 11:15:00,1,2750.0,2761.45
CS0,玉米淀粉,大商所,120m,2026-04-27 23:00:00,2026-04-27 15:00:00,1,2800.0,2803.25
CS0,玉米淀粉,大商所,120m,2026-05-14 11:15:00,2026-05-13 23:00:00,1,2704.0,2710.25
CS0,玉米淀粉,大商所,120m,2026-05-15 15:00:00,2026-05-15 11:15:00,1,2687.0,2699.75
CS0,玉米淀粉,大商所,120m,2026-05-27 15:00:00,2026-05-27 11:15:00,1,2666.0,2667.2
CS0,玉米淀粉,大商所,120m,2026-07-31 15:00:00,2026-07-31 11:15:00,1,2627.0,2631.8
CS0,玉米淀粉,大商所,30m,2026-04-14 14:15:00,2026-04-14 11:15:00,2,2769.0,2772.05
CS0,玉米淀粉,大商所,30m,2026-04-14 15:00:00,2026-04-14 14:45:00,1,2771.0,2771.7
CS0,玉米淀粉,大商所,30m,2026-04-23 10:00:00,2026-04-23 09:30:00,1,2825.0,2827.1
CS0,玉米淀粉,大商所,30m,2026-04-28 14:45:00,2026-04-28 14:15:00,1,2796.0,2796.9
CS0,玉米淀粉,大商所,30m,2026-04-28 21:30:00,2026-04-28 15:00:00,1,2785.0,2796.75
CS0,玉米淀粉,大商所,30m,2026-05-06 09:30:00,2026-04-30 15:00:00,1,2765.0,2776.9
CS0,玉米淀粉,大商所,30m,2026-05-12 14:15:00,2026-05-12 10:45:00,3,2690.0,2690.4
CS0,玉米淀粉,大商所,30m,2026-05-12 22:30:00,2026-05-12 21:30:00,2,2689.0,2689.3
CS0,玉米淀粉,大商所,30m,2026-05-14 14:45:00,2026-05-14 11:15:00,3,2703.0,2705.75
CS0,玉米淀粉,大商所,30m,2026-05-26 15:00:00,2026-05-26 14:45:00,1,2656.0,2661.0
CS0,玉米淀粉,大商所,30m,2026-05-26 22:30:00,2026-05-26 22:00:00,1,2655.0,2659.25
CS0,玉米淀粉,大商所,30m,2026-05-28 10:00:00,2026-05-28 09:30:00,1,2659.0,2663.05
CS0,玉米淀粉,大商所,30m,2026-05-28 11:15:00,2026-05-28 10:45:00,1,2661.0,2663.25
CS0,玉米淀粉,大商所,30m,2026-06-11 10:45:00,2026-06-11 09:30:00,2,2722.0,2723.4
CS0,玉米淀粉,大商所,30m,2026-06-11 14:15:00,2026-06-11 13:45:00,1,2720.0,2721.85
CS0,玉米淀粉,大商所,30m,2026-06-16 13:45:00,2026-06-16 11:15:00,1,2692.0,2695.55
CS0,玉米淀粉,大商所,30m,2026-06-16 14:45:00,2026-06-16 14:15:00,1,2693.0,2693.4
CS0,玉米淀粉,大商所,30m,2026-06-22 11:15:00,2026-06-22 09:30:00,3,2692.0,2701.0
CS0,玉米淀粉,大商所,30m,2026-06-22 21:30:00,2026-06-22 15:00:00,1,2692.0,2699.75
CS0,玉米淀粉,大商所,30m,2026-06-23 11:15:00,2026-06-23 10:00:00,2,2696.0,2698.8
CS0,玉米淀粉,大商所,30m,2026-06-25 09:30:00,2026-06-24 22:30:00,2,2704.0,2705.3
CS0,玉米淀粉,大商所,30m,2026-06-30 14:15:00,2026-06-30 10:45:00,3,2739.0,2740.1
CS0,玉米淀粉,大商所,30m,2026-07-02 10:45:00,2026-07-02 10:00:00,1,2730.0,2736.25
CS0,玉米淀粉,大商所,30m,2026-07-08 10:45:00,2026-07-07 23:00:00,3,2697.0,2697.3
CS0,玉米淀粉,大商所,30m,2026-07-08 21:30:00,2026-07-08 15:00:00,1,2697.0,2697.95
CS0,玉米淀粉,大商所,30m,2026-07-09 11:15:00,2026-07-09 09:30:00,3,2693.0,2696.35
CS0,玉米淀粉,大商所,30m,2026-07-10 23:00:00,2026-07-10 22:30:00,1,2692.0,2692.65
CS0,玉米淀粉,大商所,30m,2026-07-16 14:45:00,2026-07-16 11:15:00,3,2678.0,2682.0
CS0,玉米淀粉,大商所,30m,2026-07-20 22:00:00,2026-07-20 21:30:00,1,2657.0,2658.5
CS0,玉米淀粉,大商所,30m,2026-07-27 15:00:00,2026-07-27 14:45:00,1,2633.0,2633.45
CS0,玉米淀粉,大商所,30m,2026-07-30 14:15:00,2026-07-30 11:15:00,2,2626.0,2627.45
CS0,玉米淀粉,大商所,30m,2026-07-30 23:00:00,2026-07-30 21:30:00,3,2629.0,2629.5
CS0,玉米淀粉,大商所,60m,2026-01-21 22:00:00,2026-01-21 15:00:00,1,2544.0,2550.25
CS0,玉米淀粉,大商所,60m,2026-01-30 10:00:00,2026-01-29 23:00:00,1,2529.0,2535.45
CS0,玉米淀粉,大商所,60m,2026-02-05 11:15:00,2026-02-04 22:00:00,3,2512.0,2512.7
CS0,玉米淀粉,大商所,60m,2026-02-26 14:15:00,2026-02-26 11:15:00,1,2658.0,2662.0
CS0,玉米淀粉,大商所,60m,2026-03-10 23:00:00,2026-03-10 22:00:00,1,2711.0,2713.8
CS0,玉米淀粉,大商所,60m,2026-03-18 23:00:00,2026-03-18 22:00:00,1,2729.0,2729.25
CS0,玉米淀粉,大商所,60m,2026-04-02 22:00:00,2026-04-02 14:15:00,2,2736.0,2744.8
CS0,玉米淀粉,大商所,60m,2026-04-08 10:00:00,2026-04-07 15:00:00,3,2741.0,2742.3
CS0,玉米淀粉,大商所,60m,2026-04-14 14:15:00,2026-04-14 11:15:00,1,2769.0,2770.1
CS0,玉米淀粉,大商所,60m,2026-04-17 11:15:00,2026-04-17 10:00:00,1,2754.0,2755.95
CS0,玉米淀粉,大商所,60m,2026-04-24 10:00:00,2026-04-23 23:00:00,1,2805.0,2818.1
CS0,玉米淀粉,大商所,60m,2026-05-15 14:15:00,2026-05-15 11:15:00,1,2691.0,2700.45
CS0,玉米淀粉,大商所,60m,2026-05-19 15:00:00,2026-05-19 14:15:00,1,2691.0,2691.05
CS0,玉米淀粉,大商所,60m,2026-05-25 11:15:00,2026-05-22 22:00:00,3,2661.0,2665.7
CS0,玉米淀粉,大商所,60m,2026-05-26 14:15:00,2026-05-26 10:00:00,2,2661.0,2662.9
CS0,玉米淀粉,大商所,60m,2026-06-11 11:15:00,2026-06-11 10:00:00,1,2715.0,2720.15
CS0,玉米淀粉,大商所,60m,2026-06-22 11:15:00,2026-06-18 15:00:00,2,2692.0,2699.4
CS0,玉米淀粉,大商所,60m,2026-06-22 22:00:00,2026-06-22 14:15:00,2,2696.0,2700.55
CS0,玉米淀粉,大商所,60m,2026-06-23 11:15:00,2026-06-23 10:00:00,1,2696.0,2701.05
CS0,玉米淀粉,大商所,60m,2026-07-08 22:00:00,2026-07-08 15:00:00,1,2697.0,2697.3
CS0,玉米淀粉,大商所,60m,2026-07-09 11:15:00,2026-07-09 10:00:00,1,2693.0,2696.45
CS0,玉米淀粉,大商所,60m,2026-07-10 11:15:00,2026-07-09 23:00:00,2,2694.0,2695.9
CS0,玉米淀粉,大商所,60m,2026-07-15 10:00:00,2026-07-14 22:00:00,2,2684.0,2686.65
CS0,玉米淀粉,大商所,60m,2026-07-16 15:00:00,2026-07-16 11:15:00,2,2675.0,2681.95
CS0,玉米淀粉,大商所,60m,2026-07-23 14:15:00,2026-07-23 11:15:00,1,2646.0,2648.7
CS0,玉米淀粉,大商所,60m,2026-07-30 14:15:00,2026-07-30 11:15:00,1,2626.0,2626.95
CS0,玉米淀粉,大商所,90m,2026-01-19 15:00:00,2026-01-19 10:00:00,2,2555.0,2558.55
CS0,玉米淀粉,大商所,90m,2026-03-19 10:00:00,2026-03-18 22:30:00,1,2722.0,2728.8
CS0,玉米淀粉,大商所,90m,2026-03-26 10:00:00,2026-03-25 22:30:00,1,2766.0,2767.7
CS0,玉米淀粉,大商所,90m,2026-04-01 13:45:00,2026-03-31 22:30:00,2,2749.0,2753.45
CS0,玉米淀粉,大商所,90m,2026-04-02 22:30:00,2026-04-02 13:45:00,2,2734.0,2746.4
CS0,玉米淀粉,大商所,90m,2026-04-08 10:00:00,2026-04-07 15:00:00,2,2741.0,2744.8
CS0,玉米淀粉,大商所,90m,2026-05-25 13:45:00,2026-05-25 10:00:00,1,2661.0,2671.95
CS0,玉米淀粉,大商所,90m,2026-05-27 22:30:00,2026-05-27 10:00:00,3,2659.0,2662.15
CS0,玉米淀粉,大商所,90m,2026-06-22 13:45:00,2026-06-22 10:00:00,1,2698.0,2702.05
CS0,玉米淀粉,大商所,90m,2026-06-22 22:30:00,2026-06-22 15:00:00,1,2694.0,2699.1
CS0,玉米淀粉,大商所,90m,2026-06-23 13:45:00,2026-06-23 10:00:00,1,2692.0,2698.8
CS0,玉米淀粉,大商所,90m,2026-07-10 13:45:00,2026-07-10 10:00:00,1,2693.0,2695.95
CS0,玉米淀粉,大商所,90m,2026-07-15 10:00:00,2026-07-14 22:30:00,1,2684.0,2688.6
CS0,玉米淀粉,大商所,90m,2026-07-16 15:00:00,2026-07-16 13:45:00,1,2675.0,2684.4
CS0,玉米淀粉,大商所,90m,2026-07-31 13:45:00,2026-07-30 22:30:00,2,2626.0,2629.7
CS0,玉米淀粉,大商所,daily,2026-04-08,2026-04-07,1,2746.0,2747.3
CS0,玉米淀粉,大商所,daily,2026-06-03,2026-06-02,1,2669.0,2681.5
CS0,玉米淀粉,大商所,daily,2026-06-25,2026-06-24,1,2683.0,2698.45
CU0,沪铜,上期所,120m,2026-01-31 01:00:00,2026-01-30 23:00:00,1,103180.0,104110.5
CU0,沪铜,上期所,120m,2026-02-10 11:15:00,2026-02-10 01:00:00,1,101790.0,102217.5
CU0,沪铜,上期所,120m,2026-02-11 01:00:00,2026-02-10 23:00:00,1,101730.0,101762.5
CU0,沪铜,上期所,120m,2026-02-24 15:00:00,2026-02-24 11:15:00,1,101810.0,101876.0
CU0,沪铜,上期所,120m,2026-03-12 23:00:00,2026-03-12 15:00:00,1,100750.0,100998.0
CU0,沪铜,上期所,120m,2026-04-23 11:15:00,2026-04-22 15:00:00,3,102260.0,102570.0
CU0,沪铜,上期所,120m,2026-04-24 11:15:00,2026-04-23 15:00:00,3,102390.0,102704.5
CU0,沪铜,上期所,120m,2026-05-21 15:00:00,2026-05-20 23:00:00,3,104040.0,104573.5
CU0,沪铜,上期所,120m,2026-05-27 15:00:00,2026-05-27 11:15:00,1,104680.0,104964.5
CU0,沪铜,上期所,120m,2026-05-29 23:00:00,2026-05-29 01:00:00,3,104550.0,104896.5
CU0,沪铜,上期所,120m,2026-06-01 15:00:00,2026-06-01 11:15:00,1,104680.0,104708.5
CU0,沪铜,上期所,120m,2026-06-05 11:15:00,2026-06-04 23:00:00,2,105260.0,105762.0
CU0,沪铜,上期所,120m,2026-07-02 11:15:00,2026-07-01 23:00:00,2,102400.0,102465.0
CU0,沪铜,上期所,120m,2026-07-03 01:00:00,2026-07-02 23:00:00,1,102390.0,102553.5
CU0,沪铜,上期所,120m,2026-07-20 15:00:00,2026-07-20 11:15:00,1,103790.0,104094.5
CU0,沪铜,上期所,120m,2026-07-30 15:00:00,2026-07-30 11:15:00,1,104690.0,104839.0
CU0,沪铜,上期所,30m,2026-05-07 23:30:00,2026-05-07 23:00:00,1,103010.0,103031.5
CU0,沪铜,上期所,30m,2026-05-19 21:30:00,2026-05-19 15:00:00,1,103670.0,104385.5
CU0,沪铜,上期所,30m,2026-05-27 10:00:00,2026-05-27 09:30:00,1,104970.0,104987.5
CU0,沪铜,上期所,30m,2026-05-27 13:45:00,2026-05-27 10:45:00,2,104830.0,104919.5
CU0,沪铜,上期所,30m,2026-06-22 22:30:00,2026-06-22 15:00:00,3,104870.0,104893.5
CU0,沪铜,上期所,30m,2026-07-01 23:00:00,2026-07-01 22:30:00,1,102410.0,102475.0
CU0,沪铜,上期所,30m,2026-07-02 13:45:00,2026-07-02 10:45:00,2,101990.0,102275.5
CU0,沪铜,上期所,30m,2026-07-06 00:00:00,2026-07-04 00:30:00,2,102830.0,102859.5
CU0,沪铜,上期所,30m,2026-07-06 23:00:00,2026-07-06 22:30:00,1,102930.0,102981.0
CU0,沪铜,上期所,30m,2026-07-07 11:15:00,2026-07-07 10:00:00,2,103040.0,103063.5
CU0,沪铜,上期所,30m,2026-07-07 15:00:00,2026-07-07 14:45:00,1,102970.0,103007.5
CU0,沪铜,上期所,30m,2026-07-08 09:30:00,2026-07-08 00:30:00,2,102880.0,103043.5
CU0,沪铜,上期所,30m,2026-07-08 13:45:00,2026-07-08 11:15:00,1,102950.0,103026.5
CU0,沪铜,上期所,30m,2026-07-17 00:30:00,2026-07-16 23:30:00,2,104140.0,104198.5
CU0,沪铜,上期所,30m,2026-07-22 22:30:00,2026-07-22 22:00:00,1,105910.0,106088.0
CU0,沪铜,上期所,30m,2026-07-23 10:00:00,2026-07-23 09:30:00,1,105960.0,106039.0
CU0,沪铜,上期所,30m,2026-07-23 14:15:00,2026-07-23 10:45:00,3,105940.0,105951.0
CU0,沪铜,上期所,30m,2026-07-29 09:30:00,2026-07-29 00:00:00,3,104860.0,104884.0
CU0,沪铜,上期所,60m,2026-01-22 22:00:00,2026-01-22 15:00:00,1,100150.0,100657.0
CU0,沪铜,上期所,60m,2026-01-27 22:00:00,2026-01-27 15:00:00,1,102270.0,102432.5
CU0,沪铜,上期所,60m,2026-02-24 15:00:00,2026-02-24 11:15:00,2,101810.0,101955.5
CU0,沪铜,上期所,60m,2026-03-05 14:15:00,2026-03-05 10:00:00,2,100540.0,101542.0
CU0,沪铜,上期所,60m,2026-03-06 01:00:00,2026-03-06 00:00:00,1,100980.0,101231.5
CU0,沪铜,上期所,60m,2026-03-06 14:15:00,2026-03-06 11:15:00,1,101080.0,101314.0
CU0,沪铜,上期所,60m,2026-03-12 00:00:00,2026-03-11 23:00:00,1,101070.0,101287.0
CU0,沪铜,上期所,60m,2026-03-16 23:00:00,2026-03-16 22:00:00,1,100150.0,100278.0
CU0,沪铜,上期所,60m,2026-03-17 11:15:00,2026-03-17 10:00:00,1,100120.0,100155.5
CU0,沪铜,上期所,60m,2026-03-27 22:00:00,2026-03-27 11:15:00,3,95250.0,95597.0
CU0,沪铜,上期所,60m,2026-03-28 01:00:00,2026-03-27 23:00:00,1,95490.0,95612.0
CU0,沪铜,上期所,60m,2026-03-30 22:00:00,2026-03-30 11:15:00,3,95290.0,95502.0
CU0,沪铜,上期所,60m,2026-03-31 11:15:00,2026-03-31 10:00:00,1,95480.0,95532.5
CU0,沪铜,上期所,60m,2026-04-03 00:00:00,2026-04-02 23:00:00,1,96200.0,96375.0
CU0,沪铜,上期所,60m,2026-04-17 10:00:00,2026-04-17 00:00:00,2,101980.0,102265.5
CU0,沪铜,上期所,60m,2026-04-21 23:00:00,2026-04-21 22:00:00,1,102310.0,102532.0
CU0,沪铜,上期所,60m,2026-04-25 01:00:00,2026-04-24 22:00:00,2,102780.0,102926.0
CU0,沪铜,上期所,60m,2026-05-27 14:15:00,2026-05-27 11:15:00,1,104630.0,105186.5
CU0,沪铜,上期所,60m,2026-05-30 01:00:00,2026-05-29 23:00:00,1,104430.0,104434.5
CU0,沪铜,上期所,60m,2026-06-04 00:00:00,2026-06-03 23:00:00,1,105850.0,106263.0
CU0,沪铜,上期所,60m,2026-06-04 23:00:00,2026-06-04 22:00:00,1,106300.0,106317.0
CU0,沪铜,上期所,60m,2026-06-05 10:00:00,2026-06-05 00:00:00,2,105370.0,106221.5
CU0,沪铜,上期所,60m,2026-06-26 10:00:00,2026-06-26 00:00:00,2,101730.0,102130.0
CU0,沪铜,上期所,60m,2026-07-02 10:00:00,2026-07-02 00:00:00,2,102300.0,102453.5
CU0,沪铜,上期所,60m,2026-07-03 01:00:00,2026-07-02 22:00:00,3,102390.0,102420.0
CU0,沪铜,上期所,60m,2026-07-08 00:00:00,2026-07-07 22:00:00,2,102900.0,103008.0
CU0,沪铜,上期所,60m,2026-07-08 10:00:00,2026-07-08 01:00:00,1,102880.0,103019.5
CU0,沪铜,上期所,60m,2026-07-08 14:15:00,2026-07-08 11:15:00,1,102920.0,103026.5
CU0,沪铜,上期所,60m,2026-07-14 01:00:00,2026-07-13 22:00:00,3,103630.0,103674.0
CU0,沪铜,上期所,60m,2026-07-16 15:00:00,2026-07-16 14:15:00,1,104350.0,104359.5
CU0,沪铜,上期所,60m,2026-07-20 14:15:00,2026-07-20 11:15:00,1,103900.0,103947.5
CU0,沪铜,上期所,60m,2026-07-27 11:15:00,2026-07-27 10:00:00,1,105110.0,105117.5
CU0,沪铜,上期所,60m,2026-07-29 01:00:00,2026-07-29 00:00:00,1,104960.0,104975.0
CU0,沪铜,上期所,60m,2026-07-30 14:15:00,2026-07-30 10:00:00,2,104710.0,104794.0
CU0,沪铜,上期所,90m,2026-01-16 11:15:00,2026-01-16 09:30:00,1,101710.0,103256.5
CU0,沪铜,上期所,90m,2026-01-22 00:00:00,2026-01-21 14:45:00,3,100790.0,100908.5
CU0,沪铜,上期所,90m,2026-02-24 15:00:00,2026-02-24 11:15:00,2,101810.0,101911.0
CU0,沪铜,上期所,90m,2026-03-02 22:30:00,2026-03-02 11:15:00,3,102620.0,103025.5
CU0,沪铜,上期所,90m,2026-03-24 11:15:00,2026-03-23 22:30:00,3,93960.0,94043.0
CU0,沪铜,上期所,90m,2026-03-30 00:00:00,2026-03-28 09:30:00,1,95470.0,95550.0
CU0,沪铜,上期所,90m,2026-03-30 22:30:00,2026-03-30 11:15:00,3,95340.0,95574.0
CU0,沪铜,上期所,90m,2026-03-31 11:15:00,2026-03-31 09:30:00,1,95480.0,95534.0
CU0,沪铜,上期所,90m,2026-04-22 00:00:00,2026-04-21 22:30:00,1,102180.0,102442.5
CU0,沪铜,上期所,90m,2026-04-27 09:30:00,2026-04-24 22:30:00,3,102810.0,102823.0
CU0,沪铜,上期所,90m,2026-04-27 14:45:00,2026-04-27 11:15:00,1,102820.0,102884.0
CU0,沪铜,上期所,90m,2026-05-27 14:45:00,2026-05-27 09:30:00,2,104690.0,105178.0
CU0,沪铜,上期所,90m,2026-06-05 09:30:00,2026-06-04 22:30:00,2,105270.0,106167.0
CU0,沪铜,上期所,90m,2026-06-10 00:00:00,2026-06-09 14:45:00,3,104110.0,104517.5
CU0,沪铜,上期所,90m,2026-07-02 00:00:00,2026-07-01 22:30:00,1,102500.0,102640.0
CU0,沪铜,上期所,90m,2026-07-08 14:45:00,2026-07-08 11:15:00,1,102970.0,103012.0
CU0,沪铜,上期所,90m,2026-07-16 22:30:00,2026-07-16 11:15:00,3,104160.0,104212.5
CU0,沪铜,上期所,90m,2026-07-20 14:45:00,2026-07-20 11:15:00,1,103940.0,103974.5
CU0,沪铜,上期所,90m,2026-07-28 09:30:00,2026-07-28 00:00:00,1,104800.0,105096.0
CU0,沪铜,上期所,90m,2026-07-29 09:30:00,2026-07-29 00:00:00,1,104860.0,104884.5
CU0,沪铜,上期所,90m,2026-07-29 15:00:00,2026-07-29 14:45:00,1,104890.0,104909.0
CU0,沪铜,上期所,90m,2026-07-30 11:15:00,2026-07-30 09:30:00,1,104850.0,104901.5
CU0,沪铜,上期所,daily,2026-02-05,2026-02-03,2,100980.0,102551.0
CU0,沪铜,上期所,daily,2026-02-13,2026-02-12,1,100630.0,102196.0
CU0,沪铜,上期所,daily,2026-06-16,2026-06-15,1,104610.0,104810.5
CU0,沪铜,上期所,daily,2026-06-18,2026-06-17,1,104860.0,104926.0
CU0,沪铜,上期所,daily,2026-06-23,2026-06-22,1,103580.0,104829.0
CU0,沪铜,上期所,daily,2026-07-13,2026-07-10,1,103060.0,103372.5
CY0,棉纱,郑商所,120m,2026-01-13 15:00:00,2026-01-13 11:15:00,1,20765.0,20779.0
CY0,棉纱,郑商所,120m,2026-01-26 23:00:00,2026-01-26 15:00:00,1,20435.0,20496.25
CY0,棉纱,郑商所,120m,2026-02-04 23:00:00,2026-02-04 15:00:00,1,20545.0,20548.5
CY0,棉纱,郑商所,120m,2026-03-05 15:00:00,2026-03-05 11:15:00,1,21055.0,21145.5
CY0,棉纱,郑商所,120m,2026-03-20 15:00:00,2026-03-20 11:15:00,1,21475.0,21494.75
CY0,棉纱,郑商所,120m,2026-03-31 15:00:00,2026-03-30 23:00:00,2,21545.0,21547.75
CY0,棉纱,郑商所,120m,2026-04-08 11:15:00,2026-04-07 23:00:00,1,21560.0,21564.25
CY0,棉纱,郑商所,120m,2026-05-14 11:15:00,2026-05-13 23:00:00,1,22365.0,22431.75
CY0,棉纱,郑商所,120m,2026-06-15 15:00:00,2026-06-15 11:15:00,1,22160.0,22163.0
CY0,棉纱,郑商所,120m,2026-06-24 23:00:00,2026-06-23 23:00:00,3,22150.0,22357.25
CY0,棉纱,郑商所,120m,2026-07-15 15:00:00,2026-07-15 11:15:00,1,22510.0,22534.5
CY0,棉纱,郑商所,120m,2026-07-16 23:00:00,2026-07-15 23:00:00,3,22350.0,22496.75
CY0,棉纱,郑商所,30m,2026-04-02 14:15:00,2026-04-02 10:45:00,3,21600.0,21601.25
CY0,棉纱,郑商所,30m,2026-04-08 11:15:00,2026-04-08 10:45:00,1,21560.0,21561.75
CY0,棉纱,郑商所,30m,2026-04-20 10:00:00,2026-04-20 09:30:00,1,22125.0,22148.25
CY0,棉纱,郑商所,30m,2026-04-28 13:45:00,2026-04-28 11:15:00,1,22465.0,22473.0
CY0,棉纱,郑商所,30m,2026-04-28 21:30:00,2026-04-28 14:45:00,2,22445.0,22483.25
CY0,棉纱,郑商所,30m,2026-05-13 13:45:00,2026-05-13 10:45:00,2,22320.0,22322.5
CY0,棉纱,郑商所,30m,2026-05-14 11:15:00,2026-05-14 10:45:00,1,22365.0,22368.75
CY0,棉纱,郑商所,30m,2026-05-14 14:45:00,2026-05-14 13:45:00,2,22345.0,22369.75
CY0,棉纱,郑商所,30m,2026-05-19 21:30:00,2026-05-19 14:45:00,2,22115.0,22131.5
CY0,棉纱,郑商所,30m,2026-05-21 14:15:00,2026-05-21 13:45:00,1,22040.0,22081.75
CY0,棉纱,郑商所,30m,2026-05-22 22:30:00,2026-05-22 22:00:00,1,21990.0,21994.75
CY0,棉纱,郑商所,30m,2026-06-03 22:00:00,2026-06-03 21:30:00,1,22650.0,22681.25
CY0,棉纱,郑商所,30m,2026-06-03 23:00:00,2026-06-03 22:30:00,1,22675.0,22684.5
CY0,棉纱,郑商所,30m,2026-06-09 22:30:00,2026-06-09 15:00:00,3,22110.0,22144.0
CY0,棉纱,郑商所,30m,2026-06-22 09:30:00,2026-06-18 15:00:00,1,22395.0,22477.75
CY0,棉纱,郑商所,30m,2026-06-24 10:00:00,2026-06-24 09:30:00,1,22395.0,22409.0
CY0,棉纱,郑商所,30m,2026-07-08 10:45:00,2026-07-08 09:30:00,2,22650.0,22724.75
CY0,棉纱,郑商所,30m,2026-07-13 23:00:00,2026-07-13 21:30:00,3,22515.0,22529.75
CY0,棉纱,郑商所,30m,2026-07-15 22:00:00,2026-07-15 21:30:00,1,22520.0,22526.25
CY0,棉纱,郑商所,30m,2026-07-21 14:45:00,2026-07-21 14:15:00,1,22330.0,22351.25
CY0,棉纱,郑商所,30m,2026-07-27 09:30:00,2026-07-24 23:00:00,1,22490.0,22532.75
CY0,棉纱,郑商所,30m,2026-07-29 10:00:00,2026-07-29 09:30:00,1,22305.0,22325.5
CY0,棉纱,郑商所,30m,2026-07-29 21:30:00,2026-07-29 14:15:00,3,22255.0,22286.0
CY0,棉纱,郑商所,60m,2026-01-05 14:15:00,2025-12-31 15:00:00,3,20540.0,20572.0
CY0,棉纱,郑商所,60m,2026-01-20 15:00:00,2026-01-20 14:15:00,1,20500.0,20559.0
CY0,棉纱,郑商所,60m,2026-01-21 10:00:00,2026-01-20 22:00:00,2,20480.0,20543.5
CY0,棉纱,郑商所,60m,2026-01-23 15:00:00,2026-01-23 14:15:00,1,20505.0,20509.75
CY0,棉纱,郑商所,60m,2026-01-26 11:15:00,2026-01-26 10:00:00,1,20480.0,20493.75
CY0,棉纱,郑商所,60m,2026-01-26 22:00:00,2026-01-26 15:00:00,1,20435.0,20490.0
CY0,棉纱,郑商所,60m,2026-02-05 15:00:00,2026-02-05 14:15:00,1,20445.0,20487.25
CY0,棉纱,郑商所,60m,2026-03-05 23:00:00,2026-03-05 22:00:00,1,21045.0,21056.25
CY0,棉纱,郑商所,60m,2026-03-19 23:00:00,2026-03-19 22:00:00,1,21390.0,21399.5
CY0,棉纱,郑商所,60m,2026-04-08 15:00:00,2026-04-08 14:15:00,1,21585.0,21586.5
CY0,棉纱,郑商所,60m,2026-04-14 14:15:00,2026-04-14 10:00:00,2,21820.0,21824.25
CY0,棉纱,郑商所,60m,2026-04-14 22:00:00,2026-04-14 15:00:00,1,21825.0,21840.0
CY0,棉纱,郑商所,60m,2026-04-29 11:15:00,2026-04-29 10:00:00,1,22365.0,22434.5
CY0,棉纱,郑商所,60m,2026-05-13 10:00:00,2026-05-12 22:00:00,2,22300.0,22318.25
CY0,棉纱,郑商所,60m,2026-05-28 10:00:00,2026-05-27 23:00:00,1,22130.0,22181.25
CY0,棉纱,郑商所,60m,2026-07-06 23:00:00,2026-07-06 22:00:00,1,22720.0,22730.25
CY0,棉纱,郑商所,60m,2026-07-07 14:15:00,2026-07-07 10:00:00,2,22730.0,22734.25
CY0,棉纱,郑商所,60m,2026-07-08 11:15:00,2026-07-08 10:00:00,1,22685.0,22746.75
CY0,棉纱,郑商所,60m,2026-07-10 14:15:00,2026-07-10 11:15:00,1,22500.0,22540.75
CY0,棉纱,郑商所,60m,2026-07-10 22:00:00,2026-07-10 15:00:00,1,22490.0,22517.0
CY0,棉纱,郑商所,60m,2026-07-15 15:00:00,2026-07-15 11:15:00,2,22510.0,22524.75
CY0,棉纱,郑商所,60m,2026-07-20 11:15:00,2026-07-20 10:00:00,1,22400.0,22430.5
CY0,棉纱,郑商所,60m,2026-07-31 14:15:00,2026-07-31 10:00:00,2,22225.0,22255.25
CY0,棉纱,郑商所,90m,2026-01-09 13:45:00,2026-01-09 10:00:00,1,20790.0,20796.5
CY0,棉纱,郑商所,90m,2026-01-13 15:00:00,2026-01-13 10:00:00,2,20765.0,20812.75
CY0,棉纱,郑商所,90m,2026-01-23 13:45:00,2026-01-22 22:30:00,2,20480.0,20509.75
CY0,棉纱,郑商所,90m,2026-01-26 13:45:00,2026-01-23 22:30:00,2,20410.0,20496.5
CY0,棉纱,郑商所,90m,2026-01-26 22:30:00,2026-01-26 15:00:00,1,20445.0,20497.5
CY0,棉纱,郑商所,90m,2026-02-05 10:00:00,2026-02-04 15:00:00,2,20520.0,20521.75
CY0,棉纱,郑商所,90m,2026-02-10 15:00:00,2026-02-10 13:45:00,1,20440.0,20456.0
CY0,棉纱,郑商所,90m,2026-03-05 15:00:00,2026-03-04 22:30:00,3,21055.0,21102.0
CY0,棉纱,郑商所,90m,2026-03-17 13:45:00,2026-03-17 10:00:00,1,21565.0,21575.75
CY0,棉纱,郑商所,90m,2026-03-31 10:00:00,2026-03-30 22:30:00,1,21545.0,21549.75
CY0,棉纱,郑商所,90m,2026-03-31 15:00:00,2026-03-31 13:45:00,1,21545.0,21549.0
CY0,棉纱,郑商所,90m,2026-05-14 10:00:00,2026-05-13 22:30:00,1,22350.0,22355.25
CY0,棉纱,郑商所,90m,2026-05-14 22:30:00,2026-05-14 13:45:00,2,22300.0,22336.5
CY0,棉纱,郑商所,90m,2026-07-07 15:00:00,2026-07-06 22:30:00,3,22675.0,22713.5
CY0,棉纱,郑商所,90m,2026-07-08 13:45:00,2026-07-08 10:00:00,1,22570.0,22720.75
CY0,棉纱,郑商所,90m,2026-07-13 13:45:00,2026-07-13 10:00:00,1,22520.0,22564.0
CY0,棉纱,郑商所,90m,2026-07-14 13:45:00,2026-07-13 22:30:00,2,22515.0,22525.25
CY0,棉纱,郑商所,90m,2026-07-14 22:30:00,2026-07-14 15:00:00,1,22470.0,22506.25
CY0,棉纱,郑商所,90m,2026-07-20 13:45:00,2026-07-20 10:00:00,1,22335.0,22452.75
CY0,棉纱,郑商所,90m,2026-07-22 13:45:00,2026-07-22 10:00:00,1,22365.0,22381.0
CY0,棉纱,郑商所,90m,2026-07-31 13:45:00,2026-07-31 10:00:00,1,22265.0,22328.75
CY0,棉纱,郑商所,daily,2026-01-30,2026-01-28,2,20495.0,20639.0
CY0,棉纱,郑商所,daily,2026-02-05,2026-02-04,1,20445.0,20567.25
CY0,棉纱,郑商所,daily,2026-05-15,2026-05-13,2,22080.0,22327.25
CY0,棉纱,郑商所,daily,2026-06-23,2026-06-17,3,22325.0,22341.75
CY0,棉纱,郑商所,daily,2026-06-25,2026-06-24,1,22115.0,22343.75
CY0,棉纱,郑商所,daily,2026-07-27,2026-07-23,2,22455.0,22517.5
EB0,苯乙烯,大商所,120m,2026-02-02 11:15:00,2026-01-30 15:00:00,2,7527.0,7711.95
EB0,苯乙烯,大商所,120m,2026-02-27 23:00:00,2026-02-27 11:15:00,2,7510.0,7524.2
EB0,苯乙烯,大商所,120m,2026-03-18 11:15:00,2026-03-17 11:15:00,3,9925.0,10035.55
EB0,苯乙烯,大商所,120m,2026-04-02 15:00:00,2026-04-02 11:15:00,1,10331.0,10368.6
EB0,苯乙烯,大商所,120m,2026-05-25 11:15:00,2026-05-22 15:00:00,2,8924.0,9291.6
EB0,苯乙烯,大商所,120m,2026-06-04 11:15:00,2026-06-03 11:15:00,3,8721.0,8766.5
EB0,苯乙烯,大商所,120m,2026-06-08 23:00:00,2026-06-08 11:15:00,2,8735.0,8747.85
EB0,苯乙烯,大商所,30m,2026-04-09 10:00:00,2026-04-09 09:30:00,1,10101.0,10194.65
EB0,苯乙烯,大商所,30m,2026-04-13 10:00:00,2026-04-13 09:30:00,1,9990.0,9993.45
EB0,苯乙烯,大商所,30m,2026-04-14 14:15:00,2026-04-14 13:45:00,1,9863.0,9898.85
EB0,苯乙烯,大商所,30m,2026-04-14 22:00:00,2026-04-14 21:30:00,1,9880.0,9889.0
EB0,苯乙烯,大商所,30m,2026-04-15 09:30:00,2026-04-14 23:00:00,1,9824.0,9877.5
EB0,苯乙烯,大商所,30m,2026-04-16 11:15:00,2026-04-16 10:00:00,2,9904.0,9920.95
EB0,苯乙烯,大商所,30m,2026-04-16 14:15:00,2026-04-16 13:45:00,1,9905.0,9921.1
EB0,苯乙烯,大商所,30m,2026-04-16 21:30:00,2026-04-16 15:00:00,1,9735.0,9919.2
EB0,苯乙烯,大商所,30m,2026-04-28 09:30:00,2026-04-27 22:30:00,2,9737.0,9807.15
EB0,苯乙烯,大商所,30m,2026-05-25 09:30:00,2026-05-22 22:00:00,3,9142.0,9276.3
EB0,苯乙烯,大商所,30m,2026-06-02 13:45:00,2026-06-02 11:15:00,1,8682.0,8742.8
EB0,苯乙烯,大商所,30m,2026-06-09 09:30:00,2026-06-08 23:00:00,1,8669.0,8703.7
EB0,苯乙烯,大商所,30m,2026-06-09 10:45:00,2026-06-09 10:00:00,1,8694.0,8708.4
EB0,苯乙烯,大商所,30m,2026-06-10 13:45:00,2026-06-10 10:00:00,3,8556.0,8598.8
EB0,苯乙烯,大商所,30m,2026-06-12 09:30:00,2026-06-11 22:30:00,2,8433.0,8541.65
EB0,苯乙烯,大商所,30m,2026-06-23 10:00:00,2026-06-23 09:30:00,1,7569.0,7659.55
EB0,苯乙烯,大商所,30m,2026-07-06 14:45:00,2026-07-06 13:45:00,2,7321.0,7344.6
EB0,苯乙烯,大商所,30m,2026-07-09 21:30:00,2026-07-09 15:00:00,1,7777.0,7815.8
EB0,苯乙烯,大商所,30m,2026-07-10 14:15:00,2026-07-10 10:45:00,3,7740.0,7818.9
EB0,苯乙烯,大商所,30m,2026-07-17 14:45:00,2026-07-17 11:15:00,3,8584.0,8587.2
EB0,苯乙烯,大商所,30m,2026-07-22 10:00:00,2026-07-22 09:30:00,1,8705.0,8718.75
EB0,苯乙烯,大商所,30m,2026-07-22 21:30:00,2026-07-22 14:45:00,2,8654.0,8678.6
EB0,苯乙烯,大商所,60m,2026-01-06 10:00:00,2026-01-05 22:00:00,2,6778.0,6780.8
EB0,苯乙烯,大商所,60m,2026-01-08 22:00:00,2026-01-08 15:00:00,1,6798.0,6804.8
EB0,苯乙烯,大商所,60m,2026-02-06 10:00:00,2026-02-05 23:00:00,1,7628.0,7699.55
EB0,苯乙烯,大商所,60m,2026-02-11 23:00:00,2026-02-11 22:00:00,1,7483.0,7491.2
EB0,苯乙烯,大商所,60m,2026-02-27 23:00:00,2026-02-27 22:00:00,1,7510.0,7576.75
EB0,苯乙烯,大商所,60m,2026-03-16 22:00:00,2026-03-16 14:15:00,2,9726.0,10124.45
EB0,苯乙烯,大商所,60m,2026-03-24 14:15:00,2026-03-24 10:00:00,2,10270.0,10365.15
EB0,苯乙烯,大商所,60m,2026-03-31 22:00:00,2026-03-31 14:15:00,2,10504.0,10607.4
EB0,苯乙烯,大商所,60m,2026-04-13 15:00:00,2026-04-13 14:15:00,1,9971.0,10000.5
EB0,苯乙烯,大商所,60m,2026-04-16 22:00:00,2026-04-16 14:15:00,2,9814.0,9892.45
EB0,苯乙烯,大商所,60m,2026-04-28 10:00:00,2026-04-27 23:00:00,1,9790.0,9798.7
EB0,苯乙烯,大商所,60m,2026-05-11 22:00:00,2026-05-11 14:15:00,2,9269.0,9303.95
EB0,苯乙烯,大商所,60m,2026-05-12 11:15:00,2026-05-11 23:00:00,2,9228.0,9243.4
EB0,苯乙烯,大商所,60m,2026-05-21 22:00:00,2026-05-21 11:15:00,3,9299.0,9354.5
EB0,苯乙烯,大商所,60m,2026-05-25 10:00:00,2026-05-22 23:00:00,1,9090.0,9315.9
EB0,苯乙烯,大商所,60m,2026-05-28 23:00:00,2026-05-28 22:00:00,1,8768.0,8791.9
EB0,苯乙烯,大商所,60m,2026-06-02 14:15:00,2026-06-02 11:15:00,1,8712.0,8744.45
EB0,苯乙烯,大商所,60m,2026-06-02 23:00:00,2026-06-02 22:00:00,1,8725.0,8733.7
EB0,苯乙烯,大商所,60m,2026-06-08 22:00:00,2026-06-08 11:15:00,3,8676.0,8722.35
EB0,苯乙烯,大商所,60m,2026-06-09 11:15:00,2026-06-08 23:00:00,2,8671.0,8702.25
EB0,苯乙烯,大商所,60m,2026-06-10 11:15:00,2026-06-10 10:00:00,1,8619.0,8656.8
EB0,苯乙烯,大商所,60m,2026-06-11 22:00:00,2026-06-11 11:15:00,3,8536.0,8597.75
EB0,苯乙烯,大商所,60m,2026-06-12 10:00:00,2026-06-11 23:00:00,1,8429.0,8570.95
EB0,苯乙烯,大商所,60m,2026-07-01 23:00:00,2026-07-01 22:00:00,1,7250.0,7263.7
EB0,苯乙烯,大商所,60m,2026-07-02 23:00:00,2026-07-02 22:00:00,1,7263.0,7267.45
EB0,苯乙烯,大商所,60m,2026-07-21 23:00:00,2026-07-21 22:00:00,1,8672.0,8700.8
EB0,苯乙烯,大商所,60m,2026-07-22 11:15:00,2026-07-22 10:00:00,1,8620.0,8704.05
EB0,苯乙烯,大商所,60m,2026-07-22 22:00:00,2026-07-22 15:00:00,1,8643.0,8715.05
EB0,苯乙烯,大商所,90m,2026-02-02 10:00:00,2026-01-30 22:30:00,1,7577.0,7733.6
EB0,苯乙烯,大商所,90m,2026-02-06 10:00:00,2026-02-05 22:30:00,1,7628.0,7674.3
EB0,苯乙烯,大商所,90m,2026-02-06 15:00:00,2026-02-06 13:45:00,1,7625.0,7664.85
EB0,苯乙烯,大商所,90m,2026-02-27 15:00:00,2026-02-27 10:00:00,2,7524.0,7537.65
EB0,苯乙烯,大商所,90m,2026-04-15 15:00:00,2026-04-15 13:45:00,1,9953.0,9967.85
EB0,苯乙烯,大商所,90m,2026-05-06 15:00:00,2026-05-06 13:45:00,1,9873.0,9886.35
EB0,苯乙烯,大商所,90m,2026-06-01 13:45:00,2026-06-01 10:00:00,1,8723.0,8772.7
EB0,苯乙烯,大商所,90m,2026-06-02 10:00:00,2026-06-01 22:30:00,1,8654.0,8748.9
EB0,苯乙烯,大商所,90m,2026-06-08 22:30:00,2026-06-08 13:45:00,2,8691.0,8734.9
EB0,苯乙烯,大商所,90m,2026-06-09 13:45:00,2026-06-09 10:00:00,1,8612.0,8735.85
EB0,苯乙烯,大商所,90m,2026-07-02 10:00:00,2026-07-01 22:30:00,1,7188.0,7253.45
EB0,苯乙烯,大商所,90m,2026-07-22 22:30:00,2026-07-22 15:00:00,1,8647.0,8677.55
EB0,苯乙烯,大商所,90m,2026-07-30 10:00:00,2026-07-29 22:30:00,1,8534.0,8602.4
EB0,苯乙烯,大商所,90m,2026-07-30 22:30:00,2026-07-30 15:00:00,1,8535.0,8550.1
EB0,苯乙烯,大商所,daily,2026-02-25,2026-02-24,1,7578.0,7605.0
EB0,苯乙烯,大商所,daily,2026-04-08,2026-04-02,3,9915.0,10263.8
EB0,苯乙烯,大商所,daily,2026-05-06,2026-04-30,1,9873.0,9935.85
EC0,集运欧线,能源中心,120m,2026-02-13 11:15:00,2026-02-12 11:15:00,2,1217.6,1218.95
EC0,集运欧线,能源中心,120m,2026-02-27 15:00:00,2026-02-27 11:15:00,1,1224.4,1242.03
EC0,集运欧线,能源中心,120m,2026-03-18 11:15:00,2026-03-17 15:00:00,1,1931.6,1975.81
EC0,集运欧线,能源中心,120m,2026-03-24 11:15:00,2026-03-23 15:00:00,1,1929.4,1956.845
EC0,集运欧线,能源中心,120m,2026-04-03 11:15:00,2026-04-02 11:15:00,2,2140.0,2178.035
EC0,集运欧线,能源中心,120m,2026-06-16 11:15:00,2026-06-15 15:00:00,1,3810.5,3839.25
EC0,集运欧线,能源中心,30m,2026-01-27 11:15:00,2026-01-27 10:45:00,1,1163.8,1170.585
EC0,集运欧线,能源中心,30m,2026-01-27 14:15:00,2026-01-27 13:45:00,1,1165.6,1173.125
EC0,集运欧线,能源中心,30m,2026-02-03 10:45:00,2026-02-03 10:00:00,1,1202.1,1203.255
EC0,集运欧线,能源中心,30m,2026-03-06 14:15:00,2026-03-06 13:45:00,1,1882.5,1915.1
EC0,集运欧线,能源中心,30m,2026-03-11 14:45:00,2026-03-11 13:45:00,2,1984.5,1988.1
EC0,集运欧线,能源中心,30m,2026-03-16 10:45:00,2026-03-16 09:30:00,2,1999.1,2047.145
EC0,集运欧线,能源中心,30m,2026-03-18 10:45:00,2026-03-17 15:00:00,3,1927.0,1965.25
EC0,集运欧线,能源中心,30m,2026-03-19 10:45:00,2026-03-19 09:30:00,2,1920.0,1937.06
EC0,集运欧线,能源中心,30m,2026-04-24 13:45:00,2026-04-24 11:15:00,1,2178.9,2186.14
EC0,集运欧线,能源中心,30m,2026-05-26 14:45:00,2026-05-26 13:45:00,2,2873.5,2947.175
EC0,集运欧线,能源中心,30m,2026-05-27 10:00:00,2026-05-26 15:00:00,2,2932.0,2934.95
EC0,集运欧线,能源中心,30m,2026-05-27 13:45:00,2026-05-27 10:45:00,2,2930.0,2931.35
EC0,集运欧线,能源中心,30m,2026-06-03 14:15:00,2026-06-03 13:45:00,1,3754.0,3782.975
EC0,集运欧线,能源中心,30m,2026-06-04 14:15:00,2026-06-04 11:15:00,2,3670.0,3722.575
EC0,集运欧线,能源中心,30m,2026-06-16 15:00:00,2026-06-16 13:45:00,3,3739.5,3830.975
EC0,集运欧线,能源中心,30m,2026-06-18 10:45:00,2026-06-18 10:00:00,1,3767.5,3769.8
EC0,集运欧线,能源中心,30m,2026-06-23 09:30:00,2026-06-22 14:15:00,3,3725.0,3759.325
EC0,集运欧线,能源中心,30m,2026-06-26 10:00:00,2026-06-26 09:30:00,1,3675.0,3718.625
EC0,集运欧线,能源中心,30m,2026-07-10 15:00:00,2026-07-10 14:45:00,1,2427.0,2427.65
EC0,集运欧线,能源中心,30m,2026-07-16 14:45:00,2026-07-16 14:15:00,1,2540.0,2566.3
EC0,集运欧线,能源中心,30m,2026-07-22 14:45:00,2026-07-22 14:15:00,1,2811.0,2816.95
EC0,集运欧线,能源中心,30m,2026-07-28 09:30:00,2026-07-27 15:00:00,1,1615.0,2736.825
EC0,集运欧线,能源中心,60m,2026-01-15 14:15:00,2026-01-14 15:00:00,3,1203.1,1213.635
EC0,集运欧线,能源中心,60m,2026-02-03 11:15:00,2026-02-03 10:00:00,1,1212.2,1214.52
EC0,集运欧线,能源中心,60m,2026-02-04 10:00:00,2026-02-03 14:15:00,2,1213.3,1219.615
EC0,集运欧线,能源中心,60m,2026-03-16 11:15:00,2026-03-16 10:00:00,1,1984.0,2009.345
EC0,集运欧线,能源中心,60m,2026-03-18 10:00:00,2026-03-17 15:00:00,1,1974.2,2004.815
EC0,集运欧线,能源中心,60m,2026-04-13 15:00:00,2026-04-13 14:15:00,1,2043.5,2048.95
EC0,集运欧线,能源中心,60m,2026-06-22 10:00:00,2026-06-18 15:00:00,1,3765.0,3797.625
EC0,集运欧线,能源中心,60m,2026-06-29 10:00:00,2026-06-26 15:00:00,1,3716.0,3721.9
EC0,集运欧线,能源中心,60m,2026-06-30 10:00:00,2026-06-29 14:15:00,2,2880.5,3673.95
EC0,集运欧线,能源中心,60m,2026-07-08 15:00:00,2026-07-08 14:15:00,1,2522.5,2555.775
EC0,集运欧线,能源中心,90m,2026-02-13 10:45:00,2026-02-12 14:15:00,2,1221.8,1224.82
EC0,集运欧线,能源中心,90m,2026-02-27 14:15:00,2026-02-27 10:45:00,1,1242.1,1255.58
EC0,集运欧线,能源中心,90m,2026-03-16 14:15:00,2026-03-16 10:45:00,1,1959.4,1998.77
EC0,集运欧线,能源中心,90m,2026-03-18 10:45:00,2026-03-17 15:00:00,1,1927.0,1988.555
EC0,集运欧线,能源中心,90m,2026-03-24 10:45:00,2026-03-23 14:15:00,2,1933.4,1940.315
EC0,集运欧线,能源中心,90m,2026-06-25 10:45:00,2026-06-24 15:00:00,1,3668.5,3760.4
EC0,集运欧线,能源中心,90m,2026-06-29 15:00:00,2026-06-29 14:15:00,1,3725.0,3731.525
EC0,集运欧线,能源中心,90m,2026-07-28 10:45:00,2026-07-27 15:00:00,1,1618.5,2750.625
EC0,集运欧线,能源中心,daily,2026-04-20,2026-04-17,1,2103.2,2118.895
EG0,乙二醇,大商所,120m,2026-01-13 15:00:00,2026-01-13 11:15:00,1,3815.0,3840.0
EG0,乙二醇,大商所,120m,2026-04-01 15:00:00,2026-03-31 23:00:00,2,4863.0,5175.6
EG0,乙二醇,大商所,120m,2026-04-02 15:00:00,2026-04-02 11:15:00,1,5152.0,5160.75
EG0,乙二醇,大商所,120m,2026-04-16 23:00:00,2026-04-16 15:00:00,1,4911.0,4988.55
EG0,乙二醇,大商所,120m,2026-04-22 15:00:00,2026-04-22 11:15:00,1,4808.0,4852.6
EG0,乙二醇,大商所,120m,2026-04-23 23:00:00,2026-04-23 15:00:00,1,4826.0,4832.45
EG0,乙二醇,大商所,120m,2026-05-18 23:00:00,2026-05-18 11:15:00,2,4750.0,4785.9
EG0,乙二醇,大商所,120m,2026-06-05 23:00:00,2026-06-05 11:15:00,2,4432.0,4490.75
EG0,乙二醇,大商所,120m,2026-07-28 11:15:00,2026-07-27 23:00:00,1,4757.0,4804.6
EG0,乙二醇,大商所,30m,2026-04-03 10:45:00,2026-04-03 10:00:00,1,5073.0,5076.75
EG0,乙二醇,大商所,30m,2026-04-13 10:00:00,2026-04-13 09:30:00,1,4979.0,4998.7
EG0,乙二醇,大商所,30m,2026-04-21 10:45:00,2026-04-21 10:00:00,1,4713.0,4713.2
EG0,乙二醇,大商所,30m,2026-04-24 10:45:00,2026-04-23 23:00:00,3,4794.0,4822.8
EG0,乙二醇,大商所,30m,2026-05-13 22:00:00,2026-05-13 21:30:00,1,4824.0,4831.35
EG0,乙二醇,大商所,30m,2026-05-19 22:00:00,2026-05-19 21:30:00,1,4729.0,4760.95
EG0,乙二醇,大商所,30m,2026-05-20 10:00:00,2026-05-20 09:30:00,1,4729.0,4746.9
EG0,乙二醇,大商所,30m,2026-05-20 15:00:00,2026-05-20 14:15:00,2,4731.0,4746.05
EG0,乙二醇,大商所,30m,2026-05-21 14:15:00,2026-05-21 11:15:00,2,4715.0,4726.0
EG0,乙二醇,大商所,30m,2026-05-29 09:30:00,2026-05-28 23:00:00,1,4434.0,4451.6
EG0,乙二醇,大商所,30m,2026-06-03 10:00:00,2026-06-03 09:30:00,1,4518.0,4528.5
EG0,乙二醇,大商所,30m,2026-06-04 09:30:00,2026-06-03 23:00:00,1,4503.0,4516.9
EG0,乙二醇,大商所,30m,2026-06-10 13:45:00,2026-06-10 10:00:00,3,4495.0,4510.0
EG0,乙二醇,大商所,30m,2026-06-24 10:00:00,2026-06-24 09:30:00,1,4231.0,4247.8
EG0,乙二醇,大商所,30m,2026-07-02 22:30:00,2026-07-02 22:00:00,1,3932.0,3937.8
EG0,乙二醇,大商所,30m,2026-07-09 15:00:00,2026-07-09 14:45:00,1,4131.0,4132.35
EG0,乙二醇,大商所,30m,2026-07-16 14:45:00,2026-07-16 14:15:00,1,4643.0,4644.3
EG0,乙二醇,大商所,30m,2026-07-16 22:00:00,2026-07-16 15:00:00,2,4640.0,4647.9
EG0,乙二醇,大商所,30m,2026-07-17 10:00:00,2026-07-17 09:30:00,1,4623.0,4644.1
EG0,乙二醇,大商所,30m,2026-07-31 09:30:00,2026-07-30 22:30:00,2,5020.0,5056.15
EG0,乙二醇,大商所,30m,2026-07-31 22:00:00,2026-07-31 21:30:00,1,5030.0,5037.15
EG0,乙二醇,大商所,60m,2026-01-13 14:15:00,2026-01-13 11:15:00,1,3816.0,3852.05
EG0,乙二醇,大商所,60m,2026-01-14 10:00:00,2026-01-13 23:00:00,1,3852.0,3854.3
EG0,乙二醇,大商所,60m,2026-01-27 23:00:00,2026-01-27 22:00:00,1,3939.0,3953.9
EG0,乙二醇,大商所,60m,2026-01-28 14:15:00,2026-01-28 11:15:00,1,3966.0,3968.4
EG0,乙二醇,大商所,60m,2026-01-29 15:00:00,2026-01-29 14:15:00,1,3957.0,3957.25
EG0,乙二醇,大商所,60m,2026-01-30 10:00:00,2026-01-29 22:00:00,2,3929.0,3953.25
EG0,乙二醇,大商所,60m,2026-02-06 15:00:00,2026-02-06 14:15:00,1,3743.0,3758.55
EG0,乙二醇,大商所,60m,2026-02-10 11:15:00,2026-02-10 10:00:00,1,3725.0,3739.45
EG0,乙二醇,大商所,60m,2026-03-24 14:15:00,2026-03-24 10:00:00,2,5214.0,5309.1
EG0,乙二醇,大商所,60m,2026-04-02 15:00:00,2026-04-02 14:15:00,1,5152.0,5193.1
EG0,乙二醇,大商所,60m,2026-04-15 22:00:00,2026-04-15 11:15:00,3,4908.0,4930.3
EG0,乙二醇,大商所,60m,2026-05-12 11:15:00,2026-05-12 10:00:00,1,4812.0,4815.85
EG0,乙二醇,大商所,60m,2026-05-15 15:00:00,2026-05-15 14:15:00,1,4758.0,4779.6
EG0,乙二醇,大商所,60m,2026-05-19 14:15:00,2026-05-19 11:15:00,1,4749.0,4751.65
EG0,乙二醇,大商所,60m,2026-05-19 22:00:00,2026-05-19 15:00:00,1,4729.0,4756.4
EG0,乙二醇,大商所,60m,2026-05-20 15:00:00,2026-05-20 14:15:00,1,4731.0,4757.45
EG0,乙二醇,大商所,60m,2026-06-04 10:00:00,2026-06-03 23:00:00,1,4483.0,4520.7
EG0,乙二醇,大商所,60m,2026-06-05 14:15:00,2026-06-05 11:15:00,1,4489.0,4498.6
EG0,乙二醇,大商所,60m,2026-06-05 22:00:00,2026-06-05 15:00:00,1,4442.0,4494.35
EG0,乙二醇,大商所,60m,2026-06-10 14:15:00,2026-06-10 10:00:00,2,4518.0,4525.3
EG0,乙二醇,大商所,60m,2026-06-24 11:15:00,2026-06-23 23:00:00,2,4198.0,4228.55
EG0,乙二醇,大商所,60m,2026-06-30 22:00:00,2026-06-30 15:00:00,1,4036.0,4048.9
EG0,乙二醇,大商所,90m,2026-01-15 10:00:00,2026-01-14 13:45:00,3,3827.0,3853.5
EG0,乙二醇,大商所,90m,2026-03-10 22:30:00,2026-03-10 15:00:00,1,4252.0,4295.35
EG0,乙二醇,大商所,90m,2026-03-27 13:45:00,2026-03-27 10:00:00,1,5197.0,5200.25
EG0,乙二醇,大商所,90m,2026-04-02 15:00:00,2026-04-02 13:45:00,1,5152.0,5223.9
EG0,乙二醇,大商所,90m,2026-04-16 22:30:00,2026-04-16 10:00:00,3,4901.0,4941.7
EG0,乙二醇,大商所,90m,2026-04-22 15:00:00,2026-04-22 13:45:00,1,4808.0,4819.5
EG0,乙二醇,大商所,90m,2026-05-18 22:30:00,2026-05-18 10:00:00,3,4743.0,4784.85
EG0,乙二醇,大商所,90m,2026-06-05 22:30:00,2026-06-05 13:45:00,2,4435.0,4502.5
EG0,乙二醇,大商所,90m,2026-06-10 13:45:00,2026-06-10 10:00:00,1,4495.0,4513.2
EG0,乙二醇,大商所,90m,2026-07-27 15:00:00,2026-07-27 13:45:00,1,4781.0,4808.5
EG0,乙二醇,大商所,90m,2026-07-28 13:45:00,2026-07-28 10:00:00,1,4822.0,4826.85
EG0,乙二醇,大商所,daily,2026-04-08,2026-04-02,3,5071.0,5088.8
EG0,乙二醇,大商所,daily,2026-04-10,2026-04-09,1,4943.0,5132.05
EG0,乙二醇,大商所,daily,2026-06-09,2026-06-08,1,4485.0,4584.1
EG0,乙二醇,大商所,daily,2026-06-15,2026-06-11,2,4427.0,4544.9
FB0,纤维板,大商所,120m,2026-01-20 15:00:00,2026-01-19 15:00:00,2,1270.0,1270.125
FB0,纤维板,大商所,120m,2026-01-22 15:00:00,2026-01-21 11:15:00,3,1269.5,1270.125
FB0,纤维板,大商所,120m,2026-04-21 11:15:00,2026-04-20 15:00:00,1,1347.5,1348.975
FB0,纤维板,大商所,120m,2026-04-23 11:15:00,2026-04-21 15:00:00,3,1355.0,1355.375
FB0,纤维板,大商所,120m,2026-05-07 15:00:00,2026-05-06 15:00:00,2,1340.0,1344.125
FB0,纤维板,大商所,120m,2026-05-13 15:00:00,2026-05-13 11:15:00,1,1320.0,1339.375
FB0,纤维板,大商所,120m,2026-05-25 11:15:00,2026-05-22 11:15:00,2,1288.0,1289.5
FB0,纤维板,大商所,120m,2026-06-08 11:15:00,2026-06-05 11:15:00,2,1282.5,1283.0
FB0,纤维板,大商所,120m,2026-07-08 11:15:00,2026-07-07 11:15:00,2,1322.5,1322.95
FB0,纤维板,大商所,120m,2026-07-09 11:15:00,2026-07-08 15:00:00,1,1323.5,1323.825
FB0,纤维板,大商所,30m,2026-01-26 15:00:00,2026-01-26 14:15:00,2,1273.0,1273.775
FB0,纤维板,大商所,30m,2026-01-27 10:45:00,2026-01-27 10:00:00,1,1273.0,1273.525
FB0,纤维板,大商所,30m,2026-01-28 14:15:00,2026-01-28 13:45:00,1,1273.5,1273.575
FB0,纤维板,大商所,30m,2026-01-28 15:00:00,2026-01-28 14:45:00,1,1272.5,1273.45
FB0,纤维板,大商所,30m,2026-01-29 11:15:00,2026-01-29 09:30:00,3,1273.0,1273.375
FB0,纤维板,大商所,30m,2026-02-05 14:15:00,2026-02-05 11:15:00,2,1276.0,1276.3
FB0,纤维板,大商所,30m,2026-02-10 10:45:00,2026-02-10 09:30:00,2,1278.0,1278.1
FB0,纤维板,大商所,30m,2026-02-13 14:15:00,2026-02-13 11:15:00,2,1279.5,1280.5
FB0,纤维板,大商所,30m,2026-03-13 13:45:00,2026-03-13 11:15:00,1,1270.0,1270.575
FB0,纤维板,大商所,30m,2026-03-26 14:15:00,2026-03-26 10:45:00,3,1324.0,1324.925
FB0,纤维板,大商所,30m,2026-04-28 10:00:00,2026-04-27 14:45:00,3,1353.0,1358.925
FB0,纤维板,大商所,30m,2026-06-03 10:00:00,2026-06-02 14:45:00,3,1286.0,1286.325
FB0,纤维板,大商所,30m,2026-06-03 14:15:00,2026-06-03 13:45:00,1,1285.0,1285.95
FB0,纤维板,大商所,30m,2026-06-04 10:45:00,2026-06-04 10:00:00,1,1285.5,1285.7
FB0,纤维板,大商所,30m,2026-06-05 13:45:00,2026-06-05 10:45:00,2,1284.0,1284.725
FB0,纤维板,大商所,30m,2026-06-08 14:15:00,2026-06-08 13:45:00,1,1283.5,1284.25
FB0,纤维板,大商所,30m,2026-06-08 15:00:00,2026-06-08 14:45:00,1,1283.5,1284.225
FB0,纤维板,大商所,30m,2026-06-09 11:15:00,2026-06-09 09:30:00,3,1284.5,1284.55
FB0,纤维板,大商所,30m,2026-07-09 11:15:00,2026-07-09 10:45:00,1,1323.5,1323.775
FB0,纤维板,大商所,30m,2026-07-09 14:45:00,2026-07-09 13:45:00,2,1324.5,1324.775
FB0,纤维板,大商所,30m,2026-07-10 15:00:00,2026-07-10 14:45:00,1,1322.0,1322.325
FB0,纤维板,大商所,30m,2026-07-14 14:15:00,2026-07-14 13:45:00,1,1319.0,1319.475
FB0,纤维板,大商所,30m,2026-07-15 09:30:00,2026-07-14 15:00:00,1,1318.0,1319.55
FB0,纤维板,大商所,30m,2026-07-22 09:30:00,2026-07-21 15:00:00,1,1311.0,1312.55
FB0,纤维板,大商所,30m,2026-07-22 13:45:00,2026-07-22 10:00:00,3,1311.5,1312.125
FB0,纤维板,大商所,30m,2026-07-27 15:00:00,2026-07-27 14:45:00,1,1269.5,1274.4
FB0,纤维板,大商所,30m,2026-07-29 13:45:00,2026-07-29 10:45:00,2,1273.5,1274.175
FB0,纤维板,大商所,30m,2026-07-31 10:00:00,2026-07-31 09:30:00,1,1273.5,1275.0
FB0,纤维板,大商所,60m,2026-01-16 11:15:00,2026-01-15 15:00:00,2,1268.0,1268.525
FB0,纤维板,大商所,60m,2026-01-23 11:15:00,2026-01-23 10:00:00,1,1270.5,1272.05
FB0,纤维板,大商所,60m,2026-02-09 15:00:00,2026-02-09 10:00:00,3,1275.5,1276.975
FB0,纤维板,大商所,60m,2026-02-24 15:00:00,2026-02-24 10:00:00,3,1279.0,1280.125
FB0,纤维板,大商所,60m,2026-04-22 10:00:00,2026-04-21 15:00:00,1,1354.5,1355.075
FB0,纤维板,大商所,60m,2026-05-28 10:00:00,2026-05-27 11:15:00,3,1284.5,1286.4
FB0,纤维板,大商所,60m,2026-06-04 15:00:00,2026-06-04 14:15:00,1,1281.0,1284.575
FB0,纤维板,大商所,60m,2026-06-05 14:15:00,2026-06-05 11:15:00,1,1284.0,1285.375
FB0,纤维板,大商所,60m,2026-06-08 11:15:00,2026-06-08 10:00:00,1,1282.5,1284.975
FB0,纤维板,大商所,60m,2026-06-09 11:15:00,2026-06-09 10:00:00,1,1284.5,1284.55
FB0,纤维板,大商所,60m,2026-07-08 11:15:00,2026-07-07 14:15:00,3,1322.5,1323.025
FB0,纤维板,大商所,60m,2026-07-13 11:15:00,2026-07-10 15:00:00,2,1320.0,1322.425
FB0,纤维板,大商所,60m,2026-07-31 11:15:00,2026-07-31 10:00:00,1,1271.0,1273.475
FB0,纤维板,大商所,90m,2026-01-23 14:15:00,2026-01-23 10:45:00,1,1270.0,1271.0
FB0,纤维板,大商所,90m,2026-01-29 14:15:00,2026-01-29 10:45:00,1,1272.5,1274.1
FB0,纤维板,大商所,90m,2026-02-06 10:45:00,2026-02-05 15:00:00,1,1277.5,1277.575
FB0,纤维板,大商所,90m,2026-02-06 15:00:00,2026-02-06 14:15:00,1,1277.5,1278.05
FB0,纤维板,大商所,90m,2026-02-09 14:15:00,2026-02-09 10:45:00,1,1278.5,1278.575
FB0,纤维板,大商所,90m,2026-03-10 10:45:00,2026-03-09 10:45:00,3,1271.0,1294.15
FB0,纤维板,大商所,90m,2026-04-23 10:45:00,2026-04-22 10:45:00,3,1354.5,1357.0
FB0,纤维板,大商所,90m,2026-05-13 14:15:00,2026-05-13 10:45:00,1,1328.5,1341.275
FB0,纤维板,大商所,90m,2026-06-05 14:15:00,2026-06-05 10:45:00,1,1284.0,1284.275
FB0,纤维板,大商所,90m,2026-06-08 14:15:00,2026-06-05 15:00:00,2,1283.5,1284.625
FB0,纤维板,大商所,90m,2026-06-22 14:15:00,2026-06-18 14:15:00,3,1282.0,1283.85
FB0,纤维板,大商所,90m,2026-07-09 10:45:00,2026-07-08 15:00:00,1,1324.5,1325.15
FB0,纤维板,大商所,90m,2026-07-10 10:45:00,2026-07-09 14:15:00,2,1318.0,1323.325
FB0,纤维板,大商所,daily,2026-01-22,2026-01-21,1,1269.5,1277.25
FB0,纤维板,大商所,daily,2026-01-26,2026-01-23,1,1273.0,1275.75
FB0,纤维板,大商所,daily,2026-02-03,2026-01-29,3,1272.0,1272.675
FB0,纤维板,大商所,daily,2026-05-07,2026-05-06,1,1340.0,1345.45
FB0,纤维板,大商所,daily,2026-05-12,2026-05-08,2,1335.5,1348.575
FG0,玻璃,郑商所,120m,2026-02-02 11:15:00,2026-01-30 23:00:00,1,1067.0,1071.35
FG0,玻璃,郑商所,120m,2026-02-03 11:15:00,2026-02-02 23:00:00,1,1068.0,1072.1
FG0,玻璃,郑商所,120m,2026-02-10 11:15:00,2026-02-09 15:00:00,2,1072.0,1079.05
FG0,玻璃,郑商所,120m,2026-02-27 23:00:00,2026-02-27 15:00:00,1,1050.0,1058.55
FG0,玻璃,郑商所,120m,2026-03-03 23:00:00,2026-03-03 15:00:00,1,1049.0,1050.7
FG0,玻璃,郑商所,120m,2026-04-27 11:15:00,2026-04-24 23:00:00,1,1079.0,1083.0
FG0,玻璃,郑商所,120m,2026-05-13 23:00:00,2026-05-12 23:00:00,3,1052.0,1063.8
FG0,玻璃,郑商所,120m,2026-05-25 23:00:00,2026-05-25 11:15:00,2,1025.0,1027.05
FG0,玻璃,郑商所,120m,2026-06-29 23:00:00,2026-06-29 15:00:00,1,966.0,973.65
FG0,玻璃,郑商所,120m,2026-06-30 23:00:00,2026-06-30 11:15:00,2,964.0,972.3
FG0,玻璃,郑商所,120m,2026-07-10 23:00:00,2026-07-10 11:15:00,2,960.0,963.15
FG0,玻璃,郑商所,120m,2026-07-27 15:00:00,2026-07-24 15:00:00,3,900.0,903.85
FG0,玻璃,郑商所,30m,2026-04-02 21:30:00,2026-04-02 15:00:00,1,988.0,1000.55
FG0,玻璃,郑商所,30m,2026-04-09 09:30:00,2026-04-08 23:00:00,1,974.0,976.3
FG0,玻璃,郑商所,30m,2026-04-09 13:45:00,2026-04-09 10:00:00,3,976.0,977.65
FG0,玻璃,郑商所,30m,2026-04-13 10:00:00,2026-04-10 22:30:00,3,964.0,966.25
FG0,玻璃,郑商所,30m,2026-04-14 13:45:00,2026-04-14 10:45:00,2,962.0,964.65
FG0,玻璃,郑商所,30m,2026-04-14 14:45:00,2026-04-14 14:15:00,1,964.0,964.3
FG0,玻璃,郑商所,30m,2026-04-24 22:00:00,2026-04-24 21:30:00,1,1083.0,1085.05
FG0,玻璃,郑商所,30m,2026-05-18 14:45:00,2026-05-18 13:45:00,2,1039.0,1041.2
FG0,玻璃,郑商所,30m,2026-06-03 09:30:00,2026-06-02 22:30:00,2,1048.0,1048.05
FG0,玻璃,郑商所,30m,2026-06-12 13:45:00,2026-06-12 10:00:00,3,989.0,989.25
FG0,玻璃,郑商所,30m,2026-06-16 22:30:00,2026-06-16 22:00:00,1,1003.0,1008.6
FG0,玻璃,郑商所,30m,2026-06-25 14:45:00,2026-06-25 14:15:00,1,971.0,975.35
FG0,玻璃,郑商所,30m,2026-07-01 14:15:00,2026-07-01 13:45:00,1,963.0,967.65
FG0,玻璃,郑商所,30m,2026-07-06 14:15:00,2026-07-06 13:45:00,1,972.0,974.1
FG0,玻璃,郑商所,30m,2026-07-09 09:30:00,2026-07-08 23:00:00,1,952.0,956.85
FG0,玻璃,郑商所,30m,2026-07-15 14:45:00,2026-07-15 11:15:00,3,948.0,949.8
FG0,玻璃,郑商所,30m,2026-07-15 22:30:00,2026-07-15 22:00:00,1,949.0,949.45
FG0,玻璃,郑商所,30m,2026-07-23 11:15:00,2026-07-23 10:00:00,2,908.0,908.8
FG0,玻璃,郑商所,30m,2026-07-29 10:45:00,2026-07-29 10:00:00,1,887.0,888.75
FG0,玻璃,郑商所,30m,2026-07-31 21:30:00,2026-07-31 15:00:00,1,871.0,874.25
FG0,玻璃,郑商所,60m,2026-01-12 22:00:00,2026-01-12 15:00:00,1,1125.0,1140.55
FG0,玻璃,郑商所,60m,2026-01-28 15:00:00,2026-01-28 11:15:00,2,1067.0,1071.8
FG0,玻璃,郑商所,60m,2026-02-02 11:15:00,2026-01-30 22:00:00,3,1067.0,1072.5
FG0,玻璃,郑商所,60m,2026-02-03 11:15:00,2026-02-02 22:00:00,3,1068.0,1072.1
FG0,玻璃,郑商所,60m,2026-02-05 22:00:00,2026-02-05 15:00:00,1,1071.0,1086.7
FG0,玻璃,郑商所,60m,2026-02-09 15:00:00,2026-02-09 14:15:00,1,1078.0,1080.5
FG0,玻璃,郑商所,60m,2026-02-10 11:15:00,2026-02-09 22:00:00,3,1072.0,1075.75
FG0,玻璃,郑商所,60m,2026-02-11 15:00:00,2026-02-11 14:15:00,1,1071.0,1072.25
FG0,玻璃,郑商所,60m,2026-02-12 14:15:00,2026-02-12 11:15:00,1,1070.0,1072.45
FG0,玻璃,郑商所,60m,2026-02-26 11:15:00,2026-02-26 10:00:00,1,1051.0,1056.15
FG0,玻璃,郑商所,60m,2026-02-26 22:00:00,2026-02-26 15:00:00,1,1047.0,1054.5
FG0,玻璃,郑商所,60m,2026-02-27 22:00:00,2026-02-27 15:00:00,1,1049.0,1055.2
FG0,玻璃,郑商所,60m,2026-03-04 23:00:00,2026-03-04 22:00:00,1,1041.0,1041.95
FG0,玻璃,郑商所,60m,2026-03-24 15:00:00,2026-03-24 10:00:00,3,1064.0,1067.55
FG0,玻璃,郑商所,60m,2026-03-30 11:15:00,2026-03-30 10:00:00,1,1038.0,1041.35
FG0,玻璃,郑商所,60m,2026-03-30 15:00:00,2026-03-30 14:15:00,1,1040.0,1040.15
FG0,玻璃,郑商所,60m,2026-04-08 11:15:00,2026-04-08 10:00:00,1,980.0,985.2
FG0,玻璃,郑商所,60m,2026-04-24 10:00:00,2026-04-23 22:00:00,2,1080.0,1085.7
FG0,玻璃,郑商所,60m,2026-05-26 11:15:00,2026-05-26 10:00:00,1,1023.0,1027.65
FG0,玻璃,郑商所,60m,2026-06-03 10:00:00,2026-06-02 23:00:00,1,1047.0,1049.75
FG0,玻璃,郑商所,60m,2026-06-12 11:15:00,2026-06-12 10:00:00,1,991.0,991.45
FG0,玻璃,郑商所,60m,2026-06-17 15:00:00,2026-06-17 14:15:00,1,996.0,1005.1
FG0,玻璃,郑商所,60m,2026-06-24 14:15:00,2026-06-24 11:15:00,1,974.0,974.95
FG0,玻璃,郑商所,60m,2026-06-26 11:15:00,2026-06-26 10:00:00,1,969.0,972.75
FG0,玻璃,郑商所,60m,2026-06-29 10:00:00,2026-06-26 23:00:00,1,970.0,973.65
FG0,玻璃,郑商所,60m,2026-06-29 22:00:00,2026-06-29 14:15:00,2,966.0,973.65
FG0,玻璃,郑商所,60m,2026-06-30 22:00:00,2026-06-30 11:15:00,3,964.0,971.7
FG0,玻璃,郑商所,60m,2026-07-02 15:00:00,2026-07-02 14:15:00,1,966.0,966.85
FG0,玻璃,郑商所,60m,2026-07-08 15:00:00,2026-07-08 14:15:00,1,962.0,964.25
FG0,玻璃,郑商所,60m,2026-07-31 11:15:00,2026-07-31 10:00:00,1,877.0,880.0
FG0,玻璃,郑商所,90m,2026-01-19 10:00:00,2026-01-16 22:30:00,1,1093.0,1104.25
FG0,玻璃,郑商所,90m,2026-01-23 13:45:00,2026-01-23 10:00:00,1,1056.0,1064.55
FG0,玻璃,郑商所,90m,2026-02-02 13:45:00,2026-01-30 22:30:00,2,1058.0,1072.15
FG0,玻璃,郑商所,90m,2026-02-03 13:45:00,2026-02-02 22:30:00,2,1065.0,1071.2
FG0,玻璃,郑商所,90m,2026-02-09 15:00:00,2026-02-09 13:45:00,1,1078.0,1082.75
FG0,玻璃,郑商所,90m,2026-02-25 22:30:00,2026-02-25 13:45:00,2,1054.0,1060.9
FG0,玻璃,郑商所,90m,2026-02-27 22:30:00,2026-02-27 15:00:00,1,1048.0,1054.6
FG0,玻璃,郑商所,90m,2026-03-04 10:00:00,2026-03-03 15:00:00,2,1047.0,1049.05
FG0,玻璃,郑商所,90m,2026-03-23 22:30:00,2026-03-23 10:00:00,3,1064.0,1076.25
FG0,玻璃,郑商所,90m,2026-03-24 15:00:00,2026-03-24 13:45:00,1,1064.0,1071.7
FG0,玻璃,郑商所,90m,2026-05-13 22:30:00,2026-05-13 15:00:00,1,1055.0,1064.25
FG0,玻璃,郑商所,90m,2026-05-25 22:30:00,2026-05-25 10:00:00,3,1023.0,1023.85
FG0,玻璃,郑商所,90m,2026-05-26 15:00:00,2026-05-26 10:00:00,2,1023.0,1024.3
FG0,玻璃,郑商所,90m,2026-06-02 15:00:00,2026-06-02 13:45:00,1,1043.0,1044.3
FG0,玻璃,郑商所,90m,2026-06-29 10:00:00,2026-06-26 22:30:00,1,970.0,972.7
FG0,玻璃,郑商所,90m,2026-06-29 22:30:00,2026-06-29 13:45:00,2,967.0,972.3
FG0,玻璃,郑商所,90m,2026-06-30 22:30:00,2026-06-30 13:45:00,2,966.0,972.7
FG0,玻璃,郑商所,90m,2026-07-08 15:00:00,2026-07-08 13:45:00,1,962.0,964.65
FG0,玻璃,郑商所,90m,2026-07-10 22:30:00,2026-07-10 13:45:00,2,960.0,960.4
FG0,玻璃,郑商所,90m,2026-07-13 13:45:00,2026-07-13 10:00:00,1,957.0,958.8
FG0,玻璃,郑商所,90m,2026-07-23 13:45:00,2026-07-22 15:00:00,3,902.0,906.8
FG0,玻璃,郑商所,90m,2026-07-27 13:45:00,2026-07-24 15:00:00,3,902.0,902.95
FG0,玻璃,郑商所,daily,2026-02-06,2026-02-04,2,1072.0,1078.5
FG0,玻璃,郑商所,daily,2026-02-10,2026-02-09,1,1070.0,1073.95
FG0,玻璃,郑商所,daily,2026-03-24,2026-03-23,1,1064.0,1076.4
FG0,玻璃,郑商所,daily,2026-06-02,2026-05-29,2,1043.0,1044.9
FG0,玻璃,郑商所,daily,2026-06-04,2026-06-03,1,1031.0,1041.65
FU0,燃油,上期所,120m,2026-01-07 11:15:00,2026-01-06 15:00:00,2,2425.0,2470.85
FU0,燃油,上期所,120m,2026-01-09 23:00:00,2026-01-08 23:00:00,3,2443.0,2462.7
FU0,燃油,上期所,120m,2026-01-12 23:00:00,2026-01-12 15:00:00,1,2421.0,2457.9
FU0,燃油,上期所,120m,2026-01-21 15:00:00,2026-01-20 23:00:00,2,2542.0,2544.5
FU0,燃油,上期所,120m,2026-03-23 23:00:00,2026-03-20 23:00:00,3,4587.0,4804.95
FU0,燃油,上期所,120m,2026-03-30 23:00:00,2026-03-30 11:15:00,2,4575.0,4578.5
FU0,燃油,上期所,120m,2026-05-20 15:00:00,2026-05-19 23:00:00,2,4173.0,4220.45
FU0,燃油,上期所,120m,2026-05-22 11:15:00,2026-05-21 23:00:00,1,4045.0,4136.9
FU0,燃油,上期所,120m,2026-06-08 23:00:00,2026-06-08 11:15:00,2,3828.0,3887.4
FU0,燃油,上期所,120m,2026-07-06 11:15:00,2026-07-03 23:00:00,1,2921.0,2938.55
FU0,燃油,上期所,120m,2026-07-06 23:00:00,2026-07-06 15:00:00,1,2927.0,2934.6
FU0,燃油,上期所,30m,2026-04-09 10:00:00,2026-04-09 09:30:00,1,4093.0,4141.1
FU0,燃油,上期所,30m,2026-04-16 11:15:00,2026-04-16 10:00:00,2,4019.0,4020.75
FU0,燃油,上期所,30m,2026-04-16 23:00:00,2026-04-16 22:00:00,2,4022.0,4023.4
FU0,燃油,上期所,30m,2026-05-08 13:45:00,2026-05-08 10:45:00,2,4286.0,4287.65
FU0,燃油,上期所,30m,2026-05-15 10:00:00,2026-05-15 09:30:00,1,4067.0,4070.2
FU0,燃油,上期所,30m,2026-05-19 09:30:00,2026-05-18 23:00:00,1,4180.0,4182.2
FU0,燃油,上期所,30m,2026-05-21 22:00:00,2026-05-21 21:30:00,1,4144.0,4154.65
FU0,燃油,上期所,30m,2026-05-22 09:30:00,2026-05-21 22:30:00,2,4113.0,4138.85
FU0,燃油,上期所,30m,2026-05-29 09:30:00,2026-05-28 23:00:00,1,3773.0,3799.65
FU0,燃油,上期所,30m,2026-06-12 09:30:00,2026-06-11 22:30:00,2,3652.0,3749.95
FU0,燃油,上期所,30m,2026-06-30 22:30:00,2026-06-30 21:30:00,2,2972.0,2972.6
FU0,燃油,上期所,30m,2026-07-07 13:45:00,2026-07-07 11:15:00,1,2931.0,2934.85
FU0,燃油,上期所,30m,2026-07-10 22:00:00,2026-07-10 21:30:00,1,3136.0,3144.0
FU0,燃油,上期所,30m,2026-07-16 11:15:00,2026-07-16 09:30:00,3,3573.0,3578.2
FU0,燃油,上期所,30m,2026-07-17 10:00:00,2026-07-17 09:30:00,1,3567.0,3568.65
FU0,燃油,上期所,30m,2026-07-17 11:15:00,2026-07-17 10:45:00,1,3561.0,3565.1
FU0,燃油,上期所,60m,2026-01-07 23:00:00,2026-01-07 22:00:00,1,2441.0,2455.95
FU0,燃油,上期所,60m,2026-01-08 11:15:00,2026-01-08 10:00:00,1,2450.0,2456.95
FU0,燃油,上期所,60m,2026-01-16 10:00:00,2026-01-15 23:00:00,1,2542.0,2542.95
FU0,燃油,上期所,60m,2026-01-16 23:00:00,2026-01-16 22:00:00,1,2554.0,2567.35
FU0,燃油,上期所,60m,2026-01-27 23:00:00,2026-01-27 14:15:00,3,2673.0,2685.25
FU0,燃油,上期所,60m,2026-02-09 14:15:00,2026-02-06 23:00:00,3,2789.0,2797.7
FU0,燃油,上期所,60m,2026-03-10 22:00:00,2026-03-10 11:15:00,3,4252.0,4283.05
FU0,燃油,上期所,60m,2026-03-11 23:00:00,2026-03-11 22:00:00,1,4425.0,4427.45
FU0,燃油,上期所,60m,2026-03-17 22:00:00,2026-03-17 14:15:00,2,4739.0,4758.0
FU0,燃油,上期所,60m,2026-05-28 14:15:00,2026-05-28 11:15:00,1,3825.0,3828.75
FU0,燃油,上期所,60m,2026-05-28 23:00:00,2026-05-28 22:00:00,1,3806.0,3829.0
FU0,燃油,上期所,60m,2026-06-11 14:15:00,2026-06-11 10:00:00,2,3774.0,3785.95
FU0,燃油,上期所,60m,2026-06-11 22:00:00,2026-06-11 15:00:00,1,3742.0,3763.75
FU0,燃油,上期所,60m,2026-06-12 10:00:00,2026-06-11 23:00:00,1,3655.0,3744.4
FU0,燃油,上期所,60m,2026-06-26 15:00:00,2026-06-26 14:15:00,1,2975.0,2983.25
FU0,燃油,上期所,60m,2026-06-29 14:15:00,2026-06-29 11:15:00,1,2960.0,2968.55
FU0,燃油,上期所,60m,2026-06-30 23:00:00,2026-06-30 22:00:00,1,2963.0,2971.0
FU0,燃油,上期所,90m,2026-01-08 13:45:00,2026-01-08 10:00:00,1,2453.0,2456.8
FU0,燃油,上期所,90m,2026-01-21 10:00:00,2026-01-20 22:30:00,1,2541.0,2554.25
FU0,燃油,上期所,90m,2026-04-13 15:00:00,2026-04-13 13:45:00,1,4191.0,4191.1
FU0,燃油,上期所,90m,2026-05-18 22:30:00,2026-05-18 15:00:00,1,4158.0,4230.65
FU0,燃油,上期所,90m,2026-06-08 22:30:00,2026-06-08 10:00:00,3,3818.0,3891.25
FU0,燃油,上期所,90m,2026-07-01 10:00:00,2026-06-30 22:30:00,1,2916.0,2966.75
FU0,燃油,上期所,90m,2026-07-03 15:00:00,2026-07-03 10:00:00,2,2928.0,2929.5
FU0,燃油,上期所,90m,2026-07-30 22:30:00,2026-07-30 15:00:00,1,3628.0,3661.2
FU0,燃油,上期所,daily,2026-01-07,2026-01-06,1,2437.0,2441.8
FU0,燃油,上期所,daily,2026-05-20,2026-05-18,2,4173.0,4198.4
HC0,热轧卷板,上期所,120m,2026-02-26 11:15:00,2026-02-25 15:00:00,2,3220.0,3221.95
HC0,热轧卷板,上期所,120m,2026-03-02 11:15:00,2026-02-27 23:00:00,1,3211.0,3217.05
HC0,热轧卷板,上期所,120m,2026-03-02 23:00:00,2026-03-02 15:00:00,1,3207.0,3215.95
HC0,热轧卷板,上期所,120m,2026-03-03 23:00:00,2026-03-03 15:00:00,1,3214.0,3214.75
HC0,热轧卷板,上期所,120m,2026-03-05 11:15:00,2026-03-04 23:00:00,1,3213.0,3215.6
HC0,热轧卷板,上期所,120m,2026-03-25 23:00:00,2026-03-25 15:00:00,1,3311.0,3312.85
HC0,热轧卷板,上期所,120m,2026-04-01 23:00:00,2026-03-31 23:00:00,3,3285.0,3305.5
HC0,热轧卷板,上期所,120m,2026-04-14 11:15:00,2026-04-13 23:00:00,1,3275.0,3277.75
HC0,热轧卷板,上期所,120m,2026-05-13 23:00:00,2026-05-13 15:00:00,1,3472.0,3477.75
HC0,热轧卷板,上期所,120m,2026-05-25 23:00:00,2026-05-25 11:15:00,2,3402.0,3414.2
HC0,热轧卷板,上期所,120m,2026-06-08 11:15:00,2026-06-05 23:00:00,1,3375.0,3388.45
HC0,热轧卷板,上期所,120m,2026-06-10 23:00:00,2026-06-10 15:00:00,1,3372.0,3378.3
HC0,热轧卷板,上期所,120m,2026-07-27 15:00:00,2026-07-27 11:15:00,1,3294.0,3295.05
HC0,热轧卷板,上期所,120m,2026-07-29 15:00:00,2026-07-29 11:15:00,1,3286.0,3287.8
HC0,热轧卷板,上期所,30m,2026-04-13 09:30:00,2026-04-10 23:00:00,1,3270.0,3272.05
HC0,热轧卷板,上期所,30m,2026-04-24 13:45:00,2026-04-24 11:15:00,1,3392.0,3393.7
HC0,热轧卷板,上期所,30m,2026-04-24 15:00:00,2026-04-24 14:15:00,2,3392.0,3392.7
HC0,热轧卷板,上期所,30m,2026-04-27 15:00:00,2026-04-27 14:45:00,1,3394.0,3398.05
HC0,热轧卷板,上期所,30m,2026-04-27 22:00:00,2026-04-27 21:30:00,1,3393.0,3398.65
HC0,热轧卷板,上期所,30m,2026-05-13 21:30:00,2026-05-13 14:15:00,3,3474.0,3476.15
HC0,热轧卷板,上期所,30m,2026-05-14 09:30:00,2026-05-13 23:00:00,1,3471.0,3471.45
HC0,热轧卷板,上期所,30m,2026-05-19 21:30:00,2026-05-19 15:00:00,1,3425.0,3425.55
HC0,热轧卷板,上期所,30m,2026-05-20 21:30:00,2026-05-20 15:00:00,1,3410.0,3414.8
HC0,热轧卷板,上期所,30m,2026-05-28 23:00:00,2026-05-28 21:30:00,3,3369.0,3369.1
HC0,热轧卷板,上期所,30m,2026-06-02 14:15:00,2026-06-02 13:45:00,1,3397.0,3398.15
HC0,热轧卷板,上期所,30m,2026-06-03 09:30:00,2026-06-02 22:30:00,2,3394.0,3398.95
HC0,热轧卷板,上期所,30m,2026-06-03 22:30:00,2026-06-03 21:30:00,2,3394.0,3394.45
HC0,热轧卷板,上期所,30m,2026-06-04 09:30:00,2026-06-03 23:00:00,1,3386.0,3393.75
HC0,热轧卷板,上期所,30m,2026-06-05 14:15:00,2026-06-05 11:15:00,2,3378.0,3380.3
HC0,热轧卷板,上期所,30m,2026-06-09 22:00:00,2026-06-09 21:30:00,1,3360.0,3364.25
HC0,热轧卷板,上期所,30m,2026-06-10 10:45:00,2026-06-10 10:00:00,1,3360.0,3360.75
HC0,热轧卷板,上期所,30m,2026-06-24 14:45:00,2026-06-24 11:15:00,3,3325.0,3325.8
HC0,热轧卷板,上期所,30m,2026-06-24 23:00:00,2026-06-24 22:00:00,2,3325.0,3326.4
HC0,热轧卷板,上期所,30m,2026-06-25 13:45:00,2026-06-25 10:00:00,3,3316.0,3326.9
HC0,热轧卷板,上期所,30m,2026-06-26 14:45:00,2026-06-26 14:15:00,1,3313.0,3315.15
HC0,热轧卷板,上期所,30m,2026-06-26 21:30:00,2026-06-26 15:00:00,1,3308.0,3313.95
HC0,热轧卷板,上期所,30m,2026-06-29 10:00:00,2026-06-26 23:00:00,2,3305.0,3310.6
HC0,热轧卷板,上期所,30m,2026-06-29 21:30:00,2026-06-29 14:15:00,3,3310.0,3311.15
HC0,热轧卷板,上期所,30m,2026-06-30 10:00:00,2026-06-30 09:30:00,1,3307.0,3310.45
HC0,热轧卷板,上期所,30m,2026-06-30 14:15:00,2026-06-30 13:45:00,1,3309.0,3309.95
HC0,热轧卷板,上期所,30m,2026-06-30 21:30:00,2026-06-30 14:45:00,2,3309.0,3310.25
HC0,热轧卷板,上期所,30m,2026-07-03 10:45:00,2026-07-03 10:00:00,1,3280.0,3283.55
HC0,热轧卷板,上期所,30m,2026-07-16 14:15:00,2026-07-16 11:15:00,2,3321.0,3324.55
HC0,热轧卷板,上期所,30m,2026-07-17 13:45:00,2026-07-17 10:45:00,2,3320.0,3326.05
HC0,热轧卷板,上期所,30m,2026-07-22 15:00:00,2026-07-22 14:45:00,1,3282.0,3284.45
HC0,热轧卷板,上期所,30m,2026-07-22 23:00:00,2026-07-22 21:30:00,3,3286.0,3286.5
HC0,热轧卷板,上期所,30m,2026-07-23 21:30:00,2026-07-23 14:15:00,3,3285.0,3288.1
HC0,热轧卷板,上期所,30m,2026-07-28 22:30:00,2026-07-28 22:00:00,1,3282.0,3285.05
HC0,热轧卷板,上期所,60m,2026-01-12 14:15:00,2026-01-12 11:15:00,1,3309.0,3309.2
HC0,热轧卷板,上期所,60m,2026-01-12 22:00:00,2026-01-12 15:00:00,1,3299.0,3308.85
HC0,热轧卷板,上期所,60m,2026-01-15 11:15:00,2026-01-14 23:00:00,2,3301.0,3308.35
HC0,热轧卷板,上期所,60m,2026-01-19 10:00:00,2026-01-16 23:00:00,1,3298.0,3310.7
HC0,热轧卷板,上期所,60m,2026-01-21 23:00:00,2026-01-21 22:00:00,1,3288.0,3290.7
HC0,热轧卷板,上期所,60m,2026-02-02 10:00:00,2026-01-30 23:00:00,1,3283.0,3293.85
HC0,热轧卷板,上期所,60m,2026-02-04 14:15:00,2026-02-04 11:15:00,1,3274.0,3275.55
HC0,热轧卷板,上期所,60m,2026-02-04 23:00:00,2026-02-04 22:00:00,1,3271.0,3273.35
HC0,热轧卷板,上期所,60m,2026-02-12 23:00:00,2026-02-12 22:00:00,1,3224.0,3226.35
HC0,热轧卷板,上期所,60m,2026-02-13 14:15:00,2026-02-13 11:15:00,1,3224.0,3225.55
HC0,热轧卷板,上期所,60m,2026-02-26 22:00:00,2026-02-26 15:00:00,1,3213.0,3213.9
HC0,热轧卷板,上期所,60m,2026-03-02 10:00:00,2026-02-27 15:00:00,3,3215.0,3216.3
HC0,热轧卷板,上期所,60m,2026-03-02 23:00:00,2026-03-02 15:00:00,2,3207.0,3215.85
HC0,热轧卷板,上期所,60m,2026-03-04 10:00:00,2026-03-03 15:00:00,3,3211.0,3212.9
HC0,热轧卷板,上期所,60m,2026-03-04 15:00:00,2026-03-04 14:15:00,1,3212.0,3213.75
HC0,热轧卷板,上期所,60m,2026-03-05 11:15:00,2026-03-04 22:00:00,3,3213.0,3215.1
HC0,热轧卷板,上期所,60m,2026-03-18 22:00:00,2026-03-18 15:00:00,1,3303.0,3303.95
HC0,热轧卷板,上期所,60m,2026-03-19 10:00:00,2026-03-18 23:00:00,1,3304.0,3305.35
HC0,热轧卷板,上期所,60m,2026-04-10 15:00:00,2026-04-10 14:15:00,1,3273.0,3275.5
HC0,热轧卷板,上期所,60m,2026-04-28 10:00:00,2026-04-27 23:00:00,1,3372.0,3393.85
HC0,热轧卷板,上期所,60m,2026-05-14 23:00:00,2026-05-14 22:00:00,1,3477.0,3477.55
HC0,热轧卷板,上期所,60m,2026-06-03 23:00:00,2026-06-03 22:00:00,1,3396.0,3396.2
HC0,热轧卷板,上期所,60m,2026-06-08 10:00:00,2026-06-05 22:00:00,2,3375.0,3385.15
HC0,热轧卷板,上期所,60m,2026-06-25 14:15:00,2026-06-25 11:15:00,1,3313.0,3327.35
HC0,热轧卷板,上期所,60m,2026-06-29 22:00:00,2026-06-29 15:00:00,1,3306.0,3315.0
HC0,热轧卷板,上期所,60m,2026-06-30 22:00:00,2026-06-30 15:00:00,1,3308.0,3310.4
HC0,热轧卷板,上期所,60m,2026-07-10 14:15:00,2026-07-10 11:15:00,1,3290.0,3293.2
HC0,热轧卷板,上期所,60m,2026-07-23 14:15:00,2026-07-23 10:00:00,2,3288.0,3289.05
HC0,热轧卷板,上期所,60m,2026-07-23 22:00:00,2026-07-23 15:00:00,1,3283.0,3287.6
HC0,热轧卷板,上期所,60m,2026-07-29 14:15:00,2026-07-29 10:00:00,2,3287.0,3288.1
HC0,热轧卷板,上期所,90m,2026-01-13 15:00:00,2026-01-13 10:00:00,2,3303.0,3308.15
HC0,热轧卷板,上期所,90m,2026-01-14 10:00:00,2026-01-13 22:30:00,1,3308.0,3309.3
HC0,热轧卷板,上期所,90m,2026-01-15 13:45:00,2026-01-14 22:30:00,2,3299.0,3304.15
HC0,热轧卷板,上期所,90m,2026-01-29 10:00:00,2026-01-28 22:30:00,1,3294.0,3294.3
HC0,热轧卷板,上期所,90m,2026-02-02 10:00:00,2026-01-30 22:30:00,1,3283.0,3294.1
HC0,热轧卷板,上期所,90m,2026-02-26 22:30:00,2026-02-26 15:00:00,1,3211.0,3216.5
HC0,热轧卷板,上期所,90m,2026-03-04 10:00:00,2026-03-03 15:00:00,2,3211.0,3217.8
HC0,热轧卷板,上期所,90m,2026-03-05 15:00:00,2026-03-04 22:30:00,3,3210.0,3214.9
HC0,热轧卷板,上期所,90m,2026-03-20 13:45:00,2026-03-20 10:00:00,1,3303.0,3303.7
HC0,热轧卷板,上期所,90m,2026-04-02 15:00:00,2026-04-02 13:45:00,1,3295.0,3301.15
HC0,热轧卷板,上期所,90m,2026-05-25 22:30:00,2026-05-25 10:00:00,3,3400.0,3407.1
HC0,热轧卷板,上期所,90m,2026-05-29 22:30:00,2026-05-29 13:45:00,2,3380.0,3381.55
HC0,热轧卷板,上期所,90m,2026-06-04 10:00:00,2026-06-03 22:30:00,1,3385.0,3389.75
HC0,热轧卷板,上期所,90m,2026-06-05 15:00:00,2026-06-05 13:45:00,1,3381.0,3390.85
HC0,热轧卷板,上期所,90m,2026-06-11 13:45:00,2026-06-10 15:00:00,3,3358.0,3370.6
HC0,热轧卷板,上期所,90m,2026-06-17 13:45:00,2026-06-17 10:00:00,1,3372.0,3378.95
HC0,热轧卷板,上期所,90m,2026-07-06 15:00:00,2026-07-06 13:45:00,1,3289.0,3292.05
HC0,热轧卷板,上期所,90m,2026-07-07 13:45:00,2026-07-06 22:30:00,2,3282.0,3289.35
HC0,热轧卷板,上期所,90m,2026-07-10 15:00:00,2026-07-10 10:00:00,2,3291.0,3292.85
HC0,热轧卷板,上期所,90m,2026-07-23 13:45:00,2026-07-23 10:00:00,1,3286.0,3298.75
HC0,热轧卷板,上期所,90m,2026-07-29 15:00:00,2026-07-29 10:00:00,2,3286.0,3288.75
HC0,热轧卷板,上期所,daily,2026-01-27,2026-01-23,2,3289.0,3293.95
HC0,热轧卷板,上期所,daily,2026-01-30,2026-01-29,1,3288.0,3295.8
HC0,热轧卷板,上期所,daily,2026-06-16,2026-06-15,1,3382.0,3383.9
HC0,热轧卷板,上期所,daily,2026-07-20,2026-07-15,3,3298.0,3303.15
I0,铁矿石,大商所,120m,2026-02-03 11:15:00,2026-02-02 23:00:00,1,775.5,788.0
I0,铁矿石,大商所,120m,2026-03-02 23:00:00,2026-03-02 15:00:00,1,749.0,750.25
I0,铁矿石,大商所,120m,2026-03-03 23:00:00,2026-03-03 11:15:00,2,746.5,748.425
I0,铁矿石,大商所,120m,2026-03-26 23:00:00,2026-03-26 11:15:00,2,813.5,814.8
I0,铁矿石,大商所,120m,2026-03-30 15:00:00,2026-03-30 11:15:00,1,813.0,815.975
I0,铁矿石,大商所,120m,2026-04-01 15:00:00,2026-04-01 11:15:00,1,812.0,814.525
I0,铁矿石,大商所,120m,2026-05-14 23:00:00,2026-05-14 15:00:00,1,814.0,816.75
I0,铁矿石,大商所,120m,2026-06-02 11:15:00,2026-06-01 23:00:00,1,782.5,783.675
I0,铁矿石,大商所,120m,2026-06-03 15:00:00,2026-06-02 15:00:00,3,780.0,782.0
I0,铁矿石,大商所,120m,2026-06-10 23:00:00,2026-06-10 15:00:00,1,768.0,768.7
I0,铁矿石,大商所,120m,2026-06-12 15:00:00,2026-06-11 23:00:00,2,764.0,764.225
I0,铁矿石,大商所,120m,2026-06-29 11:15:00,2026-06-26 15:00:00,2,740.5,742.2
I0,铁矿石,大商所,120m,2026-07-02 11:15:00,2026-07-01 23:00:00,1,740.5,742.325
I0,铁矿石,大商所,30m,2026-04-01 15:00:00,2026-04-01 14:45:00,1,813.0,813.175
I0,铁矿石,大商所,30m,2026-04-02 14:15:00,2026-04-02 13:45:00,1,805.5,810.525
I0,铁矿石,大商所,30m,2026-04-23 10:00:00,2026-04-23 09:30:00,1,783.5,785.55
I0,铁矿石,大商所,30m,2026-04-23 22:30:00,2026-04-23 21:30:00,2,785.0,785.075
I0,铁矿石,大商所,30m,2026-04-24 10:00:00,2026-04-23 23:00:00,2,784.0,784.9
I0,铁矿石,大商所,30m,2026-04-27 15:00:00,2026-04-27 14:45:00,1,786.0,786.95
I0,铁矿石,大商所,30m,2026-04-28 09:30:00,2026-04-27 22:30:00,2,786.0,786.775
I0,铁矿石,大商所,30m,2026-05-11 23:00:00,2026-05-11 22:30:00,1,818.0,819.5
I0,铁矿石,大商所,30m,2026-05-12 10:45:00,2026-05-12 09:30:00,2,820.0,820.1
I0,铁矿石,大商所,30m,2026-05-12 13:45:00,2026-05-12 11:15:00,1,817.5,820.55
I0,铁矿石,大商所,30m,2026-05-14 22:00:00,2026-05-14 15:00:00,2,815.5,816.75
I0,铁矿石,大商所,30m,2026-05-19 22:00:00,2026-05-19 21:30:00,1,799.0,800.725
I0,铁矿石,大商所,30m,2026-05-20 09:30:00,2026-05-19 23:00:00,1,798.5,799.75
I0,铁矿石,大商所,30m,2026-05-20 21:30:00,2026-05-20 14:15:00,3,792.0,797.4
I0,铁矿石,大商所,30m,2026-05-22 23:00:00,2026-05-22 21:30:00,3,792.5,792.55
I0,铁矿石,大商所,30m,2026-05-25 11:15:00,2026-05-25 09:30:00,3,793.0,793.525
I0,铁矿石,大商所,30m,2026-05-27 13:45:00,2026-05-27 11:15:00,1,781.5,782.325
I0,铁矿石,大商所,30m,2026-05-27 21:30:00,2026-05-27 14:45:00,2,778.5,781.125
I0,铁矿石,大商所,30m,2026-05-28 14:45:00,2026-05-28 11:15:00,3,779.5,780.625
I0,铁矿石,大商所,30m,2026-06-01 10:45:00,2026-06-01 09:30:00,2,780.0,781.6
I0,铁矿石,大商所,30m,2026-06-03 14:45:00,2026-06-03 11:15:00,3,781.5,783.25
I0,铁矿石,大商所,30m,2026-06-08 09:30:00,2026-06-05 22:00:00,3,761.5,765.55
I0,铁矿石,大商所,30m,2026-06-08 22:30:00,2026-06-08 22:00:00,1,762.0,762.55
I0,铁矿石,大商所,30m,2026-06-09 14:45:00,2026-06-09 14:15:00,1,759.5,760.075
I0,铁矿石,大商所,30m,2026-06-11 23:00:00,2026-06-11 22:30:00,1,766.5,767.45
I0,铁矿石,大商所,30m,2026-06-12 22:00:00,2026-06-12 21:30:00,1,765.0,765.475
I0,铁矿石,大商所,30m,2026-06-30 14:15:00,2026-06-30 13:45:00,1,743.5,743.925
I0,铁矿石,大商所,30m,2026-06-30 21:30:00,2026-06-30 14:45:00,2,741.0,743.925
I0,铁矿石,大商所,30m,2026-07-02 15:00:00,2026-07-02 14:15:00,2,740.0,740.375
I0,铁矿石,大商所,30m,2026-07-03 10:45:00,2026-07-03 10:00:00,1,738.5,741.25
I0,铁矿石,大商所,30m,2026-07-09 14:45:00,2026-07-09 13:45:00,2,744.5,744.975
I0,铁矿石,大商所,30m,2026-07-09 21:30:00,2026-07-09 15:00:00,1,745.5,745.725
I0,铁矿石,大商所,30m,2026-07-13 22:00:00,2026-07-13 21:30:00,1,747.5,748.15
I0,铁矿石,大商所,30m,2026-07-16 14:15:00,2026-07-16 13:45:00,1,758.5,759.85
I0,铁矿石,大商所,30m,2026-07-24 21:30:00,2026-07-24 15:00:00,1,743.5,744.9
I0,铁矿石,大商所,30m,2026-07-24 23:00:00,2026-07-24 22:30:00,1,744.0,744.025
I0,铁矿石,大商所,30m,2026-07-27 10:45:00,2026-07-27 10:00:00,1,742.5,743.3
I0,铁矿石,大商所,30m,2026-07-27 14:15:00,2026-07-27 11:15:00,2,742.5,743.15
I0,铁矿石,大商所,30m,2026-07-27 22:00:00,2026-07-27 21:30:00,1,740.5,742.975
I0,铁矿石,大商所,30m,2026-07-29 11:15:00,2026-07-29 09:30:00,3,739.5,740.825
I0,铁矿石,大商所,60m,2026-01-16 11:15:00,2026-01-16 10:00:00,1,813.0,819.325
I0,铁矿石,大商所,60m,2026-02-02 23:00:00,2026-02-02 22:00:00,1,789.0,790.55
I0,铁矿石,大商所,60m,2026-02-10 15:00:00,2026-02-10 14:15:00,1,761.5,763.375
I0,铁矿石,大商所,60m,2026-02-11 23:00:00,2026-02-11 22:00:00,1,762.0,762.975
I0,铁矿石,大商所,60m,2026-02-12 15:00:00,2026-02-12 10:00:00,3,762.0,763.675
I0,铁矿石,大商所,60m,2026-02-12 23:00:00,2026-02-12 22:00:00,1,759.0,763.625
I0,铁矿石,大商所,60m,2026-02-25 22:00:00,2026-02-25 15:00:00,1,749.0,750.975
I0,铁矿石,大商所,60m,2026-02-26 11:15:00,2026-02-26 10:00:00,1,745.5,748.525
I0,铁矿石,大商所,60m,2026-03-03 14:15:00,2026-03-03 11:15:00,1,744.5,748.325
I0,铁矿石,大商所,60m,2026-03-03 23:00:00,2026-03-03 15:00:00,2,746.5,748.85
I0,铁矿石,大商所,60m,2026-03-18 22:00:00,2026-03-18 15:00:00,1,806.0,809.375
I0,铁矿石,大商所,60m,2026-03-26 11:15:00,2026-03-26 10:00:00,1,817.0,817.875
I0,铁矿石,大商所,60m,2026-03-27 23:00:00,2026-03-27 22:00:00,1,813.0,814.475
I0,铁矿石,大商所,60m,2026-03-30 15:00:00,2026-03-30 11:15:00,2,813.0,813.525
I0,铁矿石,大商所,60m,2026-03-31 10:00:00,2026-03-30 22:00:00,2,812.0,814.425
I0,铁矿石,大商所,60m,2026-04-14 22:00:00,2026-04-14 15:00:00,1,754.5,756.225
I0,铁矿石,大商所,60m,2026-04-23 14:15:00,2026-04-23 11:15:00,1,780.5,784.275
I0,铁矿石,大商所,60m,2026-04-24 10:00:00,2026-04-23 22:00:00,2,784.0,784.575
I0,铁矿石,大商所,60m,2026-04-27 14:15:00,2026-04-27 10:00:00,2,785.5,785.9
I0,铁矿石,大商所,60m,2026-04-27 22:00:00,2026-04-27 15:00:00,1,785.0,785.65
I0,铁矿石,大商所,60m,2026-04-28 10:00:00,2026-04-27 23:00:00,1,777.5,785.275
I0,铁矿石,大商所,60m,2026-05-13 11:15:00,2026-05-13 10:00:00,1,817.5,818.4
I0,铁矿石,大商所,60m,2026-05-13 22:00:00,2026-05-13 14:15:00,2,817.0,818.625
I0,铁矿石,大商所,60m,2026-05-22 14:15:00,2026-05-22 11:15:00,1,793.5,795.125
I0,铁矿石,大商所,60m,2026-05-25 11:15:00,2026-05-25 10:00:00,1,793.0,794.175
I0,铁矿石,大商所,60m,2026-06-01 11:15:00,2026-06-01 10:00:00,1,780.5,781.15
I0,铁矿石,大商所,60m,2026-06-03 15:00:00,2026-06-03 11:15:00,2,780.0,782.525
I0,铁矿石,大商所,60m,2026-06-24 10:00:00,2026-06-23 22:00:00,2,741.0,742.425
I0,铁矿石,大商所,60m,2026-06-26 22:00:00,2026-06-26 14:15:00,2,741.5,741.975
I0,铁矿石,大商所,60m,2026-06-29 10:00:00,2026-06-26 23:00:00,1,741.5,742.2
I0,铁矿石,大商所,60m,2026-07-02 11:15:00,2026-07-01 22:00:00,3,740.5,742.325
I0,铁矿石,大商所,60m,2026-07-02 15:00:00,2026-07-02 14:15:00,1,740.0,742.375
I0,铁矿石,大商所,60m,2026-07-06 14:15:00,2026-07-06 10:00:00,2,739.0,739.075
I0,铁矿石,大商所,60m,2026-07-23 14:15:00,2026-07-23 10:00:00,2,746.5,747.1
I0,铁矿石,大商所,60m,2026-07-23 22:00:00,2026-07-23 15:00:00,1,742.5,746.0
I0,铁矿石,大商所,60m,2026-07-24 23:00:00,2026-07-24 15:00:00,2,744.0,744.1
I0,铁矿石,大商所,60m,2026-07-27 14:15:00,2026-07-27 11:15:00,1,742.5,743.9
I0,铁矿石,大商所,60m,2026-07-29 11:15:00,2026-07-29 10:00:00,1,739.5,741.9
I0,铁矿石,大商所,90m,2026-01-16 13:45:00,2026-01-16 10:00:00,1,814.5,819.3
I0,铁矿石,大商所,90m,2026-02-03 13:45:00,2026-02-02 22:30:00,2,776.5,788.6
I0,铁矿石,大商所,90m,2026-02-11 15:00:00,2026-02-11 13:45:00,1,762.5,764.35
I0,铁矿石,大商所,90m,2026-02-12 15:00:00,2026-02-11 22:30:00,3,762.0,763.325
I0,铁矿石,大商所,90m,2026-02-25 15:00:00,2026-02-25 13:45:00,1,752.5,755.35
I0,铁矿石,大商所,90m,2026-02-27 22:30:00,2026-02-27 15:00:00,1,747.0,748.375
I0,铁矿石,大商所,90m,2026-03-03 10:00:00,2026-03-02 13:45:00,3,748.0,748.25
I0,铁矿石,大商所,90m,2026-03-03 22:30:00,2026-03-03 13:45:00,2,747.5,749.5
I0,铁矿石,大商所,90m,2026-03-26 15:00:00,2026-03-26 10:00:00,2,817.0,817.25
I0,铁矿石,大商所,90m,2026-03-31 10:00:00,2026-03-30 22:30:00,1,812.0,815.05
I0,铁矿石,大商所,90m,2026-04-01 15:00:00,2026-03-31 22:30:00,3,812.0,813.475
I0,铁矿石,大商所,90m,2026-04-14 10:00:00,2026-04-13 13:45:00,3,760.5,761.0
I0,铁矿石,大商所,90m,2026-04-28 10:00:00,2026-04-27 15:00:00,2,777.5,784.925
I0,铁矿石,大商所,90m,2026-05-13 22:30:00,2026-05-13 10:00:00,3,817.0,818.125
I0,铁矿石,大商所,90m,2026-05-25 13:45:00,2026-05-25 10:00:00,1,792.0,795.6
I0,铁矿石,大商所,90m,2026-05-29 15:00:00,2026-05-29 13:45:00,1,783.5,784.225
I0,铁矿石,大商所,90m,2026-06-01 13:45:00,2026-06-01 10:00:00,1,779.5,782.15
I0,铁矿石,大商所,90m,2026-06-03 15:00:00,2026-06-03 13:45:00,1,780.0,782.175
I0,铁矿石,大商所,90m,2026-06-25 13:45:00,2026-06-24 22:30:00,2,739.0,743.375
I0,铁矿石,大商所,90m,2026-07-02 13:45:00,2026-07-01 22:30:00,2,740.5,741.7
I0,铁矿石,大商所,90m,2026-07-07 13:45:00,2026-07-06 22:30:00,2,737.0,739.725
I0,铁矿石,大商所,90m,2026-07-20 13:45:00,2026-07-20 10:00:00,1,755.0,757.95
I0,铁矿石,大商所,90m,2026-07-29 13:45:00,2026-07-29 10:00:00,1,738.5,743.05
I0,铁矿石,大商所,daily,2026-04-23,2026-04-22,1,783.5,783.75
I0,铁矿石,大商所,daily,2026-07-13,2026-07-10,1,744.5,744.7
I0,铁矿石,大商所,daily,2026-07-24,2026-07-23,1,746.0,747.25
IC0,中证500,中金所,120m,2026-02-10 11:30:00,2026-02-09 15:00:00,1,8283.0,8295.51
IC0,中证500,中金所,120m,2026-04-02 11:30:00,2026-04-01 15:00:00,1,7436.4,7493.55
IC0,中证500,中金所,120m,2026-05-26 11:30:00,2026-05-25 15:00:00,1,8467.0,8551.44
IC0,中证500,中金所,120m,2026-05-27 11:30:00,2026-05-26 15:00:00,1,8472.2,8531.53
IC0,中证500,中金所,120m,2026-06-12 15:00:00,2026-06-12 11:30:00,1,8117.2,8153.75
IC0,中证500,中金所,120m,2026-07-10 15:00:00,2026-07-10 11:30:00,1,8333.0,8505.31
IC0,中证500,中金所,120m,2026-07-31 15:00:00,2026-07-31 11:30:00,1,7395.0,7469.16
IC0,中证500,中金所,30m,2026-01-26 15:00:00,2026-01-26 14:30:00,1,8470.0,8499.46
IC0,中证500,中金所,30m,2026-03-05 11:30:00,2026-03-05 11:00:00,1,8292.4,8302.0
IC0,中证500,中金所,30m,2026-03-05 14:00:00,2026-03-05 13:30:00,1,8264.8,8293.34
IC0,中证500,中金所,30m,2026-03-18 15:00:00,2026-03-18 14:30:00,1,7884.4,7899.18
IC0,中证500,中金所,30m,2026-04-07 11:30:00,2026-04-07 10:00:00,3,7357.2,7397.32
IC0,中证500,中金所,30m,2026-04-21 14:00:00,2026-04-21 13:30:00,1,8121.0,8126.81
IC0,中证500,中金所,30m,2026-04-21 15:00:00,2026-04-21 14:30:00,1,8124.4,8133.83
IC0,中证500,中金所,30m,2026-04-23 14:30:00,2026-04-23 14:00:00,1,8141.8,8165.83
IC0,中证500,中金所,30m,2026-04-24 10:00:00,2026-04-23 15:00:00,1,8073.8,8167.38
IC0,中证500,中金所,30m,2026-04-24 15:00:00,2026-04-24 14:30:00,1,8132.8,8152.27
IC0,中证500,中金所,30m,2026-04-28 13:30:00,2026-04-28 11:30:00,1,8115.8,8149.8
IC0,中证500,中金所,30m,2026-05-13 11:00:00,2026-05-13 10:30:00,1,8709.0,8711.23
IC0,中证500,中金所,30m,2026-05-26 14:00:00,2026-05-26 13:30:00,1,8458.4,8500.96
IC0,中证500,中金所,30m,2026-05-28 14:30:00,2026-05-28 14:00:00,1,8466.2,8468.91
IC0,中证500,中金所,30m,2026-06-02 15:00:00,2026-06-02 13:30:00,3,8260.4,8266.89
IC0,中证500,中金所,30m,2026-06-10 10:30:00,2026-06-09 14:30:00,3,7965.0,8022.37
IC0,中证500,中金所,30m,2026-06-24 11:00:00,2026-06-24 10:30:00,1,8481.0,8531.05
IC0,中证500,中金所,30m,2026-07-15 11:00:00,2026-07-15 10:00:00,2,8065.2,8093.32
IC0,中证500,中金所,30m,2026-07-23 14:00:00,2026-07-23 13:30:00,1,7584.2,7633.58
IC0,中证500,中金所,30m,2026-07-27 11:00:00,2026-07-27 10:00:00,2,7519.6,7548.55
IC0,中证500,中金所,30m,2026-07-27 13:30:00,2026-07-27 11:30:00,1,7473.0,7537.54
IC0,中证500,中金所,30m,2026-07-28 10:00:00,2026-07-27 14:30:00,2,7454.2,7527.57
IC0,中证500,中金所,60m,2026-02-05 10:30:00,2026-02-04 15:00:00,1,8071.2,8247.01
IC0,中证500,中金所,60m,2026-02-06 15:00:00,2026-02-06 10:30:00,3,8117.4,8153.79
IC0,中证500,中金所,60m,2026-03-25 11:30:00,2026-03-25 10:30:00,1,7539.8,7542.05
IC0,中证500,中金所,60m,2026-04-24 10:30:00,2026-04-23 14:00:00,2,8071.6,8147.7
IC0,中证500,中金所,60m,2026-05-21 14:00:00,2026-05-20 15:00:00,3,8502.8,8508.62
IC0,中证500,中金所,60m,2026-05-22 15:00:00,2026-05-22 14:00:00,1,8469.2,8484.63
IC0,中证500,中金所,60m,2026-05-27 11:30:00,2026-05-26 15:00:00,2,8472.2,8513.0
IC0,中证500,中金所,60m,2026-05-28 15:00:00,2026-05-28 14:00:00,1,8458.0,8479.7
IC0,中证500,中金所,60m,2026-06-03 15:00:00,2026-06-03 10:30:00,3,8314.2,8324.96
IC0,中证500,中金所,60m,2026-06-05 10:30:00,2026-06-04 14:00:00,2,8297.0,8298.39
IC0,中证500,中金所,60m,2026-06-05 14:00:00,2026-06-05 11:30:00,1,8262.0,8296.5
IC0,中证500,中金所,60m,2026-07-02 14:00:00,2026-07-02 11:30:00,1,8541.0,8616.18
IC0,中证500,中金所,60m,2026-07-22 14:00:00,2026-07-22 10:30:00,2,7621.4,7632.87
IC0,中证500,中金所,60m,2026-07-24 10:30:00,2026-07-23 11:30:00,3,7529.0,7533.11
IC0,中证500,中金所,60m,2026-07-27 14:00:00,2026-07-27 10:30:00,2,7502.4,7557.61
IC0,中证500,中金所,60m,2026-07-28 10:30:00,2026-07-27 15:00:00,1,7408.8,7575.94
IC0,中证500,中金所,60m,2026-07-31 15:00:00,2026-07-31 10:30:00,3,7395.0,7404.17
IC0,中证500,中金所,90m,2026-03-11 11:00:00,2026-03-10 14:00:00,2,8247.4,8310.28
IC0,中证500,中金所,90m,2026-04-02 11:00:00,2026-04-01 11:00:00,3,7448.8,7504.9
IC0,中证500,中金所,90m,2026-04-28 11:00:00,2026-04-27 11:00:00,3,8142.6,8159.63
IC0,中证500,中金所,90m,2026-05-21 14:00:00,2026-05-21 11:00:00,1,8502.8,8567.24
IC0,中证500,中金所,90m,2026-05-26 11:00:00,2026-05-25 11:00:00,3,8465.0,8492.72
IC0,中证500,中金所,90m,2026-05-27 14:00:00,2026-05-26 15:00:00,2,8389.6,8498.02
IC0,中证500,中金所,90m,2026-05-28 15:00:00,2026-05-28 14:00:00,1,8458.0,8491.02
IC0,中证500,中金所,90m,2026-06-03 14:00:00,2026-06-03 11:00:00,1,8361.0,8369.43
IC0,中证500,中金所,90m,2026-07-10 15:00:00,2026-07-09 15:00:00,3,8333.0,8424.74
IC0,中证500,中金所,90m,2026-07-28 11:00:00,2026-07-27 15:00:00,1,7342.6,7510.62
IC0,中证500,中金所,90m,2026-07-31 15:00:00,2026-07-31 11:00:00,2,7395.0,7420.87
IC0,中证500,中金所,daily,2026-02-05,2026-02-03,2,8120.2,8305.16
IC0,中证500,中金所,daily,2026-02-13,2026-02-11,2,8274.8,8343.12
IC0,中证500,中金所,daily,2026-03-11,2026-03-10,1,8199.4,8342.39
IC0,中证500,中金所,daily,2026-05-27,2026-05-22,3,8415.8,8492.65
IC0,中证500,中金所,daily,2026-07-10,2026-07-09,1,8333.0,8466.72
IF0,沪深300,中金所,120m,2026-01-16 11:30:00,2026-01-15 15:00:00,1,4735.4,4740.56
IF0,沪深300,中金所,120m,2026-01-27 15:00:00,2026-01-27 11:30:00,1,4718.2,4726.7
IF0,沪深300,中金所,120m,2026-03-02 11:30:00,2026-02-27 15:00:00,1,4688.8,4703.5
IF0,沪深300,中金所,120m,2026-03-03 11:30:00,2026-03-02 15:00:00,1,4693.8,4706.37
IF0,沪深300,中金所,120m,2026-03-12 11:30:00,2026-03-10 15:00:00,3,4634.6,4652.92
IF0,沪深300,中金所,120m,2026-03-13 11:30:00,2026-03-12 15:00:00,1,4599.6,4646.08
IF0,沪深300,中金所,120m,2026-04-02 11:30:00,2026-04-01 15:00:00,1,4402.8,4422.29
IF0,沪深300,中金所,120m,2026-07-01 15:00:00,2026-06-30 11:30:00,3,4831.2,4840.12
IF0,沪深300,中金所,120m,2026-07-10 15:00:00,2026-07-09 15:00:00,2,4704.6,4765.85
IF0,沪深300,中金所,120m,2026-07-22 15:00:00,2026-07-21 15:00:00,2,4648.0,4653.64
IF0,沪深300,中金所,120m,2026-07-24 11:30:00,2026-07-23 11:30:00,2,4609.6,4635.71
IF0,沪深300,中金所,120m,2026-07-28 11:30:00,2026-07-27 15:00:00,1,4514.4,4623.35
IF0,沪深300,中金所,30m,2026-01-26 11:00:00,2026-01-26 10:30:00,1,4717.4,4719.7
IF0,沪深300,中金所,30m,2026-01-28 10:30:00,2026-01-28 10:00:00,1,4725.0,4725.79
IF0,沪深300,中金所,30m,2026-01-28 13:30:00,2026-01-28 11:30:00,1,4727.2,4727.72
IF0,沪深300,中金所,30m,2026-01-29 11:30:00,2026-01-29 11:00:00,1,4727.4,4728.01
IF0,沪深300,中金所,30m,2026-01-30 14:00:00,2026-01-30 13:30:00,1,4728.8,4731.39
IF0,沪深300,中金所,30m,2026-02-04 10:00:00,2026-02-03 15:00:00,1,4642.0,4646.67
IF0,沪深300,中金所,30m,2026-02-12 10:30:00,2026-02-12 10:00:00,1,4712.4,4717.77
IF0,沪深300,中金所,30m,2026-02-12 13:30:00,2026-02-12 11:30:00,1,4713.0,4717.09
IF0,沪深300,中金所,30m,2026-02-13 10:00:00,2026-02-12 14:00:00,3,4690.6,4714.9
IF0,沪深300,中金所,30m,2026-02-26 14:00:00,2026-02-26 11:30:00,2,4710.6,4717.19
IF0,沪深300,中金所,30m,2026-03-02 10:00:00,2026-02-27 15:00:00,1,4699.0,4709.21
IF0,沪深300,中金所,30m,2026-03-03 11:30:00,2026-03-03 11:00:00,1,4693.8,4695.55
IF0,沪深300,中金所,30m,2026-03-06 10:00:00,2026-03-05 15:00:00,1,4615.0,4618.01
IF0,沪深300,中金所,30m,2026-03-18 15:00:00,2026-03-18 14:30:00,1,4569.6,4579.84
IF0,沪深300,中金所,30m,2026-03-20 13:30:00,2026-03-20 11:30:00,1,4524.0,4533.66
IF0,沪深300,中金所,30m,2026-03-27 15:00:00,2026-03-27 13:30:00,3,4427.4,4427.95
IF0,沪深300,中金所,30m,2026-03-30 13:30:00,2026-03-30 11:30:00,1,4404.0,4411.15
IF0,沪深300,中金所,30m,2026-04-21 11:30:00,2026-04-21 11:00:00,1,4677.4,4681.89
IF0,沪深300,中金所,30m,2026-04-23 14:30:00,2026-04-23 14:00:00,1,4706.8,4716.58
IF0,沪深300,中金所,30m,2026-04-24 10:00:00,2026-04-23 15:00:00,1,4693.0,4718.53
IF0,沪深300,中金所,30m,2026-04-24 15:00:00,2026-04-24 14:30:00,1,4713.6,4715.66
IF0,沪深300,中金所,30m,2026-04-28 11:00:00,2026-04-28 10:30:00,1,4706.0,4712.79
IF0,沪深300,中金所,30m,2026-04-28 13:30:00,2026-04-28 11:30:00,1,4708.6,4713.44
IF0,沪深300,中金所,30m,2026-05-14 14:00:00,2026-05-14 13:30:00,1,4906.6,4919.05
IF0,沪深300,中金所,30m,2026-05-20 11:00:00,2026-05-19 15:00:00,3,4780.8,4790.65
IF0,沪深300,中金所,30m,2026-05-27 14:00:00,2026-05-27 13:30:00,1,4844.8,4865.96
IF0,沪深300,中金所,30m,2026-05-28 15:00:00,2026-05-28 14:00:00,2,4856.0,4858.95
IF0,沪深300,中金所,30m,2026-05-29 10:30:00,2026-05-29 10:00:00,1,4850.0,4859.15
IF0,沪深300,中金所,30m,2026-06-01 11:00:00,2026-06-01 10:00:00,2,4822.2,4848.16
IF0,沪深300,中金所,30m,2026-06-10 10:30:00,2026-06-09 14:30:00,3,4692.8,4713.71
IF0,沪深300,中金所,30m,2026-06-10 13:30:00,2026-06-10 11:30:00,1,4701.4,4704.54
IF0,沪深300,中金所,30m,2026-06-11 10:00:00,2026-06-10 14:00:00,3,4612.4,4700.42
IF0,沪深300,中金所,30m,2026-07-02 10:00:00,2026-07-01 15:00:00,1,4755.8,4831.63
IF0,沪深300,中金所,30m,2026-07-06 13:30:00,2026-07-06 11:30:00,1,4750.0,4753.64
IF0,沪深300,中金所,30m,2026-07-07 10:00:00,2026-07-06 14:00:00,3,4741.6,4752.18
IF0,沪深300,中金所,30m,2026-07-08 13:30:00,2026-07-08 11:30:00,1,4698.4,4722.87
IF0,沪深300,中金所,30m,2026-07-28 10:00:00,2026-07-27 14:30:00,2,4560.4,4620.04
IF0,沪深300,中金所,30m,2026-07-29 14:30:00,2026-07-29 13:30:00,2,4545.0,4545.48
IF0,沪深300,中金所,30m,2026-07-30 10:00:00,2026-07-29 15:00:00,1,4521.8,4538.17
IF0,沪深300,中金所,30m,2026-07-30 15:00:00,2026-07-30 14:30:00,1,4508.2,4509.55
IF0,沪深300,中金所,60m,2026-01-21 15:00:00,2026-01-21 10:30:00,3,4722.8,4726.55
IF0,沪深300,中金所,60m,2026-01-23 15:00:00,2026-01-23 14:00:00,1,4709.2,4718.36
IF0,沪深300,中金所,60m,2026-01-26 15:00:00,2026-01-26 10:30:00,3,4719.4,4719.87
IF0,沪深300,中金所,60m,2026-01-27 15:00:00,2026-01-27 11:30:00,2,4718.2,4725.54
IF0,沪深300,中金所,60m,2026-02-05 10:30:00,2026-02-04 15:00:00,1,4644.0,4669.56
IF0,沪深300,中金所,60m,2026-02-27 10:30:00,2026-02-26 11:30:00,3,4697.0,4703.52
IF0,沪深300,中金所,60m,2026-03-02 10:30:00,2026-02-27 14:00:00,2,4656.6,4699.04
IF0,沪深300,中金所,60m,2026-03-03 10:30:00,2026-03-02 14:00:00,2,4659.8,4705.63
IF0,沪深300,中金所,60m,2026-03-09 10:30:00,2026-03-06 14:00:00,2,4533.8,4639.49
IF0,沪深300,中金所,60m,2026-03-13 10:30:00,2026-03-12 14:00:00,2,4617.0,4642.8
IF0,沪深300,中金所,60m,2026-03-17 11:30:00,2026-03-17 10:30:00,1,4608.0,4631.37
IF0,沪深300,中金所,60m,2026-03-30 10:30:00,2026-03-27 11:30:00,3,4367.8,4402.92
IF0,沪深300,中金所,60m,2026-03-30 14:00:00,2026-03-30 11:30:00,1,4407.6,4408.17
IF0,沪深300,中金所,60m,2026-03-31 11:30:00,2026-03-30 15:00:00,2,4383.4,4416.31
IF0,沪深300,中金所,60m,2026-04-24 10:30:00,2026-04-23 14:00:00,2,4687.4,4702.44
IF0,沪深300,中金所,60m,2026-04-28 14:00:00,2026-04-28 11:30:00,1,4696.6,4716.37
IF0,沪深300,中金所,60m,2026-05-21 15:00:00,2026-05-21 10:30:00,3,4743.0,4805.93
IF0,沪深300,中金所,60m,2026-05-22 15:00:00,2026-05-22 14:00:00,1,4788.2,4795.99
IF0,沪深300,中金所,60m,2026-06-01 11:30:00,2026-06-01 10:30:00,1,4824.6,4856.45
IF0,沪深300,中金所,60m,2026-06-05 11:30:00,2026-06-05 10:30:00,1,4863.2,4875.02
IF0,沪深300,中金所,60m,2026-07-27 11:30:00,2026-07-27 10:30:00,1,4617.0,4626.74
IF0,沪深300,中金所,60m,2026-07-28 10:30:00,2026-07-27 15:00:00,1,4524.4,4635.34
IF0,沪深300,中金所,60m,2026-07-31 15:00:00,2026-07-31 10:30:00,3,4538.0,4543.34
IF0,沪深300,中金所,90m,2026-01-16 14:00:00,2026-01-16 11:00:00,1,4727.6,4749.59
IF0,沪深300,中金所,90m,2026-01-21 15:00:00,2026-01-21 11:00:00,2,4722.8,4736.26
IF0,沪深300,中金所,90m,2026-01-26 15:00:00,2026-01-26 14:00:00,1,4719.4,4721.05
IF0,沪深300,中金所,90m,2026-01-27 15:00:00,2026-01-27 11:00:00,2,4718.2,4721.96
IF0,沪深300,中金所,90m,2026-01-30 15:00:00,2026-01-30 14:00:00,1,4711.0,4727.28
IF0,沪深300,中金所,90m,2026-02-05 11:00:00,2026-02-04 15:00:00,1,4631.4,4683.77
IF0,沪深300,中金所,90m,2026-02-06 15:00:00,2026-02-06 14:00:00,1,4637.6,4667.13
IF0,沪深300,中金所,90m,2026-02-24 14:00:00,2026-02-24 11:00:00,1,4690.8,4696.95
IF0,沪深300,中金所,90m,2026-02-26 11:00:00,2026-02-25 11:00:00,3,4705.2,4707.64
IF0,沪深300,中金所,90m,2026-02-27 11:00:00,2026-02-26 14:00:00,2,4694.4,4705.18
IF0,沪深300,中金所,90m,2026-03-02 11:00:00,2026-02-27 15:00:00,1,4679.4,4702.22
IF0,沪深300,中金所,90m,2026-03-03 11:00:00,2026-03-02 14:00:00,2,4698.0,4701.12
IF0,沪深300,中金所,90m,2026-03-31 11:00:00,2026-03-30 15:00:00,1,4400.0,4407.1
IF0,沪深300,中金所,90m,2026-04-02 11:00:00,2026-04-01 11:00:00,3,4410.4,4418.09
IF0,沪深300,中金所,90m,2026-05-21 14:00:00,2026-05-21 11:00:00,1,4816.4,4840.15
IF0,沪深300,中金所,90m,2026-06-24 15:00:00,2026-06-24 14:00:00,1,4830.8,4831.67
IF0,沪深300,中金所,90m,2026-06-26 11:00:00,2026-06-25 11:00:00,3,4750.0,4847.53
IF0,沪深300,中金所,90m,2026-07-16 11:00:00,2026-07-15 11:00:00,3,4696.6,4702.73
IF0,沪深300,中金所,90m,2026-07-28 11:00:00,2026-07-27 11:00:00,3,4499.8,4606.5
IF0,沪深300,中金所,daily,2026-03-12,2026-03-11,1,4658.4,4674.23
IF0,沪深300,中金所,daily,2026-06-05,2026-06-02,3,4776.8,4850.92
IF0,沪深300,中金所,daily,2026-07-02,2026-06-30,2,4719.4,4789.07
IH0,上证50,中金所,120m,2026-02-05 11:30:00,2026-02-04 15:00:00,1,3038.8,3056.51
IH0,上证50,中金所,120m,2026-02-06 11:30:00,2026-02-05 15:00:00,1,3045.8,3056.33
IH0,上证50,中金所,120m,2026-02-25 15:00:00,2026-02-25 11:30:00,1,3058.2,3063.66
IH0,上证50,中金所,120m,2026-03-17 15:00:00,2026-03-17 11:30:00,1,2962.0,2969.63
IH0,上证50,中金所,120m,2026-05-27 11:30:00,2026-05-26 15:00:00,1,2903.6,2940.13
IH0,上证50,中金所,120m,2026-06-03 15:00:00,2026-06-03 11:30:00,1,2907.8,2910.12
IH0,上证50,中金所,120m,2026-07-08 15:00:00,2026-07-08 11:30:00,1,2868.0,2902.72
IH0,上证50,中金所,120m,2026-07-10 15:00:00,2026-07-09 15:00:00,2,2910.2,2910.28
IH0,上证50,中金所,120m,2026-07-16 15:00:00,2026-07-15 11:30:00,3,2867.8,2896.24
IH0,上证50,中金所,30m,2026-01-26 11:00:00,2026-01-26 10:30:00,1,3056.4,3058.99
IH0,上证50,中金所,30m,2026-01-28 11:00:00,2026-01-28 10:00:00,2,3063.4,3067.4
IH0,上证50,中金所,30m,2026-01-28 13:30:00,2026-01-28 11:30:00,1,3063.4,3069.42
IH0,上证50,中金所,30m,2026-01-29 10:00:00,2026-01-28 14:00:00,3,3069.4,3069.61
IH0,上证50,中金所,30m,2026-01-30 14:30:00,2026-01-30 13:30:00,2,3070.4,3080.5
IH0,上证50,中金所,30m,2026-02-06 11:00:00,2026-02-06 10:30:00,1,3040.4,3047.03
IH0,上证50,中金所,30m,2026-02-06 15:00:00,2026-02-06 14:00:00,2,3036.2,3048.82
IH0,上证50,中金所,30m,2026-02-27 14:00:00,2026-02-27 13:30:00,1,3040.2,3044.62
IH0,上证50,中金所,30m,2026-03-02 10:00:00,2026-02-27 15:00:00,1,3037.4,3039.07
IH0,上证50,中金所,30m,2026-03-03 14:00:00,2026-03-03 11:00:00,3,3017.2,3035.0
IH0,上证50,中金所,30m,2026-03-12 11:00:00,2026-03-12 10:30:00,1,2963.2,2978.04
IH0,上证50,中金所,30m,2026-03-27 14:00:00,2026-03-27 13:30:00,1,2821.6,2821.64
IH0,上证50,中金所,30m,2026-03-30 13:30:00,2026-03-30 11:30:00,1,2810.0,2811.09
IH0,上证50,中金所,30m,2026-03-31 14:30:00,2026-03-31 13:30:00,2,2807.4,2813.36
IH0,上证50,中金所,30m,2026-04-13 11:00:00,2026-04-13 10:30:00,1,2869.6,2872.05
IH0,上证50,中金所,30m,2026-04-13 15:00:00,2026-04-13 14:00:00,2,2873.0,2873.26
IH0,上证50,中金所,30m,2026-04-23 11:00:00,2026-04-22 15:00:00,3,2901.2,2912.07
IH0,上证50,中金所,30m,2026-04-23 14:30:00,2026-04-23 14:00:00,1,2903.0,2910.4
IH0,上证50,中金所,30m,2026-04-24 10:00:00,2026-04-23 15:00:00,1,2898.6,2909.99
IH0,上证50,中金所,30m,2026-04-29 10:00:00,2026-04-28 15:00:00,1,2927.6,2929.05
IH0,上证50,中金所,30m,2026-05-29 14:00:00,2026-05-29 13:30:00,1,2900.6,2901.03
IH0,上证50,中金所,30m,2026-06-01 11:00:00,2026-05-29 15:00:00,3,2882.4,2897.49
IH0,上证50,中金所,30m,2026-06-02 11:00:00,2026-06-02 10:30:00,1,2890.4,2892.91
IH0,上证50,中金所,30m,2026-07-02 10:00:00,2026-07-01 15:00:00,1,2897.0,2931.82
IH0,上证50,中金所,30m,2026-07-06 10:30:00,2026-07-06 10:00:00,1,2887.6,2892.58
IH0,上证50,中金所,30m,2026-07-08 13:30:00,2026-07-08 11:30:00,1,2889.2,2889.63
IH0,上证50,中金所,30m,2026-07-08 15:00:00,2026-07-08 14:00:00,2,2868.0,2888.14
IH0,上证50,中金所,30m,2026-07-20 10:30:00,2026-07-20 10:00:00,1,2857.0,2857.31
IH0,上证50,中金所,30m,2026-07-20 14:00:00,2026-07-20 11:00:00,3,2843.6,2848.49
IH0,上证50,中金所,30m,2026-07-29 14:00:00,2026-07-29 13:30:00,1,2883.0,2884.62
IH0,上证50,中金所,30m,2026-07-30 10:30:00,2026-07-30 10:00:00,1,2876.8,2880.63
IH0,上证50,中金所,60m,2026-01-14 14:00:00,2026-01-14 10:30:00,2,3111.6,3138.17
IH0,上证50,中金所,60m,2026-01-21 11:30:00,2026-01-21 10:30:00,1,3084.6,3090.88
IH0,上证50,中金所,60m,2026-01-21 15:00:00,2026-01-21 14:00:00,1,3073.6,3087.97
IH0,上证50,中金所,60m,2026-01-26 11:30:00,2026-01-26 10:30:00,1,3064.4,3068.94
IH0,上证50,中金所,60m,2026-01-27 15:00:00,2026-01-27 10:30:00,3,3064.0,3067.3
IH0,上证50,中金所,60m,2026-01-30 15:00:00,2026-01-30 11:30:00,2,3074.0,3075.84
IH0,上证50,中金所,60m,2026-02-05 10:30:00,2026-02-04 15:00:00,1,3047.4,3051.54
IH0,上证50,中金所,60m,2026-02-25 14:00:00,2026-02-25 11:30:00,1,3066.4,3067.15
IH0,上证50,中金所,60m,2026-03-02 10:30:00,2026-02-27 15:00:00,1,3012.2,3041.58
IH0,上证50,中金所,60m,2026-03-03 10:30:00,2026-03-02 14:00:00,2,3019.2,3041.15
IH0,上证50,中金所,60m,2026-03-17 15:00:00,2026-03-17 10:30:00,3,2962.0,2967.09
IH0,上证50,中金所,60m,2026-03-30 10:30:00,2026-03-27 14:00:00,2,2788.6,2810.25
IH0,上证50,中金所,60m,2026-03-30 14:00:00,2026-03-30 11:30:00,1,2811.8,2813.02
IH0,上证50,中金所,60m,2026-03-31 11:30:00,2026-03-31 10:30:00,1,2811.8,2817.13
IH0,上证50,中金所,60m,2026-03-31 15:00:00,2026-03-31 14:00:00,1,2804.0,2818.11
IH0,上证50,中金所,60m,2026-04-03 10:30:00,2026-04-02 15:00:00,1,2816.0,2824.27
IH0,上证50,中金所,60m,2026-04-17 15:00:00,2026-04-17 14:00:00,1,2888.0,2898.3
IH0,上证50,中金所,60m,2026-04-24 10:30:00,2026-04-23 14:00:00,2,2903.0,2908.46
IH0,上证50,中金所,60m,2026-05-21 15:00:00,2026-05-21 10:30:00,3,2903.8,2933.52
IH0,上证50,中金所,60m,2026-06-25 14:00:00,2026-06-25 10:30:00,2,2909.2,2912.4
IH0,上证50,中金所,60m,2026-06-26 10:30:00,2026-06-25 15:00:00,1,2871.6,2912.3
IH0,上证50,中金所,60m,2026-07-08 15:00:00,2026-07-08 11:30:00,2,2868.0,2889.22
IH0,上证50,中金所,90m,2026-01-27 15:00:00,2026-01-27 11:00:00,2,3064.0,3068.58
IH0,上证50,中金所,90m,2026-02-05 11:00:00,2026-02-04 15:00:00,1,3032.2,3055.79
IH0,上证50,中金所,90m,2026-02-06 11:00:00,2026-02-05 14:00:00,2,3040.4,3053.91
IH0,上证50,中金所,90m,2026-02-06 15:00:00,2026-02-06 14:00:00,1,3036.2,3051.58
IH0,上证50,中金所,90m,2026-02-25 14:00:00,2026-02-25 11:00:00,1,3066.4,3070.99
IH0,上证50,中金所,90m,2026-03-12 11:00:00,2026-03-11 15:00:00,1,2963.2,2979.29
IH0,上证50,中金所,90m,2026-03-17 15:00:00,2026-03-17 11:00:00,2,2962.0,2968.06
IH0,上证50,中金所,90m,2026-03-31 15:00:00,2026-03-31 11:00:00,2,2804.0,2810.37
IH0,上证50,中金所,90m,2026-04-03 11:00:00,2026-04-02 15:00:00,1,2812.6,2821.66
IH0,上证50,中金所,90m,2026-06-02 15:00:00,2026-06-02 14:00:00,1,2902.8,2908.61
IH0,上证50,中金所,90m,2026-06-04 11:00:00,2026-06-03 11:00:00,3,2894.6,2902.68
IH0,上证50,中金所,90m,2026-06-26 11:00:00,2026-06-25 11:00:00,3,2849.2,2903.49
IH0,上证50,中金所,90m,2026-07-06 15:00:00,2026-07-06 14:00:00,1,2905.2,2906.63
IH0,上证50,中金所,daily,2026-01-30,2026-01-29,1,3074.0,3098.39
IH0,上证50,中金所,daily,2026-04-09,2026-04-08,1,2860.6,2861.11
IH0,上证50,中金所,daily,2026-06-16,2026-06-12,2,2872.0,2887.63
IH0,上证50,中金所,daily,2026-06-23,2026-06-17,3,2884.6,2886.42
IH0,上证50,中金所,daily,2026-06-26,2026-06-24,2,2859.0,2882.58
IH0,上证50,中金所,daily,2026-07-02,2026-06-29,3,2871.0,2886.59
IH0,上证50,中金所,daily,2026-07-07,2026-07-06,1,2870.6,2893.27
IH0,上证50,中金所,daily,2026-07-13,2026-07-09,2,2872.6,2903.6
IH0,上证50,中金所,daily,2026-07-16,2026-07-15,1,2867.8,2902.0
IM0,中证1000,中金所,120m,2026-03-12 11:30:00,2026-03-10 15:00:00,3,8213.6,8259.31
IM0,中证1000,中金所,120m,2026-03-13 11:30:00,2026-03-12 15:00:00,1,8009.0,8228.5
IM0,中证1000,中金所,120m,2026-04-02 11:30:00,2026-04-01 15:00:00,1,7397.2,7457.95
IM0,中证1000,中金所,120m,2026-05-19 11:30:00,2026-05-18 11:30:00,2,8604.0,8641.1
IM0,中证1000,中金所,120m,2026-05-20 11:30:00,2026-05-19 15:00:00,1,8630.4,8668.07
IM0,中证1000,中金所,120m,2026-05-21 11:30:00,2026-05-20 15:00:00,1,8674.2,8684.85
IM0,中证1000,中金所,120m,2026-06-12 15:00:00,2026-06-12 11:30:00,1,8196.8,8251.05
IM0,中证1000,中金所,120m,2026-07-31 15:00:00,2026-07-31 11:30:00,1,6987.8,7000.65
IM0,中证1000,中金所,30m,2026-01-28 10:00:00,2026-01-27 14:00:00,3,8313.0,8314.17
IM0,中证1000,中金所,30m,2026-02-13 11:30:00,2026-02-13 11:00:00,1,8266.4,8287.76
IM0,中证1000,中金所,30m,2026-03-02 14:00:00,2026-03-02 13:30:00,1,8435.8,8457.02
IM0,中证1000,中金所,30m,2026-03-05 11:30:00,2026-03-05 10:30:00,2,8157.0,8157.8
IM0,中证1000,中金所,30m,2026-03-05 14:00:00,2026-03-05 13:30:00,1,8132.4,8148.93
IM0,中证1000,中金所,30m,2026-03-18 15:00:00,2026-03-18 14:30:00,1,7844.6,7850.98
IM0,中证1000,中金所,30m,2026-03-20 13:30:00,2026-03-20 11:30:00,1,7683.0,7739.13
IM0,中证1000,中金所,30m,2026-04-07 11:30:00,2026-04-07 10:00:00,3,7336.0,7362.57
IM0,中证1000,中金所,30m,2026-04-21 11:30:00,2026-04-21 11:00:00,1,8122.0,8141.17
IM0,中证1000,中金所,30m,2026-04-23 14:30:00,2026-04-23 14:00:00,1,8180.6,8214.66
IM0,中证1000,中金所,30m,2026-05-12 14:00:00,2026-05-12 13:30:00,1,8690.0,8692.57
IM0,中证1000,中金所,30m,2026-05-12 15:00:00,2026-05-12 14:30:00,1,8701.8,8703.07
IM0,中证1000,中金所,30m,2026-05-14 14:00:00,2026-05-14 13:30:00,1,8751.2,8752.27
IM0,中证1000,中金所,30m,2026-05-14 15:00:00,2026-05-14 14:30:00,1,8689.8,8756.82
IM0,中证1000,中金所,30m,2026-05-26 11:00:00,2026-05-26 10:30:00,1,8520.4,8589.92
IM0,中证1000,中金所,30m,2026-05-27 11:00:00,2026-05-27 10:30:00,1,8560.2,8594.06
IM0,中证1000,中金所,30m,2026-05-29 10:00:00,2026-05-28 14:00:00,3,8450.4,8493.9
IM0,中证1000,中金所,30m,2026-06-02 15:00:00,2026-06-02 13:30:00,3,8324.6,8338.66
IM0,中证1000,中金所,30m,2026-06-05 13:30:00,2026-06-05 11:00:00,2,8365.8,8388.18
IM0,中证1000,中金所,30m,2026-06-23 10:00:00,2026-06-22 14:00:00,3,8463.6,8465.94
IM0,中证1000,中金所,30m,2026-06-23 11:30:00,2026-06-23 10:30:00,2,8470.4,8478.64
IM0,中证1000,中金所,30m,2026-07-15 11:00:00,2026-07-15 10:00:00,2,7751.0,7762.87
IM0,中证1000,中金所,30m,2026-07-16 10:00:00,2026-07-15 15:00:00,1,7704.0,7721.16
IM0,中证1000,中金所,30m,2026-07-23 14:00:00,2026-07-23 13:30:00,1,7068.4,7080.44
IM0,中证1000,中金所,60m,2026-01-16 10:30:00,2026-01-15 14:00:00,2,8130.4,8170.22
IM0,中证1000,中金所,60m,2026-01-16 15:00:00,2026-01-16 14:00:00,1,8179.2,8197.94
IM0,中证1000,中金所,60m,2026-01-19 15:00:00,2026-01-19 10:30:00,3,8186.6,8193.59
IM0,中证1000,中金所,60m,2026-02-05 10:30:00,2026-02-04 15:00:00,1,8012.2,8148.25
IM0,中证1000,中金所,60m,2026-02-06 15:00:00,2026-02-06 10:30:00,3,7990.8,8076.39
IM0,中证1000,中金所,60m,2026-02-24 15:00:00,2026-02-24 10:30:00,3,8271.0,8274.69
IM0,中证1000,中金所,60m,2026-03-03 10:30:00,2026-03-02 11:30:00,3,8218.8,8406.7
IM0,中证1000,中金所,60m,2026-03-06 14:00:00,2026-03-06 11:30:00,1,8225.4,8230.46
IM0,中证1000,中金所,60m,2026-03-13 10:30:00,2026-03-12 14:00:00,2,8057.4,8227.69
IM0,中证1000,中金所,60m,2026-03-26 11:30:00,2026-03-26 10:30:00,1,7445.4,7463.59
IM0,中证1000,中金所,60m,2026-04-24 10:30:00,2026-04-23 14:00:00,2,8142.6,8186.18
IM0,中证1000,中金所,60m,2026-05-20 10:30:00,2026-05-19 15:00:00,1,8617.2,8675.31
IM0,中证1000,中金所,60m,2026-05-21 14:00:00,2026-05-20 15:00:00,3,8592.2,8642.2
IM0,中证1000,中金所,60m,2026-05-27 11:30:00,2026-05-27 10:30:00,1,8471.8,8598.16
IM0,中证1000,中金所,60m,2026-05-28 15:00:00,2026-05-28 14:00:00,1,8524.4,8546.23
IM0,中证1000,中金所,60m,2026-06-03 15:00:00,2026-06-03 10:30:00,3,8368.4,8390.78
IM0,中证1000,中金所,60m,2026-06-04 15:00:00,2026-06-04 14:00:00,1,8354.8,8366.21
IM0,中证1000,中金所,60m,2026-06-05 14:00:00,2026-06-05 10:30:00,2,8354.6,8367.36
IM0,中证1000,中金所,60m,2026-07-03 15:00:00,2026-07-03 14:00:00,1,8373.0,8422.96
IM0,中证1000,中金所,60m,2026-07-10 15:00:00,2026-07-10 10:30:00,3,8019.4,8118.08
IM0,中证1000,中金所,60m,2026-07-30 10:30:00,2026-07-29 14:00:00,2,6921.6,6991.04
IM0,中证1000,中金所,90m,2026-03-30 11:00:00,2026-03-27 14:00:00,2,7434.4,7443.69
IM0,中证1000,中金所,90m,2026-03-31 11:00:00,2026-03-30 14:00:00,2,7407.2,7415.89
IM0,中证1000,中金所,90m,2026-03-31 15:00:00,2026-03-31 14:00:00,1,7379.4,7408.06
IM0,中证1000,中金所,90m,2026-04-02 11:00:00,2026-04-01 11:00:00,3,7409.8,7456.91
IM0,中证1000,中金所,90m,2026-04-28 11:00:00,2026-04-27 11:00:00,3,8135.4,8192.29
IM0,中证1000,中金所,90m,2026-05-20 11:00:00,2026-05-19 15:00:00,1,8602.2,8684.74
IM0,中证1000,中金所,90m,2026-05-21 14:00:00,2026-05-20 15:00:00,2,8592.2,8678.3
IM0,中证1000,中金所,90m,2026-05-26 11:00:00,2026-05-25 11:00:00,3,8520.4,8616.99
IM0,中证1000,中金所,90m,2026-06-03 14:00:00,2026-06-03 11:00:00,1,8416.2,8422.34
IM0,中证1000,中金所,90m,2026-06-05 14:00:00,2026-06-05 11:00:00,1,8354.6,8383.73
IM0,中证1000,中金所,90m,2026-06-12 14:00:00,2026-06-12 11:00:00,1,8194.0,8209.13
IM0,中证1000,中金所,90m,2026-07-03 15:00:00,2026-07-03 11:00:00,2,8373.0,8417.61
IM0,中证1000,中金所,90m,2026-07-28 11:00:00,2026-07-27 14:00:00,2,6955.0,7010.89
IM0,中证1000,中金所,90m,2026-07-30 11:00:00,2026-07-29 14:00:00,2,6899.2,7000.82
IM0,中证1000,中金所,daily,2026-02-04,2026-02-03,1,8203.4,8204.55
IM0,中证1000,中金所,daily,2026-03-13,2026-03-10,3,7951.2,8243.85
IM0,中证1000,中金所,daily,2026-05-27,2026-05-22,3,8441.2,8545.5
J0,焦炭,大商所,120m,2026-01-15 11:15:00,2026-01-14 23:00:00,1,1729.5,1751.1
J0,焦炭,大商所,120m,2026-01-19 11:15:00,2026-01-16 23:00:00,1,1722.5,1745.825
J0,焦炭,大商所,120m,2026-02-03 11:15:00,2026-02-02 23:00:00,1,1705.0,1705.4
J0,焦炭,大商所,120m,2026-02-25 23:00:00,2026-02-25 15:00:00,1,1659.0,1669.45
J0,焦炭,大商所,120m,2026-03-19 11:15:00,2026-03-18 23:00:00,1,1715.0,1730.2
J0,焦炭,大商所,120m,2026-05-08 15:00:00,2026-05-07 15:00:00,3,1828.0,1841.075
J0,焦炭,大商所,120m,2026-05-12 11:15:00,2026-05-11 11:15:00,3,1835.5,1845.7
J0,焦炭,大商所,120m,2026-06-11 11:15:00,2026-06-10 23:00:00,1,1983.0,2010.225
J0,焦炭,大商所,120m,2026-06-29 23:00:00,2026-06-29 15:00:00,1,1954.0,1959.125
J0,焦炭,大商所,120m,2026-07-01 11:15:00,2026-06-30 15:00:00,2,1904.5,1946.075
J0,焦炭,大商所,120m,2026-07-23 15:00:00,2026-07-23 11:15:00,1,1847.0,1853.425
J0,焦炭,大商所,120m,2026-07-27 23:00:00,2026-07-24 23:00:00,3,1837.0,1843.1
J0,焦炭,大商所,120m,2026-07-29 23:00:00,2026-07-29 11:15:00,2,1829.0,1838.85
J0,焦炭,大商所,30m,2026-04-07 10:45:00,2026-04-07 10:00:00,1,1676.0,1676.7
J0,焦炭,大商所,30m,2026-04-07 14:15:00,2026-04-07 13:45:00,1,1670.5,1673.2
J0,焦炭,大商所,30m,2026-04-07 15:00:00,2026-04-07 14:45:00,1,1662.0,1670.575
J0,焦炭,大商所,30m,2026-04-14 10:00:00,2026-04-14 09:30:00,1,1637.5,1640.25
J0,焦炭,大商所,30m,2026-04-24 22:30:00,2026-04-24 21:30:00,2,1840.0,1842.0
J0,焦炭,大商所,30m,2026-05-07 21:30:00,2026-05-07 15:00:00,1,1851.0,1858.75
J0,焦炭,大商所,30m,2026-05-08 11:15:00,2026-05-08 10:00:00,2,1849.0,1849.925
J0,焦炭,大商所,30m,2026-05-18 14:45:00,2026-05-18 14:15:00,1,1786.0,1805.725
J0,焦炭,大商所,30m,2026-05-20 10:00:00,2026-05-20 09:30:00,1,1769.5,1777.175
J0,焦炭,大商所,30m,2026-06-08 09:30:00,2026-06-05 23:00:00,1,2045.0,2046.45
J0,焦炭,大商所,30m,2026-06-08 11:15:00,2026-06-08 10:45:00,1,2047.0,2048.2
J0,焦炭,大商所,30m,2026-06-15 21:30:00,2026-06-15 14:15:00,3,2083.0,2091.075
J0,焦炭,大商所,30m,2026-06-16 10:00:00,2026-06-16 09:30:00,1,2086.5,2092.5
J0,焦炭,大商所,30m,2026-06-16 22:00:00,2026-06-16 21:30:00,1,2088.0,2088.3
J0,焦炭,大商所,30m,2026-06-17 11:15:00,2026-06-17 09:30:00,3,2082.0,2089.625
J0,焦炭,大商所,30m,2026-06-29 23:00:00,2026-06-29 22:30:00,1,1954.0,1954.775
J0,焦炭,大商所,30m,2026-06-30 10:00:00,2026-06-30 09:30:00,1,1953.5,1955.75
J0,焦炭,大商所,30m,2026-06-30 21:30:00,2026-06-30 15:00:00,1,1950.5,1955.175
J0,焦炭,大商所,30m,2026-06-30 23:00:00,2026-06-30 22:30:00,1,1952.5,1956.2
J0,焦炭,大商所,30m,2026-07-09 14:45:00,2026-07-09 13:45:00,2,1946.0,1950.3
J0,焦炭,大商所,30m,2026-07-14 21:30:00,2026-07-14 14:45:00,2,1865.0,1865.55
J0,焦炭,大商所,30m,2026-07-17 10:45:00,2026-07-17 10:00:00,1,1867.5,1871.2
J0,焦炭,大商所,30m,2026-07-17 13:45:00,2026-07-17 11:15:00,1,1867.5,1870.4
J0,焦炭,大商所,30m,2026-07-21 21:30:00,2026-07-21 14:45:00,2,1829.5,1831.625
J0,焦炭,大商所,30m,2026-07-22 10:00:00,2026-07-21 22:30:00,3,1820.0,1826.05
J0,焦炭,大商所,30m,2026-07-22 13:45:00,2026-07-22 11:15:00,1,1822.5,1825.275
J0,焦炭,大商所,30m,2026-07-22 15:00:00,2026-07-22 14:45:00,1,1824.5,1825.725
J0,焦炭,大商所,30m,2026-07-24 15:00:00,2026-07-24 14:45:00,1,1840.5,1842.225
J0,焦炭,大商所,60m,2026-01-13 14:15:00,2026-01-13 10:00:00,2,1748.0,1756.125
J0,焦炭,大商所,60m,2026-01-14 15:00:00,2026-01-14 14:15:00,1,1738.5,1755.375
J0,焦炭,大商所,60m,2026-01-16 11:15:00,2026-01-16 10:00:00,1,1733.0,1747.0
J0,焦炭,大商所,60m,2026-01-19 10:00:00,2026-01-16 23:00:00,1,1728.5,1740.825
J0,焦炭,大商所,60m,2026-02-03 11:15:00,2026-02-02 22:00:00,3,1705.0,1723.55
J0,焦炭,大商所,60m,2026-02-03 23:00:00,2026-02-03 22:00:00,1,1725.0,1725.425
J0,焦炭,大商所,60m,2026-02-05 22:00:00,2026-02-05 14:15:00,2,1732.0,1734.9
J0,焦炭,大商所,60m,2026-02-25 22:00:00,2026-02-25 11:15:00,3,1656.0,1658.525
J0,焦炭,大商所,60m,2026-02-26 11:15:00,2026-02-25 23:00:00,2,1645.5,1657.0
J0,焦炭,大商所,60m,2026-03-02 23:00:00,2026-03-02 14:15:00,3,1635.5,1639.725
J0,焦炭,大商所,60m,2026-03-05 22:00:00,2026-03-05 14:15:00,2,1657.0,1665.425
J0,焦炭,大商所,60m,2026-03-17 11:15:00,2026-03-17 10:00:00,1,1736.5,1739.35
J0,焦炭,大商所,60m,2026-03-17 15:00:00,2026-03-17 14:15:00,1,1732.0,1739.375
J0,焦炭,大商所,60m,2026-03-18 10:00:00,2026-03-17 22:00:00,2,1735.0,1741.6
J0,焦炭,大商所,60m,2026-03-19 10:00:00,2026-03-18 22:00:00,2,1731.5,1736.9
J0,焦炭,大商所,60m,2026-04-08 10:00:00,2026-04-07 22:00:00,2,1665.0,1676.35
J0,焦炭,大商所,60m,2026-04-09 15:00:00,2026-04-09 11:15:00,2,1661.5,1674.275
J0,焦炭,大商所,60m,2026-04-24 10:00:00,2026-04-23 22:00:00,2,1827.5,1841.1
J0,焦炭,大商所,60m,2026-04-27 22:00:00,2026-04-27 15:00:00,1,1833.5,1845.525
J0,焦炭,大商所,60m,2026-05-07 22:00:00,2026-05-07 14:15:00,2,1847.0,1849.375
J0,焦炭,大商所,60m,2026-05-08 11:15:00,2026-05-08 10:00:00,1,1849.0,1852.55
J0,焦炭,大商所,60m,2026-06-11 11:15:00,2026-06-10 22:00:00,3,1983.0,1986.675
J0,焦炭,大商所,60m,2026-06-17 11:15:00,2026-06-17 10:00:00,1,2082.0,2091.225
J0,焦炭,大商所,60m,2026-06-29 22:00:00,2026-06-29 11:15:00,3,1946.0,1947.925
J0,焦炭,大商所,60m,2026-06-30 14:15:00,2026-06-29 23:00:00,3,1945.5,1946.85
J0,焦炭,大商所,60m,2026-07-01 10:00:00,2026-06-30 15:00:00,3,1916.5,1948.025
J0,焦炭,大商所,60m,2026-07-09 11:15:00,2026-07-08 23:00:00,2,1943.5,1949.475
J0,焦炭,大商所,60m,2026-07-09 15:00:00,2026-07-09 14:15:00,1,1945.0,1949.1
J0,焦炭,大商所,60m,2026-07-17 11:15:00,2026-07-16 23:00:00,2,1872.0,1872.175
J0,焦炭,大商所,60m,2026-07-20 10:00:00,2026-07-17 22:00:00,2,1863.0,1873.575
J0,焦炭,大商所,90m,2026-01-16 13:45:00,2026-01-16 10:00:00,1,1724.5,1748.8
J0,焦炭,大商所,90m,2026-01-19 10:00:00,2026-01-16 22:30:00,1,1728.5,1746.0
J0,焦炭,大商所,90m,2026-02-03 13:45:00,2026-02-02 22:30:00,2,1702.5,1708.025
J0,焦炭,大商所,90m,2026-02-06 15:00:00,2026-02-06 13:45:00,1,1698.5,1731.7
J0,焦炭,大商所,90m,2026-02-24 10:00:00,2026-02-13 13:45:00,2,1612.0,1673.35
J0,焦炭,大商所,90m,2026-02-25 22:30:00,2026-02-25 13:45:00,2,1657.0,1661.325
J0,焦炭,大商所,90m,2026-02-26 13:45:00,2026-02-26 10:00:00,1,1647.5,1660.1
J0,焦炭,大商所,90m,2026-03-02 22:30:00,2026-03-02 13:45:00,2,1628.5,1642.1
J0,焦炭,大商所,90m,2026-03-18 10:00:00,2026-03-17 22:30:00,1,1735.0,1737.725
J0,焦炭,大商所,90m,2026-03-19 10:00:00,2026-03-18 22:30:00,1,1731.5,1738.775
J0,焦炭,大商所,90m,2026-04-08 22:30:00,2026-04-08 15:00:00,1,1676.5,1680.3
J0,焦炭,大商所,90m,2026-06-11 13:45:00,2026-06-10 22:30:00,2,1985.0,2006.45
J0,焦炭,大商所,90m,2026-07-20 10:00:00,2026-07-17 22:30:00,1,1863.0,1870.575
J0,焦炭,大商所,90m,2026-07-29 22:30:00,2026-07-29 10:00:00,3,1822.0,1839.825
J0,焦炭,大商所,daily,2026-01-27,2026-01-23,2,1668.0,1713.425
J0,焦炭,大商所,daily,2026-02-02,2026-01-29,2,1680.5,1717.025
J0,焦炭,大商所,daily,2026-02-06,2026-02-04,2,1698.5,1716.05
J0,焦炭,大商所,daily,2026-03-04,2026-03-03,1,1672.0,1685.9
J0,焦炭,大商所,daily,2026-03-10,2026-03-06,2,1680.5,1685.075
JD0,鸡蛋,大商所,120m,2026-01-20 15:00:00,2026-01-20 11:15:00,1,3027.0,3027.75
JD0,鸡蛋,大商所,120m,2026-01-29 15:00:00,2026-01-29 11:15:00,1,3021.0,3050.25
JD0,鸡蛋,大商所,120m,2026-03-24 11:15:00,2026-03-23 11:15:00,2,3418.0,3418.65
JD0,鸡蛋,大商所,120m,2026-04-14 11:15:00,2026-04-13 15:00:00,1,3258.0,3261.45
JD0,鸡蛋,大商所,120m,2026-06-17 11:15:00,2026-06-15 15:00:00,3,4672.0,4696.6
JD0,鸡蛋,大商所,30m,2026-03-10 14:15:00,2026-03-10 11:15:00,2,3420.0,3421.05
JD0,鸡蛋,大商所,30m,2026-04-03 14:15:00,2026-04-03 10:45:00,3,3232.0,3232.75
JD0,鸡蛋,大商所,30m,2026-04-15 11:15:00,2026-04-15 10:00:00,2,3259.0,3260.65
JD0,鸡蛋,大商所,30m,2026-05-18 09:30:00,2026-05-15 14:45:00,2,4290.0,4312.05
JD0,鸡蛋,大商所,30m,2026-05-28 13:45:00,2026-05-28 11:15:00,1,4583.0,4583.9
JD0,鸡蛋,大商所,30m,2026-06-04 11:15:00,2026-06-04 10:00:00,2,4744.0,4754.65
JD0,鸡蛋,大商所,30m,2026-06-17 11:15:00,2026-06-17 10:45:00,1,4672.0,4684.35
JD0,鸡蛋,大商所,30m,2026-06-25 11:15:00,2026-06-25 10:00:00,2,4369.0,4381.05
JD0,鸡蛋,大商所,30m,2026-06-26 10:00:00,2026-06-25 15:00:00,2,4372.0,4389.35
JD0,鸡蛋,大商所,30m,2026-07-24 09:30:00,2026-07-23 14:15:00,3,4118.0,4131.7
JD0,鸡蛋,大商所,60m,2026-01-19 15:00:00,2026-01-19 14:15:00,1,3023.0,3037.8
JD0,鸡蛋,大商所,60m,2026-01-21 11:15:00,2026-01-21 10:00:00,1,3042.0,3042.75
JD0,鸡蛋,大商所,60m,2026-01-29 14:15:00,2026-01-29 10:00:00,2,3048.0,3060.35
JD0,鸡蛋,大商所,60m,2026-03-17 10:00:00,2026-03-16 15:00:00,1,3390.0,3436.5
JD0,鸡蛋,大商所,60m,2026-03-25 11:15:00,2026-03-25 10:00:00,1,3403.0,3405.7
JD0,鸡蛋,大商所,60m,2026-04-09 11:15:00,2026-04-08 15:00:00,2,3194.0,3218.5
JD0,鸡蛋,大商所,60m,2026-04-24 14:15:00,2026-04-24 11:15:00,1,3340.0,3342.6
JD0,鸡蛋,大商所,60m,2026-04-28 10:00:00,2026-04-27 11:15:00,3,3343.0,3351.7
JD0,鸡蛋,大商所,60m,2026-05-14 10:00:00,2026-05-13 15:00:00,1,4289.0,4308.05
JD0,鸡蛋,大商所,60m,2026-06-12 14:15:00,2026-06-12 11:15:00,1,4684.0,4695.8
JD0,鸡蛋,大商所,60m,2026-06-16 10:00:00,2026-06-15 15:00:00,1,4701.0,4705.35
JD0,鸡蛋,大商所,60m,2026-07-10 10:00:00,2026-07-09 14:15:00,2,4568.0,4655.95
JD0,鸡蛋,大商所,90m,2026-01-20 14:15:00,2026-01-20 10:45:00,1,3025.0,3034.45
JD0,鸡蛋,大商所,90m,2026-01-21 15:00:00,2026-01-21 10:45:00,2,3035.0,3036.95
JD0,鸡蛋,大商所,90m,2026-01-29 14:15:00,2026-01-29 10:45:00,1,3048.0,3057.35
JD0,鸡蛋,大商所,90m,2026-03-17 10:45:00,2026-03-16 15:00:00,1,3395.0,3433.45
JD0,鸡蛋,大商所,90m,2026-05-18 10:45:00,2026-05-15 15:00:00,1,4301.0,4312.05
JD0,鸡蛋,大商所,90m,2026-06-12 14:15:00,2026-06-12 10:45:00,1,4684.0,4696.2
JD0,鸡蛋,大商所,90m,2026-06-16 10:45:00,2026-06-15 15:00:00,1,4690.0,4693.55
JD0,鸡蛋,大商所,90m,2026-06-17 10:45:00,2026-06-16 14:15:00,2,4686.0,4699.0
JD0,鸡蛋,大商所,90m,2026-07-13 10:45:00,2026-07-10 15:00:00,1,4557.0,4636.1
JD0,鸡蛋,大商所,90m,2026-07-29 10:45:00,2026-07-28 15:00:00,1,4108.0,4116.4
JD0,鸡蛋,大商所,daily,2026-04-20,2026-04-17,1,3306.0,3324.0
JM0,焦煤,大商所,120m,2026-01-23 23:00:00,2026-01-23 15:00:00,1,1142.5,1149.65
JM0,焦煤,大商所,120m,2026-01-26 23:00:00,2026-01-26 11:15:00,2,1137.0,1144.575
JM0,焦煤,大商所,120m,2026-01-28 23:00:00,2026-01-28 15:00:00,1,1130.5,1130.85
JM0,焦煤,大商所,120m,2026-02-25 23:00:00,2026-02-25 15:00:00,1,1113.5,1122.675
JM0,焦煤,大商所,120m,2026-03-04 11:15:00,2026-03-03 11:15:00,3,1095.0,1101.025
JM0,焦煤,大商所,120m,2026-03-05 11:15:00,2026-03-04 23:00:00,1,1095.0,1099.3
JM0,焦煤,大商所,120m,2026-03-05 23:00:00,2026-03-05 15:00:00,1,1091.5,1097.575
JM0,焦煤,大商所,120m,2026-03-19 11:15:00,2026-03-18 23:00:00,1,1155.5,1165.1
JM0,焦煤,大商所,120m,2026-04-28 23:00:00,2026-04-28 15:00:00,1,1257.0,1266.0
JM0,焦煤,大商所,120m,2026-07-16 11:15:00,2026-07-15 11:15:00,3,1262.5,1266.25
JM0,焦煤,大商所,120m,2026-07-17 15:00:00,2026-07-16 23:00:00,2,1260.5,1261.35
JM0,焦煤,大商所,120m,2026-07-20 23:00:00,2026-07-17 23:00:00,3,1245.5,1260.15
JM0,焦煤,大商所,30m,2026-04-08 09:30:00,2026-04-07 22:00:00,3,1106.0,1112.975
JM0,焦煤,大商所,30m,2026-04-23 14:15:00,2026-04-23 11:15:00,2,1257.5,1270.05
JM0,焦煤,大商所,30m,2026-04-24 14:45:00,2026-04-24 11:15:00,3,1259.0,1264.675
JM0,焦煤,大商所,30m,2026-05-07 22:00:00,2026-05-07 15:00:00,2,1297.0,1300.675
JM0,焦煤,大商所,30m,2026-05-13 22:00:00,2026-05-13 21:30:00,1,1243.5,1244.225
JM0,焦煤,大商所,30m,2026-05-14 14:45:00,2026-05-14 13:45:00,2,1242.0,1242.3
JM0,焦煤,大商所,30m,2026-05-19 15:00:00,2026-05-19 14:45:00,1,1221.0,1221.525
JM0,焦煤,大商所,30m,2026-05-27 14:45:00,2026-05-27 14:15:00,1,1266.0,1271.0
JM0,焦煤,大商所,30m,2026-05-29 10:00:00,2026-05-28 23:00:00,2,1287.0,1287.4
JM0,焦煤,大商所,30m,2026-05-29 13:45:00,2026-05-29 11:15:00,1,1289.0,1289.225
JM0,焦煤,大商所,30m,2026-06-03 09:30:00,2026-06-02 22:30:00,2,1368.0,1369.55
JM0,焦煤,大商所,30m,2026-06-11 22:00:00,2026-06-11 14:45:00,3,1354.5,1355.875
JM0,焦煤,大商所,30m,2026-06-16 14:45:00,2026-06-16 14:15:00,1,1344.5,1348.275
JM0,焦煤,大商所,30m,2026-06-24 14:45:00,2026-06-24 14:15:00,1,1248.0,1252.275
JM0,焦煤,大商所,30m,2026-07-07 10:45:00,2026-07-07 10:00:00,1,1285.0,1286.95
JM0,焦煤,大商所,30m,2026-07-09 14:45:00,2026-07-09 14:15:00,1,1288.0,1290.525
JM0,焦煤,大商所,30m,2026-07-14 10:45:00,2026-07-14 10:00:00,1,1244.0,1245.375
JM0,焦煤,大商所,30m,2026-07-14 13:45:00,2026-07-14 11:15:00,1,1243.5,1244.5
JM0,焦煤,大商所,30m,2026-07-17 13:45:00,2026-07-17 11:15:00,1,1261.5,1265.2
JM0,焦煤,大商所,30m,2026-07-24 15:00:00,2026-07-24 14:45:00,1,1285.0,1285.125
JM0,焦煤,大商所,60m,2026-01-14 15:00:00,2026-01-14 14:15:00,1,1196.5,1210.475
JM0,焦煤,大商所,60m,2026-01-16 11:15:00,2026-01-16 10:00:00,1,1184.5,1196.15
JM0,焦煤,大商所,60m,2026-01-19 10:00:00,2026-01-16 23:00:00,1,1174.5,1188.4
JM0,焦煤,大商所,60m,2026-02-03 11:15:00,2026-02-02 22:00:00,3,1149.5,1165.625
JM0,焦煤,大商所,60m,2026-02-12 11:15:00,2026-02-12 10:00:00,1,1128.0,1129.825
JM0,焦煤,大商所,60m,2026-02-13 14:15:00,2026-02-13 11:15:00,1,1123.5,1124.625
JM0,焦煤,大商所,60m,2026-02-25 22:00:00,2026-02-25 11:15:00,3,1112.0,1115.225
JM0,焦煤,大商所,60m,2026-03-02 22:00:00,2026-03-02 15:00:00,1,1087.5,1091.05
JM0,焦煤,大商所,60m,2026-03-05 22:00:00,2026-03-05 14:15:00,2,1093.5,1100.4
JM0,焦煤,大商所,60m,2026-03-17 11:15:00,2026-03-17 10:00:00,1,1173.5,1175.325
JM0,焦煤,大商所,60m,2026-03-19 10:00:00,2026-03-18 23:00:00,1,1165.0,1173.35
JM0,焦煤,大商所,60m,2026-03-25 15:00:00,2026-03-25 14:15:00,1,1241.0,1251.6
JM0,焦煤,大商所,60m,2026-04-08 10:00:00,2026-04-07 23:00:00,1,1109.0,1118.25
JM0,焦煤,大商所,60m,2026-04-08 22:00:00,2026-04-08 15:00:00,1,1117.0,1118.075
JM0,焦煤,大商所,60m,2026-04-24 10:00:00,2026-04-23 22:00:00,2,1252.5,1264.5
JM0,焦煤,大商所,60m,2026-04-24 15:00:00,2026-04-24 11:15:00,2,1258.5,1265.4
JM0,焦煤,大商所,60m,2026-04-28 10:00:00,2026-04-27 23:00:00,1,1257.5,1267.15
JM0,焦煤,大商所,60m,2026-04-28 22:00:00,2026-04-28 15:00:00,1,1255.0,1265.45
JM0,焦煤,大商所,60m,2026-06-17 11:15:00,2026-06-17 10:00:00,1,1350.5,1356.675
JM0,焦煤,大商所,60m,2026-07-02 14:15:00,2026-07-02 11:15:00,1,1268.0,1269.325
JM0,焦煤,大商所,60m,2026-07-09 22:00:00,2026-07-09 14:15:00,2,1258.0,1285.375
JM0,焦煤,大商所,60m,2026-07-20 11:15:00,2026-07-17 22:00:00,3,1267.5,1268.975
JM0,焦煤,大商所,60m,2026-07-20 22:00:00,2026-07-20 15:00:00,1,1244.5,1267.8
JM0,焦煤,大商所,60m,2026-07-27 10:00:00,2026-07-24 23:00:00,1,1273.5,1279.3
JM0,焦煤,大商所,90m,2026-01-05 10:00:00,2025-12-31 15:00:00,1,1101.5,1110.0
JM0,焦煤,大商所,90m,2026-01-14 10:00:00,2026-01-13 22:30:00,1,1190.5,1201.3
JM0,焦煤,大商所,90m,2026-02-03 13:45:00,2026-02-02 22:30:00,2,1149.0,1152.3
JM0,焦煤,大商所,90m,2026-02-25 22:30:00,2026-02-25 13:45:00,2,1110.5,1117.8
JM0,焦煤,大商所,90m,2026-03-04 10:00:00,2026-03-03 13:45:00,3,1094.5,1097.35
JM0,焦煤,大商所,90m,2026-03-20 15:00:00,2026-03-20 13:45:00,1,1171.0,1171.75
JM0,焦煤,大商所,90m,2026-04-24 15:00:00,2026-04-24 13:45:00,1,1258.5,1260.5
JM0,焦煤,大商所,90m,2026-06-17 13:45:00,2026-06-17 10:00:00,1,1343.5,1357.05
JM0,焦煤,大商所,90m,2026-07-16 10:00:00,2026-07-15 13:45:00,3,1258.5,1258.725
JM0,焦煤,大商所,90m,2026-07-22 13:45:00,2026-07-21 15:00:00,3,1263.0,1265.525
JM0,焦煤,大商所,daily,2026-01-05,2025-12-30,2,1080.5,1093.825
JM0,焦煤,大商所,daily,2026-01-27,2026-01-23,2,1116.5,1151.225
JM0,焦煤,大商所,daily,2026-01-30,2026-01-29,1,1155.5,1157.85
JM0,焦煤,大商所,daily,2026-02-06,2026-02-03,3,1138.5,1162.975
JM0,焦煤,大商所,daily,2026-03-10,2026-03-09,1,1121.5,1128.225
JM0,焦煤,大商所,daily,2026-07-16,2026-07-15,1,1261.0,1267.2
JM0,焦煤,大商所,daily,2026-07-22,2026-07-20,2,1266.0,1268.875
JM0,焦煤,大商所,daily,2026-07-27,2026-07-23,2,1270.5,1271.95
L0,塑料,大商所,120m,2026-03-30 15:00:00,2026-03-27 23:00:00,2,8804.0,8895.25
L0,塑料,大商所,120m,2026-05-18 23:00:00,2026-05-18 11:15:00,2,8053.0,8139.4
L0,塑料,大商所,120m,2026-05-20 15:00:00,2026-05-20 11:15:00,1,8094.0,8125.1
L0,塑料,大商所,120m,2026-06-05 15:00:00,2026-06-04 23:00:00,2,7916.0,7916.4
L0,塑料,大商所,120m,2026-06-09 11:15:00,2026-06-08 11:15:00,3,7912.0,7960.45
L0,塑料,大商所,120m,2026-06-12 11:15:00,2026-06-11 11:15:00,3,7912.0,7933.8
L0,塑料,大商所,120m,2026-06-15 11:15:00,2026-06-12 23:00:00,1,7611.0,7921.2
L0,塑料,大商所,120m,2026-07-06 11:15:00,2026-07-03 23:00:00,1,6859.0,6873.25
L0,塑料,大商所,30m,2026-04-09 21:30:00,2026-04-09 15:00:00,1,8534.0,8545.85
L0,塑料,大商所,30m,2026-04-10 09:30:00,2026-04-09 22:00:00,3,8473.0,8522.35
L0,塑料,大商所,30m,2026-04-15 14:15:00,2026-04-15 10:45:00,3,8050.0,8067.15
L0,塑料,大商所,30m,2026-04-17 21:30:00,2026-04-17 14:45:00,2,7896.0,8097.75
L0,塑料,大商所,30m,2026-04-21 14:15:00,2026-04-21 11:15:00,2,7958.0,7958.6
L0,塑料,大商所,30m,2026-05-08 22:00:00,2026-05-08 21:30:00,1,8055.0,8066.15
L0,塑料,大商所,30m,2026-05-13 22:00:00,2026-05-13 21:30:00,1,8213.0,8222.9
L0,塑料,大商所,30m,2026-05-25 09:30:00,2026-05-22 22:00:00,3,7939.0,7956.15
L0,塑料,大商所,30m,2026-05-29 09:30:00,2026-05-28 23:00:00,1,7780.0,7783.0
L0,塑料,大商所,30m,2026-05-29 11:15:00,2026-05-29 10:45:00,1,7765.0,7788.85
L0,塑料,大商所,30m,2026-06-02 13:45:00,2026-06-02 10:45:00,2,7926.0,7977.5
L0,塑料,大商所,30m,2026-06-03 10:00:00,2026-06-03 09:30:00,1,7965.0,7978.55
L0,塑料,大商所,30m,2026-06-04 09:30:00,2026-06-03 23:00:00,1,7921.0,7966.75
L0,塑料,大商所,30m,2026-06-05 14:15:00,2026-06-05 10:45:00,3,7905.0,7911.15
L0,塑料,大商所,30m,2026-06-05 21:30:00,2026-06-05 14:45:00,2,7902.0,7904.45
L0,塑料,大商所,30m,2026-06-09 09:30:00,2026-06-08 22:30:00,2,7908.0,7967.8
L0,塑料,大商所,30m,2026-06-10 10:45:00,2026-06-10 10:00:00,1,7901.0,7901.7
L0,塑料,大商所,30m,2026-06-15 09:30:00,2026-06-12 22:00:00,3,7656.0,7925.05
L0,塑料,大商所,30m,2026-06-29 13:45:00,2026-06-29 11:15:00,1,6872.0,6875.65
L0,塑料,大商所,30m,2026-07-17 10:00:00,2026-07-17 09:30:00,1,7697.0,7737.05
L0,塑料,大商所,30m,2026-07-22 13:45:00,2026-07-22 11:15:00,1,7779.0,7796.35
L0,塑料,大商所,30m,2026-07-22 21:30:00,2026-07-22 15:00:00,1,7802.0,7802.9
L0,塑料,大商所,30m,2026-07-27 09:30:00,2026-07-24 23:00:00,1,7697.0,7975.45
L0,塑料,大商所,60m,2026-03-10 22:00:00,2026-03-10 14:15:00,2,7742.0,7762.35
L0,塑料,大商所,60m,2026-03-17 11:15:00,2026-03-17 10:00:00,1,8460.0,8513.15
L0,塑料,大商所,60m,2026-03-17 15:00:00,2026-03-17 14:15:00,1,8496.0,8505.95
L0,塑料,大商所,60m,2026-03-18 11:15:00,2026-03-17 22:00:00,3,8489.0,8554.75
L0,塑料,大商所,60m,2026-03-24 14:15:00,2026-03-24 10:00:00,2,8936.0,9027.15
L0,塑料,大商所,60m,2026-03-31 10:00:00,2026-03-30 22:00:00,2,8638.0,8825.8
L0,塑料,大商所,60m,2026-04-02 15:00:00,2026-04-02 11:15:00,2,8625.0,8638.65
L0,塑料,大商所,60m,2026-04-02 23:00:00,2026-04-02 22:00:00,1,8520.0,8616.9
L0,塑料,大商所,60m,2026-06-04 10:00:00,2026-06-03 23:00:00,1,7909.0,7976.45
L0,塑料,大商所,60m,2026-06-12 14:15:00,2026-06-12 11:15:00,1,7882.0,7909.85
L0,塑料,大商所,60m,2026-06-15 10:00:00,2026-06-12 22:00:00,2,7661.0,7909.8
L0,塑料,大商所,60m,2026-07-03 11:15:00,2026-07-03 10:00:00,1,6846.0,6865.5
L0,塑料,大商所,60m,2026-07-21 11:15:00,2026-07-20 23:00:00,2,7754.0,7764.45
L0,塑料,大商所,60m,2026-07-22 23:00:00,2026-07-22 15:00:00,2,7822.0,7826.15
L0,塑料,大商所,60m,2026-07-31 10:00:00,2026-07-30 23:00:00,1,7684.0,7719.1
L0,塑料,大商所,60m,2026-07-31 14:15:00,2026-07-31 11:15:00,1,7706.0,7718.55
L0,塑料,大商所,90m,2026-03-30 15:00:00,2026-03-27 22:30:00,3,8804.0,8843.4
L0,塑料,大商所,90m,2026-03-31 10:00:00,2026-03-30 22:30:00,1,8638.0,8806.8
L0,塑料,大商所,90m,2026-04-17 10:00:00,2026-04-16 22:30:00,1,8117.0,8121.75
L0,塑料,大商所,90m,2026-04-17 22:30:00,2026-04-17 15:00:00,1,7925.0,8086.65
L0,塑料,大商所,90m,2026-05-13 13:45:00,2026-05-12 15:00:00,3,8157.0,8171.3
L0,塑料,大商所,90m,2026-05-14 10:00:00,2026-05-13 15:00:00,2,8113.0,8152.95
L0,塑料,大商所,90m,2026-05-18 22:30:00,2026-05-18 10:00:00,3,8034.0,8140.6
L0,塑料,大商所,90m,2026-06-09 10:00:00,2026-06-08 13:45:00,3,7910.0,7952.4
L0,塑料,大商所,90m,2026-06-15 10:00:00,2026-06-12 22:30:00,1,7661.0,7919.3
L0,塑料,大商所,90m,2026-07-03 15:00:00,2026-07-03 10:00:00,2,6861.0,6874.0
L0,塑料,大商所,90m,2026-07-30 22:30:00,2026-07-30 13:45:00,2,7727.0,7769.5
L0,塑料,大商所,daily,2026-04-08,2026-04-02,3,8498.0,8702.2
L0,塑料,大商所,daily,2026-05-14,2026-05-12,2,8048.0,8171.4
L0,塑料,大商所,daily,2026-06-04,2026-06-03,1,7885.0,7992.7
L0,塑料,大商所,daily,2026-06-09,2026-06-08,1,7888.0,7965.6
L0,塑料,大商所,daily,2026-06-12,2026-06-11,1,7902.0,7938.8
LC0,碳酸锂,广期所,120m,2026-03-17 11:15:00,2026-03-16 15:00:00,1,156880.0,156896.0
LC0,碳酸锂,广期所,120m,2026-04-08 11:15:00,2026-04-07 11:15:00,2,159000.0,160557.0
LC0,碳酸锂,广期所,120m,2026-07-28 11:15:00,2026-07-27 15:00:00,1,142560.0,146197.0
LC0,碳酸锂,广期所,120m,2026-07-30 11:15:00,2026-07-29 11:15:00,2,144400.0,145438.0
LC0,碳酸锂,广期所,30m,2026-01-28 10:00:00,2026-01-27 14:45:00,3,167460.0,175357.0
LC0,碳酸锂,广期所,30m,2026-01-29 14:15:00,2026-01-29 13:45:00,1,168140.0,170103.0
LC0,碳酸锂,广期所,30m,2026-02-03 10:45:00,2026-02-03 09:30:00,2,139100.0,147309.0
LC0,碳酸锂,广期所,30m,2026-03-02 10:45:00,2026-03-02 10:00:00,1,173300.0,174335.0
LC0,碳酸锂,广期所,30m,2026-03-16 14:15:00,2026-03-16 13:45:00,1,155440.0,155651.0
LC0,碳酸锂,广期所,30m,2026-03-17 15:00:00,2026-03-17 14:45:00,1,155320.0,155368.0
LC0,碳酸锂,广期所,30m,2026-03-20 14:45:00,2026-03-20 13:45:00,2,145460.0,147862.0
LC0,碳酸锂,广期所,30m,2026-04-02 11:15:00,2026-04-02 10:00:00,2,157980.0,160168.0
LC0,碳酸锂,广期所,30m,2026-04-02 15:00:00,2026-04-02 14:45:00,1,159140.0,159421.0
LC0,碳酸锂,广期所,30m,2026-04-03 14:45:00,2026-04-03 14:15:00,1,158560.0,158904.0
LC0,碳酸锂,广期所,30m,2026-04-08 15:00:00,2026-04-08 13:45:00,3,159620.0,160310.0
LC0,碳酸锂,广期所,30m,2026-04-10 10:45:00,2026-04-10 10:00:00,1,154380.0,157386.0
LC0,碳酸锂,广期所,30m,2026-04-23 10:00:00,2026-04-23 09:30:00,1,174800.0,175526.0
LC0,碳酸锂,广期所,30m,2026-05-19 09:30:00,2026-05-18 15:00:00,1,185760.0,191406.0
LC0,碳酸锂,广期所,30m,2026-05-21 13:45:00,2026-05-21 11:15:00,1,179200.0,182184.0
LC0,碳酸锂,广期所,30m,2026-05-26 10:00:00,2026-05-26 09:30:00,1,179060.0,181567.0
LC0,碳酸锂,广期所,30m,2026-05-28 11:15:00,2026-05-28 09:30:00,3,176380.0,176839.0
LC0,碳酸锂,广期所,30m,2026-06-05 14:15:00,2026-06-05 13:45:00,1,162380.0,164254.0
LC0,碳酸锂,广期所,30m,2026-06-08 09:30:00,2026-06-05 15:00:00,1,162720.0,163430.0
LC0,碳酸锂,广期所,30m,2026-06-08 13:45:00,2026-06-08 10:00:00,3,160900.0,162757.0
LC0,碳酸锂,广期所,30m,2026-06-15 14:15:00,2026-06-15 13:45:00,1,174600.0,174809.0
LC0,碳酸锂,广期所,30m,2026-06-17 10:45:00,2026-06-17 10:00:00,1,171560.0,172516.0
LC0,碳酸锂,广期所,30m,2026-06-17 13:45:00,2026-06-17 11:15:00,1,171120.0,172090.0
LC0,碳酸锂,广期所,30m,2026-06-24 10:00:00,2026-06-24 09:30:00,1,156240.0,156889.0
LC0,碳酸锂,广期所,30m,2026-07-06 10:45:00,2026-07-06 10:00:00,1,164220.0,166418.0
LC0,碳酸锂,广期所,30m,2026-07-13 15:00:00,2026-07-13 13:45:00,3,152240.0,152285.0
LC0,碳酸锂,广期所,30m,2026-07-14 11:15:00,2026-07-14 09:30:00,3,151220.0,152171.0
LC0,碳酸锂,广期所,30m,2026-07-20 10:00:00,2026-07-20 09:30:00,1,148620.0,150261.0
LC0,碳酸锂,广期所,60m,2026-01-27 14:15:00,2026-01-27 10:00:00,2,171420.0,171546.0
LC0,碳酸锂,广期所,60m,2026-01-28 10:00:00,2026-01-27 15:00:00,1,167460.0,172650.0
LC0,碳酸锂,广期所,60m,2026-03-06 14:15:00,2026-03-06 11:15:00,1,156280.0,159063.0
LC0,碳酸锂,广期所,60m,2026-03-13 11:15:00,2026-03-13 10:00:00,1,158520.0,158901.0
LC0,碳酸锂,广期所,60m,2026-03-17 11:15:00,2026-03-16 15:00:00,2,156880.0,157244.0
LC0,碳酸锂,广期所,60m,2026-04-08 10:00:00,2026-04-07 11:15:00,3,158400.0,159615.0
LC0,碳酸锂,广期所,60m,2026-04-08 15:00:00,2026-04-08 14:15:00,1,159620.0,159850.0
LC0,碳酸锂,广期所,60m,2026-04-22 11:15:00,2026-04-22 10:00:00,1,174880.0,175061.0
LC0,碳酸锂,广期所,60m,2026-05-14 10:00:00,2026-05-13 15:00:00,1,194820.0,201276.0
LC0,碳酸锂,广期所,60m,2026-05-25 14:15:00,2026-05-22 15:00:00,3,181660.0,182539.0
LC0,碳酸锂,广期所,60m,2026-06-09 11:15:00,2026-06-09 10:00:00,1,164360.0,165320.0
LC0,碳酸锂,广期所,60m,2026-06-17 11:15:00,2026-06-17 10:00:00,1,172700.0,172813.0
LC0,碳酸锂,广期所,60m,2026-06-25 10:00:00,2026-06-24 14:15:00,2,157720.0,161074.0
LC0,碳酸锂,广期所,60m,2026-07-23 14:15:00,2026-07-23 10:00:00,2,144720.0,145639.0
LC0,碳酸锂,广期所,90m,2026-02-10 14:15:00,2026-02-10 10:45:00,1,137880.0,139087.0
LC0,碳酸锂,广期所,90m,2026-03-13 14:15:00,2026-03-13 10:45:00,1,154600.0,158349.0
LC0,碳酸锂,广期所,90m,2026-03-17 10:45:00,2026-03-16 15:00:00,1,158340.0,158355.0
LC0,碳酸锂,广期所,90m,2026-04-01 14:15:00,2026-04-01 10:45:00,1,156260.0,160383.0
LC0,碳酸锂,广期所,90m,2026-04-07 15:00:00,2026-04-07 14:15:00,1,160860.0,161915.0
LC0,碳酸锂,广期所,90m,2026-04-08 15:00:00,2026-04-08 14:15:00,1,159620.0,160721.0
LC0,碳酸锂,广期所,90m,2026-05-29 14:15:00,2026-05-29 10:45:00,1,178360.0,179118.0
LC0,碳酸锂,广期所,90m,2026-06-01 14:15:00,2026-05-29 15:00:00,2,179040.0,179177.0
LC0,碳酸锂,广期所,90m,2026-06-10 10:45:00,2026-06-09 15:00:00,1,166320.0,166466.0
LC0,碳酸锂,广期所,90m,2026-06-17 14:15:00,2026-06-17 10:45:00,1,170960.0,171069.0
LC0,碳酸锂,广期所,90m,2026-07-08 10:45:00,2026-07-07 15:00:00,1,160920.0,163546.0
LC0,碳酸锂,广期所,90m,2026-07-28 10:45:00,2026-07-27 14:15:00,2,143480.0,144481.0
LC0,碳酸锂,广期所,daily,2026-03-17,2026-03-16,1,155320.0,158051.0
LC0,碳酸锂,广期所,daily,2026-06-16,2026-06-12,2,169980.0,173559.0
LG0,原木,大商所,120m,2026-01-05 15:00:00,2026-01-05 11:15:00,1,772.5,776.525
LG0,原木,大商所,120m,2026-02-11 15:00:00,2026-02-11 11:15:00,1,787.5,789.7
LG0,原木,大商所,120m,2026-05-19 15:00:00,2026-05-18 11:15:00,3,812.5,814.625
LG0,原木,大商所,120m,2026-06-05 11:15:00,2026-06-04 11:15:00,2,794.0,799.6
LG0,原木,大商所,120m,2026-06-10 11:15:00,2026-06-09 11:15:00,2,794.5,795.625
LG0,原木,大商所,120m,2026-07-14 11:15:00,2026-07-13 11:15:00,2,814.0,817.275
LG0,原木,大商所,120m,2026-07-16 15:00:00,2026-07-15 11:15:00,3,818.0,818.175
LG0,原木,大商所,120m,2026-07-20 11:15:00,2026-07-17 11:15:00,2,817.0,818.4
LG0,原木,大商所,30m,2026-01-28 10:00:00,2026-01-27 15:00:00,2,774.0,774.8
LG0,原木,大商所,30m,2026-02-13 11:15:00,2026-02-13 09:30:00,3,787.0,788.125
LG0,原木,大商所,30m,2026-02-13 15:00:00,2026-02-13 14:15:00,2,787.0,787.55
LG0,原木,大商所,30m,2026-03-04 09:30:00,2026-03-03 15:00:00,1,798.0,799.175
LG0,原木,大商所,30m,2026-03-05 15:00:00,2026-03-05 14:45:00,1,800.0,800.3
LG0,原木,大商所,30m,2026-03-06 10:00:00,2026-03-06 09:30:00,1,800.5,800.575
LG0,原木,大商所,30m,2026-03-12 14:15:00,2026-03-12 11:15:00,2,788.0,790.7
LG0,原木,大商所,30m,2026-03-24 15:00:00,2026-03-24 14:45:00,1,823.0,823.675
LG0,原木,大商所,30m,2026-03-31 15:00:00,2026-03-31 14:45:00,1,820.5,821.85
LG0,原木,大商所,30m,2026-04-01 14:15:00,2026-04-01 11:15:00,2,823.0,823.2
LG0,原木,大商所,30m,2026-04-08 14:45:00,2026-04-08 13:45:00,2,836.5,838.975
LG0,原木,大商所,30m,2026-04-29 14:15:00,2026-04-29 11:15:00,2,802.5,803.25
LG0,原木,大商所,30m,2026-04-30 14:45:00,2026-04-30 14:15:00,1,801.5,802.9
LG0,原木,大商所,30m,2026-05-08 15:00:00,2026-05-08 14:45:00,1,815.0,816.225
LG0,原木,大商所,30m,2026-05-11 14:45:00,2026-05-11 14:15:00,1,815.0,816.0
LG0,原木,大商所,30m,2026-05-12 11:15:00,2026-05-12 09:30:00,3,814.0,815.175
LG0,原木,大商所,30m,2026-05-12 14:15:00,2026-05-12 13:45:00,1,814.5,815.125
LG0,原木,大商所,30m,2026-05-18 13:45:00,2026-05-18 10:45:00,2,814.0,814.075
LG0,原木,大商所,30m,2026-05-21 13:45:00,2026-05-21 11:15:00,1,811.5,813.5
LG0,原木,大商所,30m,2026-05-25 10:00:00,2026-05-25 09:30:00,1,810.0,810.625
LG0,原木,大商所,30m,2026-05-27 14:15:00,2026-05-27 11:15:00,2,807.0,807.2
LG0,原木,大商所,30m,2026-05-28 09:30:00,2026-05-27 14:45:00,2,805.0,807.0
LG0,原木,大商所,30m,2026-06-09 09:30:00,2026-06-08 15:00:00,1,794.0,794.325
LG0,原木,大商所,30m,2026-06-24 10:45:00,2026-06-23 15:00:00,3,821.0,821.775
LG0,原木,大商所,30m,2026-07-16 14:15:00,2026-07-16 10:45:00,3,817.0,817.15
LG0,原木,大商所,30m,2026-07-21 10:00:00,2026-07-21 09:30:00,1,818.5,819.05
LG0,原木,大商所,30m,2026-07-21 11:15:00,2026-07-21 10:45:00,1,818.5,819.15
LG0,原木,大商所,30m,2026-07-28 14:45:00,2026-07-28 11:15:00,3,829.5,829.775
LG0,原木,大商所,30m,2026-07-30 14:15:00,2026-07-30 11:15:00,2,833.0,833.575
LG0,原木,大商所,30m,2026-07-31 10:00:00,2026-07-30 15:00:00,2,834.5,834.65
LG0,原木,大商所,60m,2026-01-05 15:00:00,2026-01-05 10:00:00,3,772.5,776.05
LG0,原木,大商所,60m,2026-01-14 11:15:00,2026-01-14 10:00:00,1,776.0,776.175
LG0,原木,大商所,60m,2026-04-17 11:15:00,2026-04-17 10:00:00,1,821.0,822.85
LG0,原木,大商所,60m,2026-04-17 15:00:00,2026-04-17 14:15:00,1,820.0,821.825
LG0,原木,大商所,60m,2026-05-21 14:15:00,2026-05-21 11:15:00,1,812.0,813.475
LG0,原木,大商所,60m,2026-06-08 10:00:00,2026-06-05 15:00:00,1,789.5,792.825
LG0,原木,大商所,60m,2026-07-13 15:00:00,2026-07-13 10:00:00,3,818.0,818.175
LG0,原木,大商所,60m,2026-07-16 10:00:00,2026-07-15 11:15:00,3,816.0,817.75
LG0,原木,大商所,60m,2026-07-16 14:15:00,2026-07-16 11:15:00,1,817.0,817.525
LG0,原木,大商所,90m,2026-01-05 15:00:00,2025-12-31 15:00:00,3,772.5,776.125
LG0,原木,大商所,90m,2026-02-11 14:15:00,2026-02-11 10:45:00,1,789.5,790.325
LG0,原木,大商所,90m,2026-06-08 10:45:00,2026-06-05 15:00:00,1,788.5,793.7
LG0,原木,大商所,90m,2026-06-12 15:00:00,2026-06-12 14:15:00,1,794.0,795.025
LG0,原木,大商所,90m,2026-07-13 15:00:00,2026-07-13 10:45:00,2,818.0,818.275
LG0,原木,大商所,90m,2026-07-20 10:45:00,2026-07-17 10:45:00,3,818.0,818.2
LG0,原木,大商所,90m,2026-07-22 10:45:00,2026-07-21 10:45:00,3,818.0,818.2
LG0,原木,大商所,daily,2026-05-15,2026-05-13,2,807.5,814.425
LG0,原木,大商所,daily,2026-05-19,2026-05-18,1,812.5,814.075
LG0,原木,大商所,daily,2026-05-21,2026-05-20,1,808.5,813.175
LG0,原木,大商所,daily,2026-07-14,2026-07-13,1,814.5,817.8
LG0,原木,大商所,daily,2026-07-16,2026-07-15,1,818.0,818.25
LG0,原木,大商所,daily,2026-07-20,2026-07-17,1,816.0,818.075
LH0,生猪,大商所,120m,2026-03-09 15:00:00,2026-03-09 11:15:00,1,11200.0,11266.75
LH0,生猪,大商所,120m,2026-04-29 15:00:00,2026-04-28 15:00:00,2,11260.0,11275.5
LH0,生猪,大商所,120m,2026-06-25 11:15:00,2026-06-24 11:15:00,2,11745.0,11874.75
LH0,生猪,大商所,120m,2026-07-13 11:15:00,2026-07-10 11:15:00,2,12030.0,12297.25
LH0,生猪,大商所,30m,2026-03-02 09:30:00,2026-02-27 14:45:00,2,11305.0,11429.25
LH0,生猪,大商所,30m,2026-03-05 14:15:00,2026-03-05 13:45:00,1,11135.0,11146.75
LH0,生猪,大商所,30m,2026-03-05 15:00:00,2026-03-05 14:45:00,1,11145.0,11146.25
LH0,生猪,大商所,30m,2026-03-06 10:45:00,2026-03-06 10:00:00,1,11120.0,11141.75
LH0,生猪,大商所,30m,2026-03-12 11:15:00,2026-03-12 10:00:00,2,11165.0,11188.0
LH0,生猪,大商所,30m,2026-03-13 11:15:00,2026-03-13 10:00:00,2,11170.0,11170.25
LH0,生猪,大商所,30m,2026-04-08 14:45:00,2026-04-08 14:15:00,1,9290.0,9297.0
LH0,生猪,大商所,30m,2026-04-29 15:00:00,2026-04-29 14:15:00,2,11260.0,11276.25
LH0,生猪,大商所,30m,2026-05-15 10:00:00,2026-05-15 09:30:00,1,10790.0,10808.75
LH0,生猪,大商所,30m,2026-05-15 13:45:00,2026-05-15 11:15:00,1,10765.0,10801.75
LH0,生猪,大商所,30m,2026-05-19 10:00:00,2026-05-19 09:30:00,1,10760.0,10764.25
LH0,生猪,大商所,30m,2026-05-20 11:15:00,2026-05-20 10:45:00,1,10745.0,10759.5
LH0,生猪,大商所,30m,2026-05-28 15:00:00,2026-05-28 14:15:00,2,10730.0,10732.5
LH0,生猪,大商所,30m,2026-06-16 14:45:00,2026-06-16 14:15:00,1,12050.0,12075.75
LH0,生猪,大商所,30m,2026-06-22 14:15:00,2026-06-22 13:45:00,1,11725.0,11741.25
LH0,生猪,大商所,30m,2026-07-01 14:15:00,2026-07-01 10:45:00,3,12325.0,12338.5
LH0,生猪,大商所,60m,2026-02-06 14:15:00,2026-02-06 11:15:00,1,11665.0,11672.0
LH0,生猪,大商所,60m,2026-02-26 10:00:00,2026-02-25 11:15:00,3,11435.0,11457.5
LH0,生猪,大商所,60m,2026-03-12 11:15:00,2026-03-12 10:00:00,1,11165.0,11194.5
LH0,生猪,大商所,60m,2026-04-14 11:15:00,2026-04-14 10:00:00,1,9180.0,9184.0
LH0,生猪,大商所,60m,2026-04-29 10:00:00,2026-04-28 14:15:00,2,11305.0,11348.25
LH0,生猪,大商所,60m,2026-05-20 10:00:00,2026-05-19 14:15:00,2,10750.0,10784.5
LH0,生猪,大商所,90m,2026-03-02 10:45:00,2026-02-27 15:00:00,1,11200.0,11426.0
LH0,生猪,大商所,90m,2026-03-09 15:00:00,2026-03-09 10:45:00,2,11200.0,11202.75
LH0,生猪,大商所,90m,2026-03-12 14:15:00,2026-03-12 10:45:00,1,11150.0,11175.75
LH0,生猪,大商所,90m,2026-03-13 14:15:00,2026-03-13 10:45:00,1,11150.0,11178.0
LH0,生猪,大商所,90m,2026-03-30 15:00:00,2026-03-30 14:15:00,1,10005.0,10011.75
LH0,生猪,大商所,90m,2026-04-29 14:15:00,2026-04-28 14:15:00,3,11305.0,11328.25
LH0,生猪,大商所,90m,2026-04-30 15:00:00,2026-04-30 10:45:00,2,11350.0,11351.25
LH0,生猪,大商所,90m,2026-06-11 10:45:00,2026-06-10 10:45:00,3,11880.0,11923.5
LH0,生猪,大商所,90m,2026-06-25 10:45:00,2026-06-24 14:15:00,2,11730.0,11826.5
LH0,生猪,大商所,90m,2026-07-13 10:45:00,2026-07-10 10:45:00,3,12055.0,12308.0
LH0,生猪,大商所,daily,2026-02-02,2026-01-30,1,11635.0,11645.75
LH0,生猪,大商所,daily,2026-02-09,2026-02-04,3,11565.0,11615.25
LH0,生猪,大商所,daily,2026-05-25,2026-05-22,1,11000.0,11102.0
LH0,生猪,大商所,daily,2026-06-25,2026-06-22,3,11780.0,11852.25
LU0,低硫燃料油,能源中心,120m,2026-01-20 11:15:00,2026-01-19 23:00:00,1,3067.0,3069.95
LU0,低硫燃料油,能源中心,120m,2026-01-21 11:15:00,2026-01-20 15:00:00,2,3077.0,3078.35
LU0,低硫燃料油,能源中心,120m,2026-03-23 23:00:00,2026-03-20 23:00:00,3,5298.0,5724.4
LU0,低硫燃料油,能源中心,120m,2026-04-01 11:15:00,2026-03-31 23:00:00,1,5091.0,5180.75
LU0,低硫燃料油,能源中心,120m,2026-04-02 23:00:00,2026-04-02 15:00:00,1,5078.0,5106.85
LU0,低硫燃料油,能源中心,120m,2026-04-07 11:15:00,2026-04-03 11:15:00,2,5071.0,5123.4
LU0,低硫燃料油,能源中心,120m,2026-05-22 11:15:00,2026-05-21 23:00:00,1,4967.0,5086.7
LU0,低硫燃料油,能源中心,120m,2026-06-08 23:00:00,2026-06-08 11:15:00,2,4727.0,4765.5
LU0,低硫燃料油,能源中心,120m,2026-07-30 11:15:00,2026-07-29 23:00:00,1,4733.0,4791.8
LU0,低硫燃料油,能源中心,120m,2026-07-30 23:00:00,2026-07-30 15:00:00,1,4717.0,4785.65
LU0,低硫燃料油,能源中心,30m,2026-03-31 22:00:00,2026-03-31 21:30:00,1,5180.0,5202.3
LU0,低硫燃料油,能源中心,30m,2026-04-01 09:30:00,2026-03-31 23:00:00,1,5050.0,5177.4
LU0,低硫燃料油,能源中心,30m,2026-04-10 14:15:00,2026-04-10 13:45:00,1,4515.0,4529.8
LU0,低硫燃料油,能源中心,30m,2026-04-15 14:15:00,2026-04-15 13:45:00,1,4447.0,4472.9
LU0,低硫燃料油,能源中心,30m,2026-04-16 11:15:00,2026-04-16 10:45:00,1,4420.0,4427.05
LU0,低硫燃料油,能源中心,30m,2026-04-17 13:45:00,2026-04-17 11:15:00,1,4414.0,4437.6
LU0,低硫燃料油,能源中心,30m,2026-04-17 21:30:00,2026-04-17 14:45:00,2,4213.0,4433.05
LU0,低硫燃料油,能源中心,30m,2026-04-20 10:00:00,2026-04-20 09:30:00,1,4384.0,4395.45
LU0,低硫燃料油,能源中心,30m,2026-04-21 10:45:00,2026-04-21 10:00:00,1,4348.0,4350.55
LU0,低硫燃料油,能源中心,30m,2026-04-21 13:45:00,2026-04-21 11:15:00,1,4327.0,4350.5
LU0,低硫燃料油,能源中心,30m,2026-04-27 10:45:00,2026-04-27 09:30:00,2,4755.0,4769.45
LU0,低硫燃料油,能源中心,30m,2026-05-13 23:00:00,2026-05-13 21:30:00,3,4985.0,5000.5
LU0,低硫燃料油,能源中心,30m,2026-05-15 10:00:00,2026-05-15 09:30:00,1,4926.0,4933.9
LU0,低硫燃料油,能源中心,30m,2026-05-19 10:00:00,2026-05-19 09:30:00,1,5145.0,5175.45
LU0,低硫燃料油,能源中心,30m,2026-05-22 21:30:00,2026-05-22 15:00:00,1,4936.0,5023.85
LU0,低硫燃料油,能源中心,30m,2026-05-25 09:30:00,2026-05-22 23:00:00,1,4800.0,5018.35
LU0,低硫燃料油,能源中心,30m,2026-06-02 13:45:00,2026-06-02 11:15:00,1,4705.0,4730.7
LU0,低硫燃料油,能源中心,30m,2026-06-02 22:00:00,2026-06-02 21:30:00,1,4745.0,4751.9
LU0,低硫燃料油,能源中心,30m,2026-06-12 09:30:00,2026-06-11 23:00:00,1,4442.0,4581.8
LU0,低硫燃料油,能源中心,30m,2026-06-22 10:45:00,2026-06-22 09:30:00,2,3961.0,3980.05
LU0,低硫燃料油,能源中心,30m,2026-06-22 13:45:00,2026-06-22 11:15:00,1,3969.0,3987.3
LU0,低硫燃料油,能源中心,30m,2026-06-24 10:45:00,2026-06-23 23:00:00,3,3902.0,3902.7
LU0,低硫燃料油,能源中心,30m,2026-06-24 14:45:00,2026-06-24 11:15:00,3,3888.0,3899.85
LU0,低硫燃料油,能源中心,30m,2026-06-29 10:45:00,2026-06-29 09:30:00,2,3844.0,3850.25
LU0,低硫燃料油,能源中心,30m,2026-06-29 13:45:00,2026-06-29 11:15:00,1,3841.0,3855.6
LU0,低硫燃料油,能源中心,30m,2026-07-03 22:30:00,2026-07-03 22:00:00,1,3777.0,3783.55
LU0,低硫燃料油,能源中心,30m,2026-07-07 09:30:00,2026-07-06 22:30:00,2,3772.0,3776.45
LU0,低硫燃料油,能源中心,30m,2026-07-07 10:45:00,2026-07-07 10:00:00,1,3768.0,3771.55
LU0,低硫燃料油,能源中心,30m,2026-07-09 22:30:00,2026-07-09 21:30:00,2,4065.0,4072.25
LU0,低硫燃料油,能源中心,30m,2026-07-16 23:00:00,2026-07-16 22:00:00,2,4534.0,4552.3
LU0,低硫燃料油,能源中心,30m,2026-07-24 13:45:00,2026-07-24 10:45:00,2,4927.0,4938.85
LU0,低硫燃料油,能源中心,60m,2026-01-07 10:00:00,2026-01-06 22:00:00,2,2861.0,2932.4
LU0,低硫燃料油,能源中心,60m,2026-01-16 23:00:00,2026-01-16 22:00:00,1,3084.0,3092.1
LU0,低硫燃料油,能源中心,60m,2026-01-19 14:15:00,2026-01-19 11:15:00,1,3071.0,3088.9
LU0,低硫燃料油,能源中心,60m,2026-01-20 22:00:00,2026-01-20 14:15:00,2,3066.0,3070.95
LU0,低硫燃料油,能源中心,60m,2026-02-09 10:00:00,2026-02-06 23:00:00,1,3258.0,3274.55
LU0,低硫燃料油,能源中心,60m,2026-04-01 10:00:00,2026-03-31 23:00:00,1,5138.0,5209.0
LU0,低硫燃料油,能源中心,60m,2026-04-07 15:00:00,2026-04-07 14:15:00,1,5052.0,5061.95
LU0,低硫燃料油,能源中心,60m,2026-04-07 23:00:00,2026-04-07 22:00:00,1,5039.0,5056.8
LU0,低硫燃料油,能源中心,60m,2026-04-17 10:00:00,2026-04-16 22:00:00,2,4427.0,4457.45
LU0,低硫燃料油,能源中心,60m,2026-04-17 22:00:00,2026-04-17 15:00:00,1,4222.0,4431.5
LU0,低硫燃料油,能源中心,60m,2026-04-20 14:15:00,2026-04-20 11:15:00,1,4395.0,4412.1
LU0,低硫燃料油,能源中心,60m,2026-05-11 15:00:00,2026-05-11 14:15:00,1,4824.0,4834.9
LU0,低硫燃料油,能源中心,60m,2026-05-22 10:00:00,2026-05-21 23:00:00,1,4973.0,5128.3
LU0,低硫燃料油,能源中心,60m,2026-05-28 14:15:00,2026-05-28 11:15:00,1,4723.0,4729.5
LU0,低硫燃料油,能源中心,60m,2026-06-04 22:00:00,2026-06-04 15:00:00,1,4723.0,4789.25
LU0,低硫燃料油,能源中心,60m,2026-06-22 11:15:00,2026-06-22 10:00:00,1,3986.0,3996.9
LU0,低硫燃料油,能源中心,60m,2026-07-01 22:00:00,2026-07-01 15:00:00,1,3791.0,3883.35
LU0,低硫燃料油,能源中心,90m,2026-01-07 10:00:00,2026-01-06 22:30:00,1,2861.0,2946.5
LU0,低硫燃料油,能源中心,90m,2026-01-08 13:45:00,2026-01-08 10:00:00,1,2915.0,2924.8
LU0,低硫燃料油,能源中心,90m,2026-01-19 15:00:00,2026-01-16 22:30:00,3,3060.0,3077.5
LU0,低硫燃料油,能源中心,90m,2026-01-21 10:00:00,2026-01-20 22:30:00,1,3073.0,3082.95
LU0,低硫燃料油,能源中心,90m,2026-03-23 22:30:00,2026-03-23 10:00:00,3,5321.0,5770.75
LU0,低硫燃料油,能源中心,90m,2026-04-01 10:00:00,2026-03-31 15:00:00,2,5138.0,5158.1
LU0,低硫燃料油,能源中心,90m,2026-04-07 15:00:00,2026-04-07 13:45:00,1,5052.0,5099.95
LU0,低硫燃料油,能源中心,90m,2026-04-13 22:30:00,2026-04-13 15:00:00,1,4545.0,4632.85
LU0,低硫燃料油,能源中心,90m,2026-06-01 13:45:00,2026-06-01 10:00:00,1,4692.0,4703.0
LU0,低硫燃料油,能源中心,90m,2026-06-05 15:00:00,2026-06-05 10:00:00,2,4753.0,4765.9
LU0,低硫燃料油,能源中心,90m,2026-06-08 22:30:00,2026-06-08 10:00:00,3,4715.0,4790.05
LU0,低硫燃料油,能源中心,90m,2026-07-03 15:00:00,2026-07-03 13:45:00,1,3820.0,3844.65
LU0,低硫燃料油,能源中心,90m,2026-07-30 10:00:00,2026-07-29 22:30:00,1,4761.0,4761.85
LU0,低硫燃料油,能源中心,90m,2026-07-30 22:30:00,2026-07-30 13:45:00,2,4712.0,4735.4
LU0,低硫燃料油,能源中心,daily,2026-06-09,2026-06-08,1,4682.0,4882.6
M0,豆粕,大商所,120m,2026-02-09 15:00:00,2026-02-06 23:00:00,2,2729.0,2739.4
M0,豆粕,大商所,120m,2026-02-10 15:00:00,2026-02-10 11:15:00,1,2734.0,2734.95
M0,豆粕,大商所,120m,2026-03-17 23:00:00,2026-03-17 15:00:00,1,3054.0,3055.15
M0,豆粕,大商所,120m,2026-05-20 11:15:00,2026-05-19 11:15:00,3,3022.0,3024.45
M0,豆粕,大商所,120m,2026-05-20 23:00:00,2026-05-20 15:00:00,1,3010.0,3022.65
M0,豆粕,大商所,120m,2026-06-02 11:15:00,2026-06-01 11:15:00,3,2974.0,2981.65
M0,豆粕,大商所,120m,2026-06-03 15:00:00,2026-06-03 11:15:00,1,2976.0,2980.15
M0,豆粕,大商所,30m,2026-04-10 15:00:00,2026-04-10 14:45:00,1,2977.0,2977.65
M0,豆粕,大商所,30m,2026-04-10 22:00:00,2026-04-10 21:30:00,1,2976.0,2978.8
M0,豆粕,大商所,30m,2026-04-15 14:15:00,2026-04-15 13:45:00,1,2966.0,2972.8
M0,豆粕,大商所,30m,2026-04-15 22:00:00,2026-04-15 14:45:00,3,2971.0,2972.6
M0,豆粕,大商所,30m,2026-05-14 14:45:00,2026-05-14 14:15:00,1,3033.0,3056.1
M0,豆粕,大商所,30m,2026-05-20 14:15:00,2026-05-20 13:45:00,1,3027.0,3028.0
M0,豆粕,大商所,30m,2026-05-25 10:45:00,2026-05-25 10:00:00,1,2992.0,2993.2
M0,豆粕,大商所,30m,2026-05-27 09:30:00,2026-05-26 22:00:00,3,2974.0,2974.5
M0,豆粕,大商所,30m,2026-05-28 09:30:00,2026-05-27 23:00:00,1,2971.0,2973.6
M0,豆粕,大商所,30m,2026-06-01 22:00:00,2026-06-01 14:45:00,3,2987.0,2989.3
M0,豆粕,大商所,30m,2026-06-04 09:30:00,2026-06-03 22:30:00,2,2946.0,2970.3
M0,豆粕,大商所,30m,2026-06-09 10:00:00,2026-06-08 22:30:00,3,2908.0,2908.7
M0,豆粕,大商所,30m,2026-06-12 13:45:00,2026-06-12 11:15:00,1,2928.0,2932.4
M0,豆粕,大商所,30m,2026-06-12 21:30:00,2026-06-12 14:15:00,3,2932.0,2934.0
M0,豆粕,大商所,30m,2026-06-12 22:30:00,2026-06-12 22:00:00,1,2935.0,2935.1
M0,豆粕,大商所,30m,2026-06-16 10:00:00,2026-06-15 22:30:00,3,2937.0,2939.25
M0,豆粕,大商所,30m,2026-06-16 13:45:00,2026-06-16 10:45:00,2,2937.0,2939.75
M0,豆粕,大商所,30m,2026-06-25 09:30:00,2026-06-24 22:00:00,3,2934.0,2947.65
M0,豆粕,大商所,30m,2026-06-29 13:45:00,2026-06-29 11:15:00,1,2956.0,2971.6
M0,豆粕,大商所,30m,2026-07-09 21:30:00,2026-07-09 14:15:00,3,3051.0,3051.55
M0,豆粕,大商所,30m,2026-07-10 13:45:00,2026-07-10 10:45:00,2,3049.0,3050.65
M0,豆粕,大商所,30m,2026-07-10 15:00:00,2026-07-10 14:45:00,1,3049.0,3049.2
M0,豆粕,大商所,30m,2026-07-14 10:00:00,2026-07-13 22:30:00,3,3055.0,3058.0
M0,豆粕,大商所,30m,2026-07-16 23:00:00,2026-07-16 22:00:00,2,3071.0,3072.5
M0,豆粕,大商所,30m,2026-07-17 11:15:00,2026-07-17 10:00:00,2,3069.0,3073.95
M0,豆粕,大商所,30m,2026-07-24 10:00:00,2026-07-24 09:30:00,1,3172.0,3177.35
M0,豆粕,大商所,30m,2026-07-27 09:30:00,2026-07-24 22:30:00,2,3176.0,3185.0
M0,豆粕,大商所,30m,2026-07-29 14:15:00,2026-07-29 13:45:00,1,3111.0,3114.15
M0,豆粕,大商所,30m,2026-07-31 15:00:00,2026-07-31 14:45:00,1,3071.0,3072.85
M0,豆粕,大商所,30m,2026-07-31 22:00:00,2026-07-31 21:30:00,1,3071.0,3073.5
M0,豆粕,大商所,30m,2026-07-31 23:00:00,2026-07-31 22:30:00,1,3072.0,3073.25
M0,豆粕,大商所,60m,2026-01-05 23:00:00,2026-01-05 22:00:00,1,2763.0,2763.05
M0,豆粕,大商所,60m,2026-01-09 14:15:00,2026-01-09 10:00:00,2,2786.0,2790.8
M0,豆粕,大商所,60m,2026-01-12 15:00:00,2026-01-12 14:15:00,1,2790.0,2793.4
M0,豆粕,大商所,60m,2026-01-13 10:00:00,2026-01-12 22:00:00,2,2771.0,2790.9
M0,豆粕,大商所,60m,2026-01-19 11:15:00,2026-01-19 10:00:00,1,2733.0,2740.3
M0,豆粕,大商所,60m,2026-01-21 15:00:00,2026-01-21 14:15:00,1,2725.0,2728.35
M0,豆粕,大商所,60m,2026-02-10 15:00:00,2026-02-10 11:15:00,2,2734.0,2737.3
M0,豆粕,大商所,60m,2026-03-19 14:15:00,2026-03-18 23:00:00,3,3040.0,3050.85
M0,豆粕,大商所,60m,2026-03-20 15:00:00,2026-03-20 14:15:00,1,3029.0,3045.65
M0,豆粕,大商所,60m,2026-03-30 10:00:00,2026-03-27 22:00:00,2,2923.0,2939.9
M0,豆粕,大商所,60m,2026-04-14 10:00:00,2026-04-13 15:00:00,3,2971.0,2978.4
M0,豆粕,大商所,60m,2026-04-14 14:15:00,2026-04-14 11:15:00,1,2974.0,2978.9
M0,豆粕,大商所,60m,2026-04-15 22:00:00,2026-04-15 15:00:00,1,2971.0,2975.75
M0,豆粕,大商所,60m,2026-04-20 15:00:00,2026-04-20 14:15:00,1,2967.0,2971.0
M0,豆粕,大商所,60m,2026-04-21 11:15:00,2026-04-21 10:00:00,1,2967.0,2970.3
M0,豆粕,大商所,60m,2026-04-23 15:00:00,2026-04-23 14:15:00,1,2994.0,2994.1
M0,豆粕,大商所,60m,2026-04-24 10:00:00,2026-04-23 22:00:00,2,2975.0,2997.55
M0,豆粕,大商所,60m,2026-04-27 22:00:00,2026-04-27 15:00:00,1,2991.0,2991.15
M0,豆粕,大商所,60m,2026-05-21 11:15:00,2026-05-21 10:00:00,1,3007.0,3014.65
M0,豆粕,大商所,60m,2026-06-01 23:00:00,2026-06-01 14:15:00,3,2984.0,2986.3
M0,豆粕,大商所,60m,2026-06-03 14:15:00,2026-06-03 11:15:00,1,2979.0,2979.95
M0,豆粕,大商所,60m,2026-06-16 14:15:00,2026-06-16 11:15:00,1,2937.0,2938.4
M0,豆粕,大商所,60m,2026-07-14 11:15:00,2026-07-13 22:00:00,3,3047.0,3052.8
M0,豆粕,大商所,90m,2026-02-06 15:00:00,2026-02-06 10:00:00,2,2735.0,2736.9
M0,豆粕,大商所,90m,2026-02-09 15:00:00,2026-02-06 22:30:00,3,2729.0,2733.5
M0,豆粕,大商所,90m,2026-03-02 22:30:00,2026-03-02 15:00:00,1,2821.0,2821.2
M0,豆粕,大商所,90m,2026-04-14 22:30:00,2026-04-14 13:45:00,2,2968.0,2974.0
M0,豆粕,大商所,90m,2026-04-15 22:30:00,2026-04-15 15:00:00,1,2971.0,2976.6
M0,豆粕,大商所,90m,2026-04-16 22:30:00,2026-04-16 10:00:00,3,2977.0,2978.1
M0,豆粕,大商所,90m,2026-04-20 15:00:00,2026-04-20 13:45:00,1,2967.0,2972.5
M0,豆粕,大商所,90m,2026-04-21 13:45:00,2026-04-21 10:00:00,1,2971.0,2971.4
M0,豆粕,大商所,90m,2026-04-24 10:00:00,2026-04-23 13:45:00,3,2975.0,2985.05
M0,豆粕,大商所,90m,2026-05-06 22:30:00,2026-05-06 15:00:00,1,3003.0,3007.2
M0,豆粕,大商所,90m,2026-05-21 13:45:00,2026-05-21 10:00:00,1,2997.0,3008.25
M0,豆粕,大商所,90m,2026-06-02 10:00:00,2026-06-01 13:45:00,3,2967.0,2982.05
M0,豆粕,大商所,90m,2026-06-03 15:00:00,2026-06-03 13:45:00,1,2976.0,2980.95
M0,豆粕,大商所,daily,2026-01-23,2026-01-22,1,2751.0,2761.8
M0,豆粕,大商所,daily,2026-05-21,2026-05-19,2,2993.0,3009.4
M0,豆粕,大商所,daily,2026-06-18,2026-06-17,1,2942.0,2953.8
MA0,甲醇,郑商所,120m,2026-01-15 23:00:00,2026-01-15 15:00:00,1,2247.0,2264.95
MA0,甲醇,郑商所,120m,2026-02-02 11:15:00,2026-01-30 15:00:00,2,2259.0,2317.65
MA0,甲醇,郑商所,120m,2026-02-11 23:00:00,2026-02-11 11:15:00,2,2243.0,2244.25
MA0,甲醇,郑商所,120m,2026-02-13 11:15:00,2026-02-12 23:00:00,1,2213.0,2238.3
MA0,甲醇,郑商所,120m,2026-04-01 11:15:00,2026-03-31 15:00:00,2,3181.0,3219.25
MA0,甲醇,郑商所,120m,2026-04-02 23:00:00,2026-04-02 11:15:00,2,3211.0,3227.7
MA0,甲醇,郑商所,120m,2026-04-22 15:00:00,2026-04-22 11:15:00,1,2848.0,2859.05
MA0,甲醇,郑商所,120m,2026-05-25 11:15:00,2026-05-22 23:00:00,1,2844.0,2942.9
MA0,甲醇,郑商所,120m,2026-07-07 23:00:00,2026-07-07 15:00:00,1,2386.0,2387.7
MA0,甲醇,郑商所,30m,2026-04-01 09:30:00,2026-03-31 23:00:00,1,3147.0,3272.2
MA0,甲醇,郑商所,30m,2026-04-22 09:30:00,2026-04-21 22:30:00,2,2822.0,2829.6
MA0,甲醇,郑商所,30m,2026-04-30 14:15:00,2026-04-30 11:15:00,2,3006.0,3006.85
MA0,甲醇,郑商所,30m,2026-05-08 22:00:00,2026-05-08 21:30:00,1,2860.0,2865.0
MA0,甲醇,郑商所,30m,2026-05-13 11:15:00,2026-05-13 10:00:00,2,2889.0,2901.0
MA0,甲醇,郑商所,30m,2026-05-19 10:00:00,2026-05-18 22:30:00,3,2935.0,2944.15
MA0,甲醇,郑商所,30m,2026-05-20 22:00:00,2026-05-20 21:30:00,1,2969.0,2973.35
MA0,甲醇,郑商所,30m,2026-05-21 22:00:00,2026-05-21 21:30:00,1,2957.0,2965.65
MA0,甲醇,郑商所,30m,2026-05-25 09:30:00,2026-05-22 22:00:00,3,2933.0,2938.3
MA0,甲醇,郑商所,30m,2026-06-03 10:00:00,2026-06-03 09:30:00,1,2900.0,2901.5
MA0,甲醇,郑商所,30m,2026-06-05 10:00:00,2026-06-05 09:30:00,1,2895.0,2898.25
MA0,甲醇,郑商所,30m,2026-06-09 11:15:00,2026-06-09 10:45:00,1,2954.0,2961.65
MA0,甲醇,郑商所,30m,2026-06-15 09:30:00,2026-06-12 22:00:00,3,2788.0,3010.5
MA0,甲醇,郑商所,30m,2026-06-23 10:00:00,2026-06-23 09:30:00,1,2531.0,2532.25
MA0,甲醇,郑商所,30m,2026-06-23 11:15:00,2026-06-23 10:45:00,1,2513.0,2527.2
MA0,甲醇,郑商所,30m,2026-06-26 14:45:00,2026-06-26 14:15:00,1,2431.0,2439.95
MA0,甲醇,郑商所,30m,2026-07-06 14:15:00,2026-07-06 13:45:00,1,2380.0,2381.05
MA0,甲醇,郑商所,30m,2026-07-07 23:00:00,2026-07-07 22:30:00,1,2386.0,2389.6
MA0,甲醇,郑商所,30m,2026-07-10 11:15:00,2026-07-10 10:45:00,1,2483.0,2493.45
MA0,甲醇,郑商所,30m,2026-07-16 10:00:00,2026-07-16 09:30:00,1,2635.0,2639.0
MA0,甲醇,郑商所,30m,2026-07-21 09:30:00,2026-07-20 23:00:00,1,2723.0,2730.0
MA0,甲醇,郑商所,30m,2026-07-22 10:00:00,2026-07-22 09:30:00,1,2710.0,2723.25
MA0,甲醇,郑商所,30m,2026-07-27 09:30:00,2026-07-24 23:00:00,1,2629.0,2744.6
MA0,甲醇,郑商所,30m,2026-07-31 22:30:00,2026-07-31 21:30:00,2,2629.0,2630.2
MA0,甲醇,郑商所,60m,2026-01-09 22:00:00,2026-01-09 14:15:00,2,2255.0,2256.75
MA0,甲醇,郑商所,60m,2026-01-21 11:15:00,2026-01-20 23:00:00,2,2207.0,2222.25
MA0,甲醇,郑商所,60m,2026-02-02 10:00:00,2026-01-30 23:00:00,1,2276.0,2330.85
MA0,甲醇,郑商所,60m,2026-02-04 22:00:00,2026-02-04 14:15:00,2,2263.0,2269.8
MA0,甲醇,郑商所,60m,2026-02-10 10:00:00,2026-02-09 23:00:00,1,2236.0,2236.65
MA0,甲醇,郑商所,60m,2026-02-10 22:00:00,2026-02-10 11:15:00,3,2234.0,2235.2
MA0,甲醇,郑商所,60m,2026-02-13 10:00:00,2026-02-12 22:00:00,2,2214.0,2238.95
MA0,甲醇,郑商所,60m,2026-03-17 11:15:00,2026-03-16 23:00:00,2,2817.0,2817.25
MA0,甲醇,郑商所,60m,2026-03-24 14:15:00,2026-03-24 10:00:00,2,3152.0,3182.85
MA0,甲醇,郑商所,60m,2026-04-01 10:00:00,2026-03-31 23:00:00,1,3187.0,3294.15
MA0,甲醇,郑商所,60m,2026-04-13 22:00:00,2026-04-13 11:15:00,3,2824.0,3133.45
MA0,甲醇,郑商所,60m,2026-04-20 11:15:00,2026-04-20 10:00:00,1,2870.0,2877.8
MA0,甲醇,郑商所,60m,2026-04-22 14:15:00,2026-04-22 11:15:00,1,2852.0,2853.75
MA0,甲醇,郑商所,60m,2026-05-11 15:00:00,2026-05-11 11:15:00,2,2882.0,2901.75
MA0,甲醇,郑商所,60m,2026-05-13 23:00:00,2026-05-13 15:00:00,2,2895.0,2898.85
MA0,甲醇,郑商所,60m,2026-05-21 14:15:00,2026-05-21 11:15:00,1,2958.0,2964.3
MA0,甲醇,郑商所,60m,2026-05-25 10:00:00,2026-05-22 22:00:00,2,2918.0,2953.1
MA0,甲醇,郑商所,60m,2026-05-28 15:00:00,2026-05-28 11:15:00,2,2825.0,2832.2
MA0,甲醇,郑商所,60m,2026-06-29 10:00:00,2026-06-26 22:00:00,2,2430.0,2447.45
MA0,甲醇,郑商所,60m,2026-07-03 11:15:00,2026-07-02 23:00:00,2,2376.0,2378.05
MA0,甲醇,郑商所,60m,2026-07-22 11:15:00,2026-07-22 10:00:00,1,2703.0,2710.65
MA0,甲醇,郑商所,60m,2026-07-29 14:15:00,2026-07-29 11:15:00,1,2652.0,2655.45
MA0,甲醇,郑商所,60m,2026-07-30 11:15:00,2026-07-29 22:00:00,3,2627.0,2629.7
MA0,甲醇,郑商所,90m,2026-01-15 22:30:00,2026-01-15 15:00:00,1,2247.0,2268.7
MA0,甲醇,郑商所,90m,2026-01-30 15:00:00,2026-01-30 13:45:00,1,2320.0,2327.0
MA0,甲醇,郑商所,90m,2026-02-02 10:00:00,2026-01-30 22:30:00,1,2276.0,2324.75
MA0,甲醇,郑商所,90m,2026-02-13 10:00:00,2026-02-12 22:30:00,1,2214.0,2237.85
MA0,甲醇,郑商所,90m,2026-04-02 15:00:00,2026-04-02 13:45:00,1,3246.0,3247.8
MA0,甲醇,郑商所,90m,2026-05-14 10:00:00,2026-05-13 15:00:00,2,2868.0,2888.25
MA0,甲醇,郑商所,90m,2026-07-06 13:45:00,2026-07-06 10:00:00,1,2383.0,2388.4
MA0,甲醇,郑商所,daily,2026-02-05,2026-02-04,1,2225.0,2272.45
MA0,甲醇,郑商所,daily,2026-02-25,2026-02-24,1,2249.0,2267.45
MA0,甲醇,郑商所,daily,2026-04-14,2026-04-13,1,2828.0,3165.95
MA0,甲醇,郑商所,daily,2026-05-07,2026-05-06,1,2870.0,2992.85
MA0,甲醇,郑商所,daily,2026-06-04,2026-06-03,1,2877.0,2889.25
NI0,沪镍,上期所,120m,2026-01-10 11:15:00,2026-01-09 23:00:00,2,140280.0,140367.0
NI0,沪镍,上期所,120m,2026-01-12 23:00:00,2026-01-12 01:00:00,3,139530.0,141525.0
NI0,沪镍,上期所,120m,2026-01-13 15:00:00,2026-01-13 11:15:00,1,138450.0,141049.0
NI0,沪镍,上期所,120m,2026-01-20 11:15:00,2026-01-19 23:00:00,2,140970.0,143410.5
NI0,沪镍,上期所,120m,2026-01-22 11:15:00,2026-01-21 15:00:00,3,142030.0,142074.0
NI0,沪镍,上期所,120m,2026-01-30 01:00:00,2026-01-29 11:15:00,3,143770.0,146445.0
NI0,沪镍,上期所,120m,2026-02-09 23:00:00,2026-02-09 11:15:00,2,134800.0,135018.0
NI0,沪镍,上期所,120m,2026-02-10 11:15:00,2026-02-10 01:00:00,1,134050.0,135023.0
NI0,沪镍,上期所,120m,2026-02-28 01:00:00,2026-02-27 15:00:00,2,138660.0,139564.5
NI0,沪镍,上期所,120m,2026-03-02 11:15:00,2026-03-02 01:00:00,1,138870.0,139887.0
NI0,沪镍,上期所,120m,2026-03-02 23:00:00,2026-03-02 15:00:00,1,136980.0,140197.5
NI0,沪镍,上期所,120m,2026-03-05 11:15:00,2026-03-05 01:00:00,1,137800.0,138273.0
NI0,沪镍,上期所,120m,2026-03-06 15:00:00,2026-03-06 11:15:00,1,137140.0,137492.5
NI0,沪镍,上期所,120m,2026-03-09 11:15:00,2026-03-07 01:00:00,2,136610.0,136975.0
NI0,沪镍,上期所,120m,2026-03-10 15:00:00,2026-03-09 23:00:00,3,137050.0,137202.5
NI0,沪镍,上期所,120m,2026-03-11 11:15:00,2026-03-11 01:00:00,1,136930.0,137223.5
NI0,沪镍,上期所,120m,2026-03-12 11:15:00,2026-03-11 23:00:00,2,137250.0,137343.0
NI0,沪镍,上期所,120m,2026-03-17 01:00:00,2026-03-16 23:00:00,1,136900.0,137379.0
NI0,沪镍,上期所,120m,2026-03-23 15:00:00,2026-03-23 11:15:00,1,132980.0,134387.0
NI0,沪镍,上期所,120m,2026-03-24 11:15:00,2026-03-23 23:00:00,2,133230.0,134178.5
NI0,沪镍,上期所,120m,2026-03-25 01:00:00,2026-03-24 23:00:00,1,133880.0,133941.0
NI0,沪镍,上期所,120m,2026-04-08 23:00:00,2026-04-08 15:00:00,1,134090.0,134112.5
NI0,沪镍,上期所,120m,2026-04-09 11:15:00,2026-04-09 01:00:00,1,133890.0,134036.5
NI0,沪镍,上期所,120m,2026-04-21 01:00:00,2026-04-20 11:15:00,3,141330.0,141633.5
NI0,沪镍,上期所,120m,2026-05-13 23:00:00,2026-05-13 15:00:00,1,146920.0,146953.0
NI0,沪镍,上期所,120m,2026-05-14 11:15:00,2026-05-14 01:00:00,1,144210.0,146647.0
NI0,沪镍,上期所,120m,2026-05-19 23:00:00,2026-05-19 15:00:00,1,143890.0,144024.0
NI0,沪镍,上期所,120m,2026-05-22 01:00:00,2026-05-21 23:00:00,1,143220.0,143320.5
NI0,沪镍,上期所,120m,2026-05-22 15:00:00,2026-05-22 11:15:00,1,143330.0,143384.0
NI0,沪镍,上期所,120m,2026-05-26 11:15:00,2026-05-26 01:00:00,1,142570.0,143885.5
NI0,沪镍,上期所,120m,2026-05-27 15:00:00,2026-05-26 23:00:00,3,143680.0,143865.0
NI0,沪镍,上期所,120m,2026-05-28 11:15:00,2026-05-27 23:00:00,2,143190.0,143836.5
NI0,沪镍,上期所,120m,2026-05-29 11:15:00,2026-05-28 23:00:00,2,143620.0,143973.5
NI0,沪镍,上期所,120m,2026-06-23 01:00:00,2026-06-22 15:00:00,2,135900.0,136061.5
NI0,沪镍,上期所,120m,2026-07-03 23:00:00,2026-07-03 11:15:00,2,126720.0,126804.5
NI0,沪镍,上期所,120m,2026-07-06 01:00:00,2026-07-04 01:00:00,1,126430.0,126542.0
NI0,沪镍,上期所,120m,2026-07-09 11:15:00,2026-07-08 23:00:00,2,125520.0,126636.5
NI0,沪镍,上期所,120m,2026-07-31 11:15:00,2026-07-30 23:00:00,2,131660.0,131746.5
NI0,沪镍,上期所,120m,2026-07-31 23:00:00,2026-07-31 15:00:00,1,131390.0,131591.0
NI0,沪镍,上期所,30m,2026-04-30 13:45:00,2026-04-30 11:15:00,1,149080.0,149861.0
NI0,沪镍,上期所,30m,2026-05-22 11:15:00,2026-05-22 10:45:00,1,143390.0,143470.0
NI0,沪镍,上期所,30m,2026-05-22 14:15:00,2026-05-22 13:45:00,1,143390.0,143402.0
NI0,沪镍,上期所,30m,2026-05-22 15:00:00,2026-05-22 14:45:00,1,143330.0,143360.0
NI0,沪镍,上期所,30m,2026-05-22 22:30:00,2026-05-22 21:30:00,2,143340.0,143426.0
NI0,沪镍,上期所,30m,2026-05-26 09:30:00,2026-05-26 01:00:00,1,143090.0,143491.0
NI0,沪镍,上期所,30m,2026-06-01 10:45:00,2026-06-01 10:00:00,1,143110.0,143463.5
NI0,沪镍,上期所,30m,2026-06-08 21:30:00,2026-06-08 14:15:00,3,137870.0,138992.0
NI0,沪镍,上期所,30m,2026-06-11 10:00:00,2026-06-11 09:30:00,1,134420.0,134676.5
NI0,沪镍,上期所,30m,2026-06-12 22:00:00,2026-06-12 15:00:00,2,134380.0,134399.0
NI0,沪镍,上期所,30m,2026-06-16 21:30:00,2026-06-16 15:00:00,1,135530.0,135784.0
NI0,沪镍,上期所,30m,2026-06-17 10:45:00,2026-06-17 10:00:00,1,135690.0,135736.5
NI0,沪镍,上期所,30m,2026-06-17 14:15:00,2026-06-17 13:45:00,1,135740.0,135786.5
NI0,沪镍,上期所,30m,2026-06-18 14:15:00,2026-06-18 13:45:00,1,136700.0,136767.0
NI0,沪镍,上期所,30m,2026-06-22 22:30:00,2026-06-22 22:00:00,1,136260.0,136394.5
NI0,沪镍,上期所,30m,2026-06-24 14:45:00,2026-06-24 14:15:00,1,131550.0,132564.5
NI0,沪镍,上期所,30m,2026-06-25 23:30:00,2026-06-25 22:30:00,2,130070.0,130176.0
NI0,沪镍,上期所,30m,2026-06-26 23:30:00,2026-06-26 22:00:00,3,128900.0,129153.0
NI0,沪镍,上期所,30m,2026-06-29 21:30:00,2026-06-29 14:15:00,3,127480.0,129154.0
NI0,沪镍,上期所,30m,2026-07-01 09:30:00,2026-07-01 00:00:00,3,125590.0,126500.5
NI0,沪镍,上期所,30m,2026-07-02 10:45:00,2026-07-02 10:00:00,1,125880.0,126076.5
NI0,沪镍,上期所,30m,2026-07-02 22:30:00,2026-07-02 22:00:00,1,125700.0,126085.5
NI0,沪镍,上期所,30m,2026-07-03 23:30:00,2026-07-03 23:00:00,1,126410.0,126619.0
NI0,沪镍,上期所,30m,2026-07-06 00:00:00,2026-07-04 01:00:00,1,126430.0,126723.5
NI0,沪镍,上期所,30m,2026-07-06 10:00:00,2026-07-06 09:30:00,1,126840.0,126859.0
NI0,沪镍,上期所,30m,2026-07-06 14:45:00,2026-07-06 14:15:00,1,126840.0,126861.0
NI0,沪镍,上期所,30m,2026-07-06 21:30:00,2026-07-06 15:00:00,1,126560.0,126791.0
NI0,沪镍,上期所,30m,2026-07-07 10:45:00,2026-07-07 10:00:00,1,126850.0,126926.5
NI0,沪镍,上期所,30m,2026-07-07 15:00:00,2026-07-07 14:45:00,1,126700.0,126936.0
NI0,沪镍,上期所,30m,2026-07-07 23:00:00,2026-07-07 22:00:00,2,126920.0,126947.5
NI0,沪镍,上期所,30m,2026-07-16 01:00:00,2026-07-16 00:00:00,2,129010.0,129040.5
NI0,沪镍,上期所,30m,2026-07-20 15:00:00,2026-07-20 14:15:00,2,129920.0,130016.0
NI0,沪镍,上期所,30m,2026-07-24 09:30:00,2026-07-24 01:00:00,1,132090.0,132374.0
NI0,沪镍,上期所,30m,2026-07-31 14:45:00,2026-07-31 13:45:00,2,131670.0,131759.5
NI0,沪镍,上期所,30m,2026-07-31 22:00:00,2026-07-31 21:30:00,1,131500.0,131923.0
NI0,沪镍,上期所,60m,2026-01-28 23:00:00,2026-01-28 22:00:00,1,145380.0,145532.5
NI0,沪镍,上期所,60m,2026-02-26 22:00:00,2026-02-26 14:15:00,2,138940.0,140878.0
NI0,沪镍,上期所,60m,2026-02-27 22:00:00,2026-02-27 14:15:00,2,140340.0,140635.5
NI0,沪镍,上期所,60m,2026-03-02 10:00:00,2026-03-02 00:00:00,1,138520.0,140107.5
NI0,沪镍,上期所,60m,2026-03-02 22:00:00,2026-03-02 14:15:00,2,138120.0,139775.5
NI0,沪镍,上期所,60m,2026-03-06 14:15:00,2026-03-06 10:00:00,2,137220.0,137256.0
NI0,沪镍,上期所,60m,2026-03-09 10:00:00,2026-03-07 01:00:00,2,134480.0,136998.0
NI0,沪镍,上期所,60m,2026-03-10 23:00:00,2026-03-10 22:00:00,1,137200.0,137235.0
NI0,沪镍,上期所,60m,2026-03-11 10:00:00,2026-03-11 01:00:00,1,136900.0,137279.5
NI0,沪镍,上期所,60m,2026-03-11 15:00:00,2026-03-11 14:15:00,1,137160.0,137270.5
NI0,沪镍,上期所,60m,2026-03-17 00:00:00,2026-03-16 22:00:00,2,137150.0,137357.5
NI0,沪镍,上期所,60m,2026-03-17 11:15:00,2026-03-17 10:00:00,1,137030.0,137170.5
NI0,沪镍,上期所,60m,2026-03-20 14:15:00,2026-03-20 10:00:00,2,133700.0,133893.5
NI0,沪镍,上期所,60m,2026-03-30 22:00:00,2026-03-30 14:15:00,2,136100.0,136269.0
NI0,沪镍,上期所,60m,2026-03-31 00:00:00,2026-03-30 23:00:00,1,136290.0,136309.0
NI0,沪镍,上期所,60m,2026-04-01 10:00:00,2026-04-01 01:00:00,1,135590.0,135661.5
NI0,沪镍,上期所,60m,2026-04-01 14:15:00,2026-04-01 11:15:00,1,134860.0,135606.0
NI0,沪镍,上期所,60m,2026-04-02 23:00:00,2026-04-02 22:00:00,1,134400.0,134600.5
NI0,沪镍,上期所,60m,2026-04-07 11:15:00,2026-04-07 10:00:00,1,133540.0,134214.5
NI0,沪镍,上期所,60m,2026-04-09 15:00:00,2026-04-09 11:15:00,2,133300.0,133541.5
NI0,沪镍,上期所,60m,2026-04-10 11:15:00,2026-04-10 10:00:00,1,133010.0,133625.5
NI0,沪镍,上期所,60m,2026-04-13 11:15:00,2026-04-13 10:00:00,1,133460.0,133513.5
NI0,沪镍,上期所,60m,2026-04-20 11:15:00,2026-04-20 10:00:00,1,141910.0,142001.0
NI0,沪镍,上期所,60m,2026-04-30 14:15:00,2026-04-30 10:00:00,2,149070.0,149770.0
NI0,沪镍,上期所,60m,2026-05-26 10:00:00,2026-05-26 01:00:00,1,142100.0,143555.0
NI0,沪镍,上期所,60m,2026-06-01 11:15:00,2026-06-01 10:00:00,1,142990.0,143594.0
NI0,沪镍,上期所,60m,2026-06-08 14:15:00,2026-06-08 10:00:00,2,139210.0,139266.0
NI0,沪镍,上期所,60m,2026-06-12 14:15:00,2026-06-12 10:00:00,2,134360.0,134511.0
NI0,沪镍,上期所,60m,2026-06-12 22:00:00,2026-06-12 15:00:00,1,134380.0,134416.0
NI0,沪镍,上期所,60m,2026-06-22 23:00:00,2026-06-22 14:15:00,3,136120.0,136421.0
NI0,沪镍,上期所,60m,2026-06-29 22:00:00,2026-06-29 15:00:00,1,127020.0,129275.0
NI0,沪镍,上期所,60m,2026-07-01 23:00:00,2026-07-01 22:00:00,1,126470.0,126664.5
NI0,沪镍,上期所,60m,2026-07-08 00:00:00,2026-07-07 22:00:00,2,126740.0,126853.5
NI0,沪镍,上期所,60m,2026-07-15 11:15:00,2026-07-15 01:00:00,2,128880.0,129027.0
NI0,沪镍,上期所,60m,2026-07-16 01:00:00,2026-07-15 22:00:00,3,129010.0,129223.5
NI0,沪镍,上期所,60m,2026-07-20 00:00:00,2026-07-18 01:00:00,1,130550.0,130605.5
NI0,沪镍,上期所,60m,2026-07-20 14:15:00,2026-07-20 11:15:00,1,130710.0,130790.5
NI0,沪镍,上期所,60m,2026-07-27 22:00:00,2026-07-27 14:15:00,2,131520.0,132668.5
NI0,沪镍,上期所,60m,2026-07-29 22:00:00,2026-07-29 14:15:00,2,131240.0,131342.0
NI0,沪镍,上期所,60m,2026-07-30 11:15:00,2026-07-30 00:00:00,3,130430.0,131074.0
NI0,沪镍,上期所,90m,2026-01-13 14:45:00,2026-01-13 00:00:00,3,139100.0,139510.5
NI0,沪镍,上期所,90m,2026-01-20 11:15:00,2026-01-20 09:30:00,1,140970.0,143441.5
NI0,沪镍,上期所,90m,2026-02-05 22:30:00,2026-02-05 14:45:00,2,134890.0,135233.5
NI0,沪镍,上期所,90m,2026-02-27 22:30:00,2026-02-27 14:45:00,2,140400.0,140732.5
NI0,沪镍,上期所,90m,2026-03-02 22:30:00,2026-03-02 14:45:00,2,136780.0,139981.0
NI0,沪镍,上期所,90m,2026-03-11 09:30:00,2026-03-10 22:30:00,2,137130.0,137158.5
NI0,沪镍,上期所,90m,2026-03-17 00:00:00,2026-03-16 22:30:00,1,137150.0,137328.5
NI0,沪镍,上期所,90m,2026-03-20 14:45:00,2026-03-20 09:30:00,2,133410.0,134357.0
NI0,沪镍,上期所,90m,2026-03-24 11:15:00,2026-03-23 22:30:00,3,133230.0,133630.5
NI0,沪镍,上期所,90m,2026-03-30 22:30:00,2026-03-30 14:45:00,2,136240.0,136424.0
NI0,沪镍,上期所,90m,2026-04-09 14:45:00,2026-04-09 11:15:00,1,133340.0,133793.5
NI0,沪镍,上期所,90m,2026-04-10 11:15:00,2026-04-10 09:30:00,1,133010.0,133566.0
NI0,沪镍,上期所,90m,2026-04-20 15:00:00,2026-04-20 09:30:00,3,141930.0,141954.5
NI0,沪镍,上期所,90m,2026-04-22 00:00:00,2026-04-21 22:30:00,1,141530.0,141814.0
NI0,沪镍,上期所,90m,2026-04-30 14:45:00,2026-04-30 09:30:00,2,149290.0,149550.5
NI0,沪镍,上期所,90m,2026-05-12 11:15:00,2026-05-12 00:00:00,2,146110.0,147397.0
NI0,沪镍,上期所,90m,2026-05-13 11:15:00,2026-05-13 09:30:00,1,146470.0,146636.0
NI0,沪镍,上期所,90m,2026-05-28 00:00:00,2026-05-27 22:30:00,1,143760.0,143795.0
NI0,沪镍,上期所,90m,2026-05-29 11:15:00,2026-05-28 22:30:00,3,143620.0,143811.5
NI0,沪镍,上期所,90m,2026-06-12 14:45:00,2026-06-12 11:15:00,1,134120.0,135035.5
NI0,沪镍,上期所,90m,2026-06-23 00:00:00,2026-06-22 14:45:00,3,135880.0,136252.0
NI0,沪镍,上期所,90m,2026-07-08 00:00:00,2026-07-07 22:30:00,1,126740.0,126856.0
NI0,沪镍,上期所,90m,2026-07-09 09:30:00,2026-07-08 22:30:00,2,126700.0,126726.0
NI0,沪镍,上期所,90m,2026-07-16 09:30:00,2026-07-15 22:30:00,2,128870.0,128922.5
NI0,沪镍,上期所,90m,2026-07-27 22:30:00,2026-07-27 14:45:00,2,131480.0,132656.0
NI0,沪镍,上期所,90m,2026-07-30 11:15:00,2026-07-30 09:30:00,1,130430.0,131458.5
NI0,沪镍,上期所,daily,2026-03-13,2026-03-12,1,136930.0,137701.5
NI0,沪镍,上期所,daily,2026-03-31,2026-03-27,2,134780.0,135814.0
NI0,沪镍,上期所,daily,2026-07-17,2026-07-16,1,128890.0,128911.5
NR0,20号胶,能源中心,120m,2026-01-12 23:00:00,2026-01-12 11:15:00,2,12915.0,12944.0
NR0,20号胶,能源中心,120m,2026-01-13 15:00:00,2026-01-13 11:15:00,1,12840.0,12967.75
NR0,20号胶,能源中心,120m,2026-01-14 23:00:00,2026-01-13 23:00:00,3,12935.0,13001.75
NR0,20号胶,能源中心,120m,2026-03-09 15:00:00,2026-03-09 11:15:00,1,13610.0,13638.25
NR0,20号胶,能源中心,120m,2026-03-10 23:00:00,2026-03-10 15:00:00,1,13570.0,13595.0
NR0,20号胶,能源中心,120m,2026-05-27 15:00:00,2026-05-27 11:15:00,1,14695.0,14750.5
NR0,20号胶,能源中心,120m,2026-07-13 11:15:00,2026-07-10 11:15:00,3,14645.0,14688.5
NR0,20号胶,能源中心,120m,2026-07-24 11:15:00,2026-07-23 11:15:00,3,14530.0,14645.75
NR0,20号胶,能源中心,30m,2026-04-08 10:00:00,2026-04-07 23:00:00,2,14150.0,14170.0
NR0,20号胶,能源中心,30m,2026-04-08 15:00:00,2026-04-08 13:45:00,3,14200.0,14201.5
NR0,20号胶,能源中心,30m,2026-04-16 13:45:00,2026-04-16 10:00:00,3,13865.0,13874.25
NR0,20号胶,能源中心,30m,2026-04-29 10:45:00,2026-04-29 10:00:00,1,14445.0,14445.5
NR0,20号胶,能源中心,30m,2026-05-12 11:15:00,2026-05-12 09:30:00,3,14995.0,15040.5
NR0,20号胶,能源中心,30m,2026-05-22 21:30:00,2026-05-22 15:00:00,1,14660.0,14674.25
NR0,20号胶,能源中心,30m,2026-05-26 10:00:00,2026-05-25 23:00:00,2,14640.0,14692.75
NR0,20号胶,能源中心,30m,2026-05-26 21:30:00,2026-05-26 15:00:00,1,14655.0,14667.75
NR0,20号胶,能源中心,30m,2026-05-27 22:30:00,2026-05-27 22:00:00,1,14705.0,14724.25
NR0,20号胶,能源中心,30m,2026-06-09 15:00:00,2026-06-09 14:45:00,1,15255.0,15260.25
NR0,20号胶,能源中心,30m,2026-06-24 14:45:00,2026-06-24 14:15:00,1,15620.0,15648.25
NR0,20号胶,能源中心,30m,2026-07-01 22:30:00,2026-07-01 22:00:00,1,14390.0,14414.0
NR0,20号胶,能源中心,30m,2026-07-02 22:30:00,2026-07-02 22:00:00,1,14350.0,14362.75
NR0,20号胶,能源中心,30m,2026-07-08 10:45:00,2026-07-08 10:00:00,1,14780.0,14782.75
NR0,20号胶,能源中心,30m,2026-07-08 14:15:00,2026-07-08 11:15:00,2,14755.0,14800.75
NR0,20号胶,能源中心,30m,2026-07-08 22:00:00,2026-07-08 15:00:00,2,14700.0,14811.25
NR0,20号胶,能源中心,30m,2026-07-09 21:30:00,2026-07-09 14:45:00,2,14630.0,14751.5
NR0,20号胶,能源中心,30m,2026-07-13 14:15:00,2026-07-13 13:45:00,1,14675.0,14707.0
NR0,20号胶,能源中心,30m,2026-07-23 10:45:00,2026-07-23 09:30:00,2,14630.0,14633.75
NR0,20号胶,能源中心,30m,2026-07-24 09:30:00,2026-07-23 22:30:00,2,14590.0,14663.0
NR0,20号胶,能源中心,30m,2026-07-27 14:15:00,2026-07-27 13:45:00,1,14485.0,14509.75
NR0,20号胶,能源中心,30m,2026-07-27 22:30:00,2026-07-27 21:30:00,2,14470.0,14486.0
NR0,20号胶,能源中心,30m,2026-07-28 10:45:00,2026-07-28 10:00:00,1,14455.0,14477.0
NR0,20号胶,能源中心,30m,2026-07-28 14:15:00,2026-07-28 11:15:00,2,14450.0,14478.5
NR0,20号胶,能源中心,30m,2026-07-30 10:00:00,2026-07-30 09:30:00,1,14105.0,14137.0
NR0,20号胶,能源中心,60m,2026-01-12 23:00:00,2026-01-12 14:15:00,3,12915.0,12979.5
NR0,20号胶,能源中心,60m,2026-01-13 14:15:00,2026-01-13 11:15:00,1,12860.0,12944.75
NR0,20号胶,能源中心,60m,2026-01-30 22:00:00,2026-01-30 14:15:00,2,13215.0,13279.0
NR0,20号胶,能源中心,60m,2026-02-06 10:00:00,2026-02-05 23:00:00,1,13040.0,13156.75
NR0,20号胶,能源中心,60m,2026-03-02 23:00:00,2026-03-02 14:15:00,3,13865.0,13880.25
NR0,20号胶,能源中心,60m,2026-03-06 14:15:00,2026-03-06 11:15:00,1,13480.0,13491.5
NR0,20号胶,能源中心,60m,2026-03-11 14:15:00,2026-03-11 10:00:00,2,13585.0,13618.75
NR0,20号胶,能源中心,60m,2026-03-12 22:00:00,2026-03-12 15:00:00,1,13630.0,13636.5
NR0,20号胶,能源中心,60m,2026-03-13 10:00:00,2026-03-12 23:00:00,1,13635.0,13642.25
NR0,20号胶,能源中心,60m,2026-03-20 23:00:00,2026-03-20 22:00:00,1,13015.0,13016.0
NR0,20号胶,能源中心,60m,2026-04-08 22:00:00,2026-04-08 14:15:00,2,13975.0,14106.0
NR0,20号胶,能源中心,60m,2026-04-24 10:00:00,2026-04-23 22:00:00,2,14160.0,14216.25
NR0,20号胶,能源中心,60m,2026-05-21 11:15:00,2026-05-20 22:00:00,3,14820.0,14897.0
NR0,20号胶,能源中心,60m,2026-05-25 22:00:00,2026-05-25 11:15:00,3,14620.0,14722.5
NR0,20号胶,能源中心,60m,2026-06-23 22:00:00,2026-06-23 15:00:00,1,15510.0,15550.5
NR0,20号胶,能源中心,60m,2026-07-09 10:00:00,2026-07-08 23:00:00,1,14700.0,14762.5
NR0,20号胶,能源中心,60m,2026-07-09 22:00:00,2026-07-09 15:00:00,1,14615.0,14759.75
NR0,20号胶,能源中心,60m,2026-07-10 11:15:00,2026-07-10 10:00:00,1,14755.0,14759.75
NR0,20号胶,能源中心,60m,2026-07-13 10:00:00,2026-07-10 23:00:00,1,14665.0,14731.25
NR0,20号胶,能源中心,60m,2026-07-20 11:15:00,2026-07-20 10:00:00,1,14670.0,14720.25
NR0,20号胶,能源中心,60m,2026-07-20 22:00:00,2026-07-20 15:00:00,1,14560.0,14690.75
NR0,20号胶,能源中心,60m,2026-07-31 15:00:00,2026-07-31 10:00:00,3,14160.0,14169.25
NR0,20号胶,能源中心,90m,2026-01-09 15:00:00,2026-01-09 10:00:00,2,12950.0,12960.5
NR0,20号胶,能源中心,90m,2026-01-12 22:30:00,2026-01-12 13:45:00,2,12885.0,12993.75
NR0,20号胶,能源中心,90m,2026-02-05 10:00:00,2026-02-04 13:45:00,3,13130.0,13226.25
NR0,20号胶,能源中心,90m,2026-02-06 15:00:00,2026-02-06 13:45:00,1,13050.0,13129.5
NR0,20号胶,能源中心,90m,2026-03-02 22:30:00,2026-03-02 13:45:00,2,13870.0,13874.5
NR0,20号胶,能源中心,90m,2026-03-10 22:30:00,2026-03-10 13:45:00,2,13530.0,13548.0
NR0,20号胶,能源中心,90m,2026-03-11 13:45:00,2026-03-11 10:00:00,1,13540.0,13561.5
NR0,20号胶,能源中心,90m,2026-04-16 13:45:00,2026-04-16 10:00:00,1,13865.0,13895.25
NR0,20号胶,能源中心,90m,2026-05-12 13:45:00,2026-05-12 10:00:00,1,14970.0,15024.75
NR0,20号胶,能源中心,90m,2026-05-21 13:45:00,2026-05-21 10:00:00,1,14750.0,14870.25
NR0,20号胶,能源中心,90m,2026-05-27 15:00:00,2026-05-27 10:00:00,2,14695.0,14717.0
NR0,20号胶,能源中心,90m,2026-06-04 15:00:00,2026-06-04 13:45:00,1,15575.0,15602.75
NR0,20号胶,能源中心,90m,2026-06-05 10:00:00,2026-06-04 22:30:00,1,15555.0,15635.25
NR0,20号胶,能源中心,90m,2026-07-02 13:45:00,2026-07-01 22:30:00,2,14310.0,14336.75
NR0,20号胶,能源中心,90m,2026-07-10 13:45:00,2026-07-10 10:00:00,1,14710.0,14735.5
NR0,20号胶,能源中心,90m,2026-07-13 15:00:00,2026-07-13 13:45:00,1,14685.0,14753.5
NR0,20号胶,能源中心,90m,2026-07-20 13:45:00,2026-07-20 10:00:00,1,14655.0,14716.5
NR0,20号胶,能源中心,90m,2026-07-20 22:30:00,2026-07-20 15:00:00,1,14530.0,14715.75
NR0,20号胶,能源中心,90m,2026-07-22 22:30:00,2026-07-22 13:45:00,2,14600.0,14610.25
NR0,20号胶,能源中心,daily,2026-07-16,2026-07-15,1,14605.0,14800.25
NR0,20号胶,能源中心,daily,2026-07-21,2026-07-20,1,14535.0,14655.5
NR0,20号胶,能源中心,daily,2026-07-24,2026-07-22,2,14485.0,14633.0
OI0,菜油,郑商所,120m,2026-01-13 15:00:00,2026-01-13 11:15:00,1,9017.0,9029.5
OI0,菜油,郑商所,120m,2026-01-16 23:00:00,2026-01-15 23:00:00,3,8955.0,8978.0
OI0,菜油,郑商所,120m,2026-01-20 15:00:00,2026-01-20 11:15:00,1,8948.0,8965.45
OI0,菜油,郑商所,120m,2026-04-02 23:00:00,2026-04-02 11:15:00,2,9817.0,9828.4
OI0,菜油,郑商所,120m,2026-04-17 23:00:00,2026-04-16 23:00:00,3,9388.0,9436.2
OI0,菜油,郑商所,120m,2026-06-08 11:15:00,2026-06-05 23:00:00,1,10006.0,10068.5
OI0,菜油,郑商所,120m,2026-07-03 23:00:00,2026-07-03 15:00:00,1,9625.0,9633.7
OI0,菜油,郑商所,30m,2026-04-03 10:45:00,2026-04-03 10:00:00,1,9806.0,9811.85
OI0,菜油,郑商所,30m,2026-04-07 14:15:00,2026-04-07 13:45:00,1,9773.0,9800.7
OI0,菜油,郑商所,30m,2026-04-16 13:45:00,2026-04-16 10:00:00,3,9371.0,9378.8
OI0,菜油,郑商所,30m,2026-04-27 15:00:00,2026-04-27 13:45:00,3,9715.0,9716.35
OI0,菜油,郑商所,30m,2026-05-06 21:30:00,2026-05-06 14:45:00,2,9908.0,9924.25
OI0,菜油,郑商所,30m,2026-05-12 10:45:00,2026-05-11 23:00:00,3,9741.0,9764.4
OI0,菜油,郑商所,30m,2026-05-14 14:45:00,2026-05-14 13:45:00,2,9682.0,9696.0
OI0,菜油,郑商所,30m,2026-05-18 21:30:00,2026-05-18 14:15:00,3,9544.0,9547.8
OI0,菜油,郑商所,30m,2026-05-25 10:45:00,2026-05-25 10:00:00,1,9666.0,9673.85
OI0,菜油,郑商所,30m,2026-05-26 11:15:00,2026-05-26 09:30:00,3,9628.0,9642.6
OI0,菜油,郑商所,30m,2026-05-27 21:30:00,2026-05-27 14:45:00,2,9656.0,9658.25
OI0,菜油,郑商所,30m,2026-06-04 22:00:00,2026-06-04 15:00:00,2,10252.0,10298.5
OI0,菜油,郑商所,30m,2026-06-16 13:45:00,2026-06-16 11:15:00,1,9802.0,9820.75
OI0,菜油,郑商所,30m,2026-06-23 22:30:00,2026-06-23 22:00:00,1,9674.0,9678.05
OI0,菜油,郑商所,30m,2026-07-02 22:30:00,2026-07-02 21:30:00,2,9579.0,9600.3
OI0,菜油,郑商所,30m,2026-07-10 09:30:00,2026-07-09 22:30:00,2,9889.0,9889.4
OI0,菜油,郑商所,30m,2026-07-10 21:30:00,2026-07-10 14:45:00,2,9897.0,9900.9
OI0,菜油,郑商所,30m,2026-07-17 22:30:00,2026-07-17 21:30:00,2,9999.0,10005.15
OI0,菜油,郑商所,30m,2026-07-27 09:30:00,2026-07-24 23:00:00,1,10051.0,10184.1
OI0,菜油,郑商所,30m,2026-07-29 10:45:00,2026-07-29 10:00:00,1,9897.0,9909.25
OI0,菜油,郑商所,60m,2026-01-07 14:15:00,2026-01-07 11:15:00,1,9081.0,9084.6
OI0,菜油,郑商所,60m,2026-01-07 23:00:00,2026-01-07 15:00:00,2,9029.0,9083.0
OI0,菜油,郑商所,60m,2026-01-09 22:00:00,2026-01-09 14:15:00,2,8996.0,9029.45
OI0,菜油,郑商所,60m,2026-01-20 15:00:00,2026-01-20 11:15:00,2,8948.0,8964.8
OI0,菜油,郑商所,60m,2026-01-30 22:00:00,2026-01-30 14:15:00,2,9354.0,9370.35
OI0,菜油,郑商所,60m,2026-02-02 10:00:00,2026-01-30 23:00:00,1,9241.0,9369.35
OI0,菜油,郑商所,60m,2026-02-04 11:15:00,2026-02-04 10:00:00,1,9256.0,9259.25
OI0,菜油,郑商所,60m,2026-02-10 11:15:00,2026-02-10 10:00:00,1,9121.0,9144.55
OI0,菜油,郑商所,60m,2026-02-11 23:00:00,2026-02-11 15:00:00,2,9118.0,9126.35
OI0,菜油,郑商所,60m,2026-02-12 11:15:00,2026-02-12 10:00:00,1,9107.0,9123.95
OI0,菜油,郑商所,60m,2026-03-12 11:15:00,2026-03-12 10:00:00,1,9824.0,9831.7
OI0,菜油,郑商所,60m,2026-03-24 11:15:00,2026-03-24 10:00:00,1,9846.0,9871.1
OI0,菜油,郑商所,60m,2026-03-30 11:15:00,2026-03-30 10:00:00,1,9787.0,9788.0
OI0,菜油,郑商所,60m,2026-04-02 15:00:00,2026-04-02 10:00:00,3,9832.0,9850.6
OI0,菜油,郑商所,60m,2026-05-14 10:00:00,2026-05-13 23:00:00,1,9700.0,9726.25
OI0,菜油,郑商所,60m,2026-06-11 10:00:00,2026-06-10 22:00:00,2,9948.0,9953.7
OI0,菜油,郑商所,60m,2026-06-16 23:00:00,2026-06-16 15:00:00,2,9805.0,9851.55
OI0,菜油,郑商所,90m,2026-01-08 10:00:00,2026-01-07 15:00:00,2,9005.0,9076.75
OI0,菜油,郑商所,90m,2026-01-13 22:30:00,2026-01-13 10:00:00,3,8963.0,9006.0
OI0,菜油,郑商所,90m,2026-01-16 22:30:00,2026-01-16 10:00:00,3,8956.0,8966.7
OI0,菜油,郑商所,90m,2026-01-20 15:00:00,2026-01-20 13:45:00,1,8948.0,8949.95
OI0,菜油,郑商所,90m,2026-02-12 13:45:00,2026-02-12 10:00:00,1,9112.0,9137.0
OI0,菜油,郑商所,90m,2026-03-13 15:00:00,2026-03-12 22:30:00,3,9821.0,9843.05
OI0,菜油,郑商所,90m,2026-03-17 22:30:00,2026-03-17 15:00:00,1,9821.0,9838.95
OI0,菜油,郑商所,90m,2026-03-19 15:00:00,2026-03-18 22:30:00,3,9854.0,9857.4
OI0,菜油,郑商所,90m,2026-03-20 10:00:00,2026-03-19 22:30:00,1,9821.0,9853.9
OI0,菜油,郑商所,90m,2026-03-20 22:30:00,2026-03-20 13:45:00,2,9838.0,9854.6
OI0,菜油,郑商所,90m,2026-03-23 22:30:00,2026-03-23 10:00:00,3,9769.0,9850.2
OI0,菜油,郑商所,90m,2026-03-24 13:45:00,2026-03-24 10:00:00,1,9848.0,9853.2
OI0,菜油,郑商所,90m,2026-03-26 22:30:00,2026-03-26 15:00:00,1,9818.0,9821.05
OI0,菜油,郑商所,90m,2026-04-02 15:00:00,2026-04-02 10:00:00,2,9832.0,9846.95
OI0,菜油,郑商所,90m,2026-06-24 22:30:00,2026-06-24 13:45:00,2,9656.0,9721.2
OI0,菜油,郑商所,90m,2026-06-26 22:30:00,2026-06-26 15:00:00,1,9657.0,9658.1
OI0,菜油,郑商所,90m,2026-07-03 22:30:00,2026-07-03 15:00:00,1,9609.0,9639.75
OI0,菜油,郑商所,daily,2026-01-08,2026-01-06,2,8956.0,9043.0
OI0,菜油,郑商所,daily,2026-01-12,2026-01-09,1,8980.0,9021.15
OI0,菜油,郑商所,daily,2026-01-14,2026-01-13,1,8949.0,8992.3
OI0,菜油,郑商所,daily,2026-01-19,2026-01-16,1,8902.0,8984.05
OI0,菜油,郑商所,daily,2026-02-26,2026-02-24,2,9185.0,9189.0
OI0,菜油,郑商所,daily,2026-04-03,2026-04-02,1,9765.0,9830.25
OI0,菜油,郑商所,daily,2026-05-21,2026-05-19,2,9726.0,9737.9
P0,棕榈,大商所,120m,2026-03-19 15:00:00,2026-03-18 23:00:00,2,9796.0,9799.1
P0,棕榈,大商所,120m,2026-03-23 23:00:00,2026-03-23 11:15:00,2,9588.0,9828.4
P0,棕榈,大商所,120m,2026-04-28 23:00:00,2026-04-28 15:00:00,1,9660.0,9740.5
P0,棕榈,大商所,120m,2026-05-27 15:00:00,2026-05-27 11:15:00,1,9517.0,9536.6
P0,棕榈,大商所,120m,2026-06-24 23:00:00,2026-06-24 11:15:00,2,9202.0,9315.55
P0,棕榈,大商所,120m,2026-06-26 23:00:00,2026-06-26 15:00:00,1,9270.0,9303.7
P0,棕榈,大商所,120m,2026-06-30 11:15:00,2026-06-29 11:15:00,3,9298.0,9305.5
P0,棕榈,大商所,120m,2026-07-01 15:00:00,2026-07-01 11:15:00,1,9268.0,9287.2
P0,棕榈,大商所,120m,2026-07-13 11:15:00,2026-07-10 23:00:00,1,9253.0,9277.85
P0,棕榈,大商所,120m,2026-07-15 15:00:00,2026-07-14 15:00:00,3,9279.0,9311.8
P0,棕榈,大商所,120m,2026-07-29 23:00:00,2026-07-29 11:15:00,2,9371.0,9384.65
P0,棕榈,大商所,30m,2026-04-15 21:30:00,2026-04-15 14:15:00,3,9359.0,9398.75
P0,棕榈,大商所,30m,2026-04-23 13:45:00,2026-04-23 11:15:00,1,9806.0,9808.55
P0,棕榈,大商所,30m,2026-04-23 23:00:00,2026-04-23 22:00:00,2,9806.0,9808.7
P0,棕榈,大商所,30m,2026-04-24 10:00:00,2026-04-24 09:30:00,1,9788.0,9812.2
P0,棕榈,大商所,30m,2026-05-06 21:30:00,2026-05-06 14:45:00,2,9808.0,9848.05
P0,棕榈,大商所,30m,2026-05-08 11:15:00,2026-05-08 10:45:00,1,9711.0,9737.95
P0,棕榈,大商所,30m,2026-05-12 10:00:00,2026-05-12 09:30:00,1,9668.0,9682.6
P0,棕榈,大商所,30m,2026-05-15 10:00:00,2026-05-15 09:30:00,1,9435.0,9461.4
P0,棕榈,大商所,30m,2026-05-25 11:15:00,2026-05-25 10:45:00,1,9447.0,9467.4
P0,棕榈,大商所,30m,2026-05-26 22:30:00,2026-05-26 21:30:00,2,9453.0,9472.15
P0,棕榈,大商所,30m,2026-06-02 14:45:00,2026-06-02 14:15:00,1,9703.0,9711.65
P0,棕榈,大商所,30m,2026-06-02 22:00:00,2026-06-02 15:00:00,2,9695.0,9721.35
P0,棕榈,大商所,30m,2026-06-03 10:45:00,2026-06-03 09:30:00,2,9722.0,9724.6
P0,棕榈,大商所,30m,2026-06-08 14:15:00,2026-06-08 13:45:00,1,9411.0,9418.45
P0,棕榈,大商所,30m,2026-06-08 21:30:00,2026-06-08 15:00:00,1,9367.0,9406.45
P0,棕榈,大商所,30m,2026-06-09 09:30:00,2026-06-08 23:00:00,1,9333.0,9392.05
P0,棕榈,大商所,30m,2026-06-12 13:45:00,2026-06-12 11:15:00,1,9346.0,9367.85
P0,棕榈,大商所,30m,2026-06-24 11:15:00,2026-06-24 09:30:00,3,9343.0,9356.7
P0,棕榈,大商所,30m,2026-07-01 14:15:00,2026-07-01 11:15:00,2,9279.0,9284.4
P0,棕榈,大商所,30m,2026-07-01 23:00:00,2026-07-01 22:00:00,2,9257.0,9267.85
P0,棕榈,大商所,30m,2026-07-09 14:45:00,2026-07-09 13:45:00,2,9352.0,9374.25
P0,棕榈,大商所,30m,2026-07-13 10:00:00,2026-07-13 09:30:00,1,9271.0,9285.55
P0,棕榈,大商所,30m,2026-07-13 14:15:00,2026-07-13 13:45:00,1,9232.0,9269.25
P0,棕榈,大商所,30m,2026-07-16 23:00:00,2026-07-16 22:30:00,1,9241.0,9258.0
P0,棕榈,大商所,30m,2026-07-17 10:00:00,2026-07-17 09:30:00,1,9239.0,9255.35
P0,棕榈,大商所,30m,2026-07-22 10:45:00,2026-07-22 09:30:00,2,9245.0,9279.6
P0,棕榈,大商所,60m,2026-02-02 10:00:00,2026-01-30 23:00:00,1,9062.0,9274.5
P0,棕榈,大商所,60m,2026-02-03 23:00:00,2026-02-03 22:00:00,1,9152.0,9158.9
P0,棕榈,大商所,60m,2026-02-04 11:15:00,2026-02-04 10:00:00,1,9128.0,9140.3
P0,棕榈,大商所,60m,2026-02-04 22:00:00,2026-02-04 15:00:00,1,9120.0,9123.5
P0,棕榈,大商所,60m,2026-02-05 11:15:00,2026-02-04 23:00:00,2,9078.0,9103.2
P0,棕榈,大商所,60m,2026-02-24 15:00:00,2026-02-24 10:00:00,3,8824.0,8830.9
P0,棕榈,大商所,60m,2026-04-13 14:15:00,2026-04-13 11:15:00,1,9586.0,9629.4
P0,棕榈,大商所,60m,2026-04-27 15:00:00,2026-04-27 10:00:00,3,9785.0,9800.2
P0,棕榈,大商所,60m,2026-05-26 11:15:00,2026-05-26 10:00:00,1,9478.0,9495.35
P0,棕榈,大商所,60m,2026-05-26 23:00:00,2026-05-26 22:00:00,1,9462.0,9468.65
P0,棕榈,大商所,60m,2026-06-24 11:15:00,2026-06-24 10:00:00,1,9343.0,9347.45
P0,棕榈,大商所,60m,2026-06-26 11:15:00,2026-06-25 23:00:00,2,9251.0,9267.35
P0,棕榈,大商所,60m,2026-07-15 22:00:00,2026-07-15 15:00:00,1,9256.0,9273.15
P0,棕榈,大商所,60m,2026-07-22 11:15:00,2026-07-22 10:00:00,1,9238.0,9284.3
P0,棕榈,大商所,60m,2026-07-30 10:00:00,2026-07-29 23:00:00,1,9330.0,9361.6
P0,棕榈,大商所,90m,2026-02-24 13:45:00,2026-02-24 10:00:00,1,8856.0,8883.0
P0,棕榈,大商所,90m,2026-02-25 22:30:00,2026-02-25 13:45:00,2,8808.0,8837.6
P0,棕榈,大商所,90m,2026-03-23 22:30:00,2026-03-23 10:00:00,3,9616.0,9805.3
P0,棕榈,大商所,90m,2026-04-17 22:30:00,2026-04-17 15:00:00,1,9382.0,9442.4
P0,棕榈,大商所,90m,2026-06-12 10:00:00,2026-06-11 15:00:00,2,9334.0,9349.15
P0,棕榈,大商所,90m,2026-06-24 13:45:00,2026-06-24 10:00:00,1,9335.0,9345.0
P0,棕榈,大商所,90m,2026-06-26 22:30:00,2026-06-26 13:45:00,2,9254.0,9295.3
P0,棕榈,大商所,90m,2026-07-02 10:00:00,2026-07-01 13:45:00,3,9248.0,9279.35
P0,棕榈,大商所,90m,2026-07-15 10:00:00,2026-07-14 15:00:00,2,9294.0,9305.8
P0,棕榈,大商所,90m,2026-07-15 15:00:00,2026-07-15 13:45:00,1,9279.0,9299.65
P0,棕榈,大商所,90m,2026-07-22 13:45:00,2026-07-22 10:00:00,1,9211.0,9271.7
P0,棕榈,大商所,daily,2026-01-05,2025-12-30,2,8488.0,8523.3
P0,棕榈,大商所,daily,2026-05-21,2026-05-19,2,9518.0,9680.15
P0,棕榈,大商所,daily,2026-06-04,2026-06-01,3,9574.0,9580.1
P0,棕榈,大商所,daily,2026-07-10,2026-07-07,3,9222.0,9286.65
P0,棕榈,大商所,daily,2026-07-15,2026-07-14,1,9279.0,9283.25
P0,棕榈,大商所,daily,2026-07-21,2026-07-20,1,9240.0,9272.3
PB0,沪铅,上期所,120m,2026-01-05 15:00:00,2026-01-05 11:15:00,1,17395.0,17426.0
PB0,沪铅,上期所,120m,2026-01-12 15:00:00,2026-01-12 11:15:00,1,17475.0,17516.0
PB0,沪铅,上期所,120m,2026-01-14 15:00:00,2026-01-14 11:15:00,1,17385.0,17419.25
PB0,沪铅,上期所,120m,2026-01-26 11:15:00,2026-01-24 01:00:00,2,17105.0,17130.5
PB0,沪铅,上期所,120m,2026-01-30 01:00:00,2026-01-29 11:15:00,3,16970.0,17073.25
PB0,沪铅,上期所,120m,2026-02-24 15:00:00,2026-02-13 15:00:00,2,16670.0,16704.5
PB0,沪铅,上期所,120m,2026-03-04 23:00:00,2026-03-04 15:00:00,1,16785.0,16822.25
PB0,沪铅,上期所,120m,2026-03-05 11:15:00,2026-03-05 01:00:00,1,16820.0,16828.5
PB0,沪铅,上期所,120m,2026-03-27 23:00:00,2026-03-27 11:15:00,2,16445.0,16457.0
PB0,沪铅,上期所,120m,2026-04-28 11:15:00,2026-04-27 23:00:00,2,16700.0,16716.75
PB0,沪铅,上期所,120m,2026-04-29 01:00:00,2026-04-28 23:00:00,1,16700.0,16710.5
PB0,沪铅,上期所,120m,2026-04-29 23:00:00,2026-04-29 11:15:00,2,16685.0,16708.5
PB0,沪铅,上期所,120m,2026-07-07 11:15:00,2026-07-06 23:00:00,2,15860.0,15878.5
PB0,沪铅,上期所,120m,2026-07-23 23:00:00,2026-07-23 11:15:00,2,15790.0,15848.0
PB0,沪铅,上期所,120m,2026-07-29 23:00:00,2026-07-29 11:15:00,2,15715.0,15722.0
PB0,沪铅,上期所,120m,2026-07-30 11:15:00,2026-07-30 01:00:00,1,15690.0,15703.25
PB0,沪铅,上期所,120m,2026-07-30 23:00:00,2026-07-30 15:00:00,1,15590.0,15692.0
PB0,沪铅,上期所,30m,2026-05-11 13:45:00,2026-05-11 10:45:00,2,16680.0,16704.0
PB0,沪铅,上期所,30m,2026-05-14 10:45:00,2026-05-14 10:00:00,1,16605.0,16610.5
PB0,沪铅,上期所,30m,2026-05-14 14:15:00,2026-05-14 13:45:00,1,16615.0,16619.75
PB0,沪铅,上期所,30m,2026-05-19 14:45:00,2026-05-19 11:15:00,3,16485.0,16490.75
PB0,沪铅,上期所,30m,2026-05-19 21:30:00,2026-05-19 15:00:00,1,16455.0,16496.75
PB0,沪铅,上期所,30m,2026-05-25 21:30:00,2026-05-25 14:45:00,2,16690.0,16745.25
PB0,沪铅,上期所,30m,2026-05-29 01:00:00,2026-05-29 00:30:00,1,16570.0,16580.25
PB0,沪铅,上期所,30m,2026-05-29 10:45:00,2026-05-29 09:30:00,2,16565.0,16577.0
PB0,沪铅,上期所,30m,2026-06-01 11:15:00,2026-06-01 10:00:00,2,16545.0,16568.5
PB0,沪铅,上期所,30m,2026-06-02 10:00:00,2026-06-02 09:30:00,1,16560.0,16568.5
PB0,沪铅,上期所,30m,2026-06-05 22:00:00,2026-06-05 21:30:00,1,16405.0,16408.25
PB0,沪铅,上期所,30m,2026-06-10 21:30:00,2026-06-10 15:00:00,1,16090.0,16109.25
PB0,沪铅,上期所,30m,2026-06-12 13:45:00,2026-06-12 11:15:00,1,16065.0,16116.75
PB0,沪铅,上期所,30m,2026-06-22 22:00:00,2026-06-22 21:30:00,1,16400.0,16410.5
PB0,沪铅,上期所,30m,2026-06-23 22:00:00,2026-06-23 21:30:00,1,16370.0,16375.75
PB0,沪铅,上期所,30m,2026-06-24 10:00:00,2026-06-24 01:00:00,2,16345.0,16364.5
PB0,沪铅,上期所,30m,2026-06-25 22:00:00,2026-06-25 21:30:00,1,16220.0,16242.0
PB0,沪铅,上期所,30m,2026-06-29 21:30:00,2026-06-29 15:00:00,1,16155.0,16196.75
PB0,沪铅,上期所,30m,2026-07-06 22:00:00,2026-07-06 21:30:00,1,15890.0,15907.0
PB0,沪铅,上期所,30m,2026-07-06 23:00:00,2026-07-06 22:30:00,1,15910.0,15910.5
PB0,沪铅,上期所,30m,2026-07-07 00:00:00,2026-07-06 23:30:00,1,15905.0,15907.0
PB0,沪铅,上期所,30m,2026-07-09 21:30:00,2026-07-09 14:15:00,3,15990.0,16064.75
PB0,沪铅,上期所,30m,2026-07-09 23:30:00,2026-07-09 23:00:00,1,16050.0,16054.75
PB0,沪铅,上期所,30m,2026-07-13 09:30:00,2026-07-13 00:00:00,1,15935.0,16037.5
PB0,沪铅,上期所,30m,2026-07-14 21:30:00,2026-07-14 15:00:00,1,15685.0,15870.5
PB0,沪铅,上期所,30m,2026-07-30 10:45:00,2026-07-30 09:30:00,2,15725.0,15744.25
PB0,沪铅,上期所,60m,2026-01-22 22:00:00,2026-01-22 15:00:00,1,17070.0,17118.0
PB0,沪铅,上期所,60m,2026-01-23 11:15:00,2026-01-23 01:00:00,2,17065.0,17099.75
PB0,沪铅,上期所,60m,2026-01-29 00:00:00,2026-01-28 23:00:00,1,16990.0,17015.0
PB0,沪铅,上期所,60m,2026-02-12 23:00:00,2026-02-12 22:00:00,1,16720.0,16741.75
PB0,沪铅,上期所,60m,2026-02-24 14:15:00,2026-02-24 10:00:00,2,16710.0,16733.5
PB0,沪铅,上期所,60m,2026-02-25 00:00:00,2026-02-24 23:00:00,1,16715.0,16723.75
PB0,沪铅,上期所,60m,2026-03-05 10:00:00,2026-03-05 01:00:00,1,16825.0,16835.0
PB0,沪铅,上期所,60m,2026-03-06 11:15:00,2026-03-06 10:00:00,1,16785.0,16792.5
PB0,沪铅,上期所,60m,2026-03-09 14:15:00,2026-03-09 11:15:00,1,16755.0,16775.0
PB0,沪铅,上期所,60m,2026-03-11 15:00:00,2026-03-11 14:15:00,1,16680.0,16690.0
PB0,沪铅,上期所,60m,2026-03-19 14:15:00,2026-03-19 10:00:00,2,16455.0,16609.25
PB0,沪铅,上期所,60m,2026-03-31 22:00:00,2026-03-31 15:00:00,1,16475.0,16492.75
PB0,沪铅,上期所,60m,2026-04-01 00:00:00,2026-03-31 23:00:00,1,16485.0,16488.75
PB0,沪铅,上期所,60m,2026-04-09 22:00:00,2026-04-09 14:15:00,2,16700.0,16765.5
PB0,沪铅,上期所,60m,2026-04-17 14:15:00,2026-04-17 11:15:00,1,16740.0,16752.5
PB0,沪铅,上期所,60m,2026-04-28 23:00:00,2026-04-28 22:00:00,1,16725.0,16733.5
PB0,沪铅,上期所,60m,2026-05-19 22:00:00,2026-05-19 14:15:00,2,16465.0,16481.25
PB0,沪铅,上期所,60m,2026-05-25 22:00:00,2026-05-25 15:00:00,1,16715.0,16732.75
PB0,沪铅,上期所,60m,2026-05-27 14:15:00,2026-05-27 01:00:00,3,16710.0,16734.0
PB0,沪铅,上期所,60m,2026-05-30 01:00:00,2026-05-29 23:00:00,1,16540.0,16585.0
PB0,沪铅,上期所,60m,2026-06-01 11:15:00,2026-06-01 10:00:00,1,16545.0,16572.75
PB0,沪铅,上期所,60m,2026-06-02 00:00:00,2026-06-01 22:00:00,2,16555.0,16564.25
PB0,沪铅,上期所,60m,2026-06-12 14:15:00,2026-06-12 11:15:00,1,16070.0,16113.5
PB0,沪铅,上期所,60m,2026-06-22 10:00:00,2026-06-18 14:15:00,2,16335.0,16425.0
PB0,沪铅,上期所,60m,2026-06-24 10:00:00,2026-06-24 01:00:00,1,16345.0,16374.5
PB0,沪铅,上期所,60m,2026-06-26 22:00:00,2026-06-26 15:00:00,1,16175.0,16252.25
PB0,沪铅,上期所,60m,2026-06-29 22:00:00,2026-06-29 15:00:00,1,16175.0,16219.0
PB0,沪铅,上期所,60m,2026-07-09 22:00:00,2026-07-09 14:15:00,2,16025.0,16036.5
PB0,沪铅,上期所,60m,2026-07-10 00:00:00,2026-07-09 23:00:00,1,16045.0,16055.5
PB0,沪铅,上期所,60m,2026-07-10 14:15:00,2026-07-10 10:00:00,2,15995.0,16063.5
PB0,沪铅,上期所,60m,2026-07-10 23:00:00,2026-07-10 22:00:00,1,16050.0,16057.0
PB0,沪铅,上期所,60m,2026-07-13 10:00:00,2026-07-13 00:00:00,1,15945.0,16046.0
PB0,沪铅,上期所,60m,2026-07-21 14:15:00,2026-07-21 11:15:00,1,15880.0,15881.75
PB0,沪铅,上期所,60m,2026-07-21 22:00:00,2026-07-21 15:00:00,1,15750.0,15878.75
PB0,沪铅,上期所,60m,2026-07-30 22:00:00,2026-07-30 15:00:00,1,15615.0,15708.75
PB0,沪铅,上期所,90m,2026-01-05 14:45:00,2026-01-05 11:15:00,1,17420.0,17428.25
PB0,沪铅,上期所,90m,2026-01-12 14:45:00,2026-01-12 09:30:00,2,17460.0,17477.5
PB0,沪铅,上期所,90m,2026-01-12 22:30:00,2026-01-12 15:00:00,1,17440.0,17441.75
PB0,沪铅,上期所,90m,2026-01-13 09:30:00,2026-01-13 00:00:00,1,17385.0,17420.25
PB0,沪铅,上期所,90m,2026-01-13 14:45:00,2026-01-13 11:15:00,1,17340.0,17410.0
PB0,沪铅,上期所,90m,2026-01-27 00:00:00,2026-01-26 22:30:00,1,17080.0,17108.25
PB0,沪铅,上期所,90m,2026-02-09 14:45:00,2026-02-09 09:30:00,2,16550.0,16562.25
PB0,沪铅,上期所,90m,2026-02-13 09:30:00,2026-02-12 22:30:00,2,16720.0,16731.75
PB0,沪铅,上期所,90m,2026-02-24 14:45:00,2026-02-24 11:15:00,1,16705.0,16730.75
PB0,沪铅,上期所,90m,2026-03-04 15:00:00,2026-03-04 14:45:00,1,16840.0,16845.5
PB0,沪铅,上期所,90m,2026-03-09 14:45:00,2026-03-09 11:15:00,1,16745.0,16785.5
PB0,沪铅,上期所,90m,2026-03-24 00:00:00,2026-03-23 22:30:00,1,16410.0,16419.0
PB0,沪铅,上期所,90m,2026-03-26 22:30:00,2026-03-26 15:00:00,1,16425.0,16459.5
PB0,沪铅,上期所,90m,2026-04-09 22:30:00,2026-04-09 14:45:00,2,16685.0,16768.0
PB0,沪铅,上期所,90m,2026-04-14 22:30:00,2026-04-14 14:45:00,2,16615.0,16622.75
PB0,沪铅,上期所,90m,2026-04-20 14:45:00,2026-04-20 11:15:00,1,16755.0,16779.0
PB0,沪铅,上期所,90m,2026-04-29 00:00:00,2026-04-28 22:30:00,1,16710.0,16717.5
PB0,沪铅,上期所,90m,2026-04-29 22:30:00,2026-04-29 11:15:00,3,16700.0,16737.5
PB0,沪铅,上期所,90m,2026-05-14 09:30:00,2026-05-13 22:30:00,2,16590.0,16615.75
PB0,沪铅,上期所,90m,2026-05-14 15:00:00,2026-05-14 14:45:00,1,16590.0,16600.5
PB0,沪铅,上期所,90m,2026-05-19 11:15:00,2026-05-19 00:00:00,2,16485.0,16507.5
PB0,沪铅,上期所,90m,2026-05-19 22:30:00,2026-05-19 15:00:00,1,16445.0,16489.5
PB0,沪铅,上期所,90m,2026-05-27 00:00:00,2026-05-26 15:00:00,2,16725.0,16737.0
PB0,沪铅,上期所,90m,2026-05-27 14:45:00,2026-05-27 09:30:00,2,16730.0,16740.75
PB0,沪铅,上期所,90m,2026-06-02 00:00:00,2026-06-01 22:30:00,1,16555.0,16570.0
PB0,沪铅,上期所,90m,2026-06-02 11:15:00,2026-06-02 09:30:00,1,16550.0,16566.0
PB0,沪铅,上期所,90m,2026-06-11 22:30:00,2026-06-11 11:15:00,3,16035.0,16143.5
PB0,沪铅,上期所,90m,2026-06-12 14:45:00,2026-06-12 11:15:00,1,16050.0,16112.75
PB0,沪铅,上期所,90m,2026-07-03 11:15:00,2026-07-03 09:30:00,1,15875.0,15887.0
PB0,沪铅,上期所,90m,2026-07-11 09:30:00,2026-07-10 22:30:00,1,16030.0,16057.75
PB0,沪铅,上期所,90m,2026-07-30 22:30:00,2026-07-30 14:45:00,2,15615.0,15708.5
PB0,沪铅,上期所,daily,2026-04-28,2026-04-27,1,16695.0,16709.75
PB0,沪铅,上期所,daily,2026-04-30,2026-04-29,1,16630.0,16720.75
PB0,沪铅,上期所,daily,2026-05-08,2026-05-06,2,16710.0,16735.75
PB0,沪铅,上期所,daily,2026-06-04,2026-06-03,1,16435.0,16610.75
PB0,沪铅,上期所,daily,2026-06-18,2026-06-17,1,16450.0,16457.5
PF0,短纤,郑商所,120m,2026-01-07 11:15:00,2026-01-06 23:00:00,1,6514.0,6550.7
PF0,短纤,郑商所,120m,2026-01-12 15:00:00,2026-01-09 23:00:00,2,6502.0,6518.8
PF0,短纤,郑商所,120m,2026-01-13 15:00:00,2026-01-13 11:15:00,1,6506.0,6513.2
PF0,短纤,郑商所,120m,2026-01-14 15:00:00,2026-01-13 23:00:00,2,6470.0,6516.8
PF0,短纤,郑商所,120m,2026-01-15 11:15:00,2026-01-14 23:00:00,1,6430.0,6510.7
PF0,短纤,郑商所,120m,2026-02-04 15:00:00,2026-02-04 11:15:00,1,6630.0,6635.1
PF0,短纤,郑商所,120m,2026-03-23 23:00:00,2026-03-20 23:00:00,3,8284.0,8338.1
PF0,短纤,郑商所,120m,2026-03-24 15:00:00,2026-03-24 11:15:00,1,8254.0,8335.6
PF0,短纤,郑商所,120m,2026-04-01 11:15:00,2026-03-31 23:00:00,1,8200.0,8259.7
PF0,短纤,郑商所,120m,2026-04-02 23:00:00,2026-04-02 11:15:00,2,8172.0,8239.6
PF0,短纤,郑商所,120m,2026-04-20 23:00:00,2026-04-20 11:15:00,2,7932.0,7996.9
PF0,短纤,郑商所,120m,2026-05-18 23:00:00,2026-05-18 11:15:00,2,8042.0,8066.8
PF0,短纤,郑商所,120m,2026-05-21 15:00:00,2026-05-21 11:15:00,1,7994.0,8023.5
PF0,短纤,郑商所,120m,2026-05-29 11:15:00,2026-05-28 11:15:00,3,7670.0,7712.5
PF0,短纤,郑商所,120m,2026-06-10 15:00:00,2026-06-10 11:15:00,1,7740.0,7761.8
PF0,短纤,郑商所,120m,2026-07-30 11:15:00,2026-07-29 23:00:00,1,7394.0,7414.3
PF0,短纤,郑商所,30m,2026-04-01 09:30:00,2026-03-31 23:00:00,1,8216.0,8312.9
PF0,短纤,郑商所,30m,2026-04-13 10:00:00,2026-04-13 09:30:00,1,7922.0,7930.6
PF0,短纤,郑商所,30m,2026-04-15 09:30:00,2026-04-14 23:00:00,1,7916.0,7927.3
PF0,短纤,郑商所,30m,2026-04-17 13:45:00,2026-04-17 11:15:00,1,8068.0,8094.3
PF0,短纤,郑商所,30m,2026-04-21 13:45:00,2026-04-21 11:15:00,1,7966.0,7967.1
PF0,短纤,郑商所,30m,2026-04-24 22:00:00,2026-04-24 21:30:00,1,8126.0,8135.7
PF0,短纤,郑商所,30m,2026-05-12 22:00:00,2026-05-12 21:30:00,1,8130.0,8140.2
PF0,短纤,郑商所,30m,2026-05-12 23:00:00,2026-05-12 22:30:00,1,8134.0,8139.3
PF0,短纤,郑商所,30m,2026-05-21 14:15:00,2026-05-21 10:45:00,3,7980.0,7982.9
PF0,短纤,郑商所,30m,2026-05-21 21:30:00,2026-05-21 15:00:00,1,7968.0,7981.9
PF0,短纤,郑商所,30m,2026-06-02 13:45:00,2026-06-02 11:15:00,1,7668.0,7730.5
PF0,短纤,郑商所,30m,2026-06-04 09:30:00,2026-06-03 22:30:00,2,7754.0,7760.1
PF0,短纤,郑商所,30m,2026-06-10 13:45:00,2026-06-10 10:00:00,3,7722.0,7754.0
PF0,短纤,郑商所,30m,2026-06-30 22:00:00,2026-06-30 21:30:00,1,6982.0,6994.1
PF0,短纤,郑商所,30m,2026-07-03 11:15:00,2026-07-03 10:00:00,2,6810.0,6812.6
PF0,短纤,郑商所,30m,2026-07-10 11:15:00,2026-07-10 10:00:00,2,7058.0,7067.2
PF0,短纤,郑商所,30m,2026-07-16 22:30:00,2026-07-16 22:00:00,1,7312.0,7322.9
PF0,短纤,郑商所,30m,2026-07-17 10:00:00,2026-07-16 23:00:00,2,7298.0,7313.9
PF0,短纤,郑商所,30m,2026-07-28 22:30:00,2026-07-28 22:00:00,1,7254.0,7254.2
PF0,短纤,郑商所,60m,2026-01-06 14:15:00,2026-01-06 11:15:00,1,6516.0,6533.9
PF0,短纤,郑商所,60m,2026-01-07 10:00:00,2026-01-06 22:00:00,2,6470.0,6525.4
PF0,短纤,郑商所,60m,2026-01-07 23:00:00,2026-01-07 14:15:00,3,6492.0,6517.0
PF0,短纤,郑商所,60m,2026-01-08 11:15:00,2026-01-08 10:00:00,1,6478.0,6517.1
PF0,短纤,郑商所,60m,2026-01-13 14:15:00,2026-01-13 10:00:00,2,6502.0,6503.0
PF0,短纤,郑商所,60m,2026-01-14 10:00:00,2026-01-13 15:00:00,3,6488.0,6511.0
PF0,短纤,郑商所,60m,2026-01-14 14:15:00,2026-01-14 11:15:00,1,6488.0,6513.7
PF0,短纤,郑商所,60m,2026-01-15 10:00:00,2026-01-14 22:00:00,2,6470.0,6512.7
PF0,短纤,郑商所,60m,2026-01-28 22:00:00,2026-01-28 14:15:00,2,6686.0,6729.0
PF0,短纤,郑商所,60m,2026-01-29 14:15:00,2026-01-29 11:15:00,1,6714.0,6714.5
PF0,短纤,郑商所,60m,2026-01-30 10:00:00,2026-01-29 15:00:00,3,6678.0,6704.8
PF0,短纤,郑商所,60m,2026-02-05 22:00:00,2026-02-05 15:00:00,1,6556.0,6561.2
PF0,短纤,郑商所,60m,2026-02-06 10:00:00,2026-02-05 23:00:00,1,6546.0,6567.1
PF0,短纤,郑商所,60m,2026-02-06 15:00:00,2026-02-06 11:15:00,2,6578.0,6578.4
PF0,短纤,郑商所,60m,2026-02-13 10:00:00,2026-02-12 22:00:00,2,6612.0,6643.1
PF0,短纤,郑商所,60m,2026-02-26 11:15:00,2026-02-26 10:00:00,1,6682.0,6721.7
PF0,短纤,郑商所,60m,2026-03-10 22:00:00,2026-03-10 14:15:00,2,7606.0,7608.3
PF0,短纤,郑商所,60m,2026-03-18 11:15:00,2026-03-17 22:00:00,3,8244.0,8296.6
PF0,短纤,郑商所,60m,2026-03-24 14:15:00,2026-03-24 10:00:00,2,8310.0,8373.7
PF0,短纤,郑商所,60m,2026-04-01 10:00:00,2026-03-31 23:00:00,1,8238.0,8335.3
PF0,短纤,郑商所,60m,2026-05-11 22:00:00,2026-05-11 14:15:00,2,8092.0,8143.9
PF0,短纤,郑商所,60m,2026-05-12 11:15:00,2026-05-12 10:00:00,1,8092.0,8105.3
PF0,短纤,郑商所,60m,2026-05-15 15:00:00,2026-05-15 14:15:00,1,8026.0,8039.3
PF0,短纤,郑商所,60m,2026-05-19 10:00:00,2026-05-18 23:00:00,1,8010.0,8030.9
PF0,短纤,郑商所,60m,2026-05-21 14:15:00,2026-05-21 11:15:00,1,7980.0,8017.0
PF0,短纤,郑商所,60m,2026-06-02 14:15:00,2026-06-02 11:15:00,1,7716.0,7729.1
PF0,短纤,郑商所,60m,2026-06-05 14:15:00,2026-06-05 11:15:00,1,7728.0,7729.8
PF0,短纤,郑商所,60m,2026-06-10 14:15:00,2026-06-10 10:00:00,2,7734.0,7785.9
PF0,短纤,郑商所,60m,2026-06-11 14:15:00,2026-06-11 10:00:00,2,7788.0,7799.4
PF0,短纤,郑商所,60m,2026-06-12 10:00:00,2026-06-11 15:00:00,3,7758.0,7780.2
PF0,短纤,郑商所,60m,2026-06-22 10:00:00,2026-06-18 14:15:00,2,7288.0,7316.4
PF0,短纤,郑商所,60m,2026-07-01 10:00:00,2026-06-30 15:00:00,3,6892.0,6960.5
PF0,短纤,郑商所,60m,2026-07-21 14:15:00,2026-07-21 10:00:00,2,7352.0,7361.6
PF0,短纤,郑商所,60m,2026-07-27 10:00:00,2026-07-24 23:00:00,1,7298.0,7507.7
PF0,短纤,郑商所,60m,2026-07-29 14:15:00,2026-07-29 10:00:00,2,7340.0,7343.2
PF0,短纤,郑商所,90m,2026-01-07 10:00:00,2026-01-06 22:30:00,1,6470.0,6529.0
PF0,短纤,郑商所,90m,2026-01-07 22:30:00,2026-01-07 15:00:00,1,6504.0,6527.6
PF0,短纤,郑商所,90m,2026-01-08 13:45:00,2026-01-08 10:00:00,1,6484.0,6524.9
PF0,短纤,郑商所,90m,2026-01-09 15:00:00,2026-01-09 13:45:00,1,6504.0,6511.4
PF0,短纤,郑商所,90m,2026-01-12 15:00:00,2026-01-09 22:30:00,3,6502.0,6518.9
PF0,短纤,郑商所,90m,2026-01-13 15:00:00,2026-01-13 13:45:00,1,6506.0,6513.9
PF0,短纤,郑商所,90m,2026-01-14 10:00:00,2026-01-13 22:30:00,1,6488.0,6512.4
PF0,短纤,郑商所,90m,2026-01-14 15:00:00,2026-01-14 13:45:00,1,6470.0,6508.6
PF0,短纤,郑商所,90m,2026-01-15 10:00:00,2026-01-14 22:30:00,1,6470.0,6505.1
PF0,短纤,郑商所,90m,2026-01-27 22:30:00,2026-01-27 15:00:00,1,6628.0,6661.6
PF0,短纤,郑商所,90m,2026-01-28 22:30:00,2026-01-28 10:00:00,3,6682.0,6705.2
PF0,短纤,郑商所,90m,2026-01-29 15:00:00,2026-01-29 13:45:00,1,6720.0,6723.3
PF0,短纤,郑商所,90m,2026-01-30 10:00:00,2026-01-29 22:30:00,1,6678.0,6724.7
PF0,短纤,郑商所,90m,2026-02-04 13:45:00,2026-02-04 10:00:00,1,6622.0,6628.3
PF0,短纤,郑商所,90m,2026-02-04 22:30:00,2026-02-04 15:00:00,1,6604.0,6618.5
PF0,短纤,郑商所,90m,2026-02-06 22:30:00,2026-02-06 13:45:00,2,6546.0,6563.3
PF0,短纤,郑商所,90m,2026-02-09 22:30:00,2026-02-09 10:00:00,3,6578.0,6578.1
PF0,短纤,郑商所,90m,2026-03-24 15:00:00,2026-03-24 10:00:00,2,8254.0,8368.0
PF0,短纤,郑商所,90m,2026-04-01 10:00:00,2026-03-31 15:00:00,2,8238.0,8267.8
PF0,短纤,郑商所,90m,2026-04-20 13:45:00,2026-04-20 10:00:00,1,7968.0,8016.3
PF0,短纤,郑商所,90m,2026-05-18 22:30:00,2026-05-18 10:00:00,3,8030.0,8060.7
PF0,短纤,郑商所,90m,2026-05-21 15:00:00,2026-05-21 13:45:00,1,7994.0,8025.4
PF0,短纤,郑商所,90m,2026-06-10 13:45:00,2026-06-10 10:00:00,1,7722.0,7761.5
PF0,短纤,郑商所,90m,2026-06-11 13:45:00,2026-06-10 22:30:00,2,7754.0,7770.6
PF0,短纤,郑商所,90m,2026-06-12 10:00:00,2026-06-11 15:00:00,2,7758.0,7788.8
PF0,短纤,郑商所,90m,2026-06-12 22:30:00,2026-06-12 13:45:00,2,7800.0,7800.4
PF0,短纤,郑商所,90m,2026-07-21 13:45:00,2026-07-21 10:00:00,1,7344.0,7357.4
PF0,短纤,郑商所,daily,2026-02-05,2026-02-04,1,6564.0,6568.8
PF0,短纤,郑商所,daily,2026-04-08,2026-04-02,3,7958.0,8270.0
PF0,短纤,郑商所,daily,2026-04-24,2026-04-23,1,8112.0,8126.4
PF0,短纤,郑商所,daily,2026-05-12,2026-05-11,1,8126.0,8138.2
PF0,短纤,郑商所,daily,2026-06-09,2026-06-08,1,7676.0,7818.6
PF0,短纤,郑商所,daily,2026-06-15,2026-06-11,2,7402.0,7750.8
PG0,液化石油气,大商所,120m,2026-01-12 23:00:00,2026-01-09 23:00:00,3,4123.0,4145.2
PG0,液化石油气,大商所,120m,2026-01-22 15:00:00,2026-01-22 11:15:00,1,4134.0,4137.15
PG0,液化石油气,大商所,120m,2026-02-04 15:00:00,2026-02-04 11:15:00,1,4251.0,4261.3
PG0,液化石油气,大商所,120m,2026-02-24 23:00:00,2026-02-24 11:15:00,2,4535.0,4541.3
PG0,液化石油气,大商所,120m,2026-02-26 23:00:00,2026-02-25 23:00:00,3,4543.0,4547.05
PG0,液化石油气,大商所,120m,2026-03-10 23:00:00,2026-03-10 15:00:00,1,5220.0,5267.15
PG0,液化石油气,大商所,120m,2026-03-27 23:00:00,2026-03-27 15:00:00,1,6668.0,6739.6
PG0,液化石油气,大商所,120m,2026-04-08 11:15:00,2026-04-07 11:15:00,3,5767.0,6416.85
PG0,液化石油气,大商所,120m,2026-04-22 23:00:00,2026-04-22 15:00:00,1,5415.0,5434.4
PG0,液化石油气,大商所,120m,2026-06-05 23:00:00,2026-06-05 11:15:00,2,5641.0,5650.2
PG0,液化石油气,大商所,120m,2026-06-09 11:15:00,2026-06-08 11:15:00,3,5662.0,5707.05
PG0,液化石油气,大商所,120m,2026-06-11 15:00:00,2026-06-11 11:15:00,1,5685.0,5688.7
PG0,液化石油气,大商所,120m,2026-06-30 15:00:00,2026-06-30 11:15:00,1,4481.0,4522.35
PG0,液化石油气,大商所,120m,2026-07-01 15:00:00,2026-06-30 23:00:00,2,4486.0,4511.1
PG0,液化石油气,大商所,120m,2026-07-03 23:00:00,2026-07-02 23:00:00,3,4493.0,4506.95
PG0,液化石油气,大商所,30m,2026-04-01 09:30:00,2026-03-31 22:30:00,2,6342.0,6434.0
PG0,液化石油气,大商所,30m,2026-04-01 13:45:00,2026-04-01 10:00:00,3,6355.0,6400.15
PG0,液化石油气,大商所,30m,2026-04-03 13:45:00,2026-04-03 11:15:00,1,6355.0,6375.55
PG0,液化石油气,大商所,30m,2026-04-08 09:30:00,2026-04-07 22:00:00,3,5815.0,6471.15
PG0,液化石油气,大商所,30m,2026-04-17 09:30:00,2026-04-16 23:00:00,1,5433.0,5482.05
PG0,液化石油气,大商所,30m,2026-04-20 21:30:00,2026-04-20 14:45:00,2,5294.0,5383.3
PG0,液化石油气,大商所,30m,2026-04-23 10:00:00,2026-04-23 09:30:00,1,5417.0,5422.7
PG0,液化石油气,大商所,30m,2026-05-08 23:00:00,2026-05-08 22:30:00,1,5695.0,5699.65
PG0,液化石油气,大商所,30m,2026-05-19 14:15:00,2026-05-19 13:45:00,1,6152.0,6156.95
PG0,液化石油气,大商所,30m,2026-05-28 22:00:00,2026-05-28 21:30:00,1,5547.0,5549.95
PG0,液化石油气,大商所,30m,2026-06-02 15:00:00,2026-06-02 14:15:00,2,5670.0,5678.45
PG0,液化石油气,大商所,30m,2026-06-02 22:00:00,2026-06-02 21:30:00,1,5670.0,5686.7
PG0,液化石油气,大商所,30m,2026-06-05 14:15:00,2026-06-05 10:45:00,3,5630.0,5656.6
PG0,液化石油气,大商所,30m,2026-06-05 22:00:00,2026-06-05 15:00:00,2,5630.0,5637.8
PG0,液化石油气,大商所,30m,2026-06-30 14:15:00,2026-06-30 11:15:00,2,4438.0,4512.95
PG0,液化石油气,大商所,30m,2026-07-10 09:30:00,2026-07-09 22:00:00,3,4727.0,4741.8
PG0,液化石油气,大商所,30m,2026-07-21 23:00:00,2026-07-21 21:30:00,3,5645.0,5648.25
PG0,液化石油气,大商所,60m,2026-02-02 10:00:00,2026-01-30 22:00:00,2,4224.0,4307.65
PG0,液化石油气,大商所,60m,2026-02-27 23:00:00,2026-02-27 22:00:00,1,4542.0,4546.5
PG0,液化石油气,大商所,60m,2026-06-05 14:15:00,2026-06-05 11:15:00,1,5630.0,5690.2
PG0,液化石油气,大商所,60m,2026-06-09 10:00:00,2026-06-08 23:00:00,1,5705.0,5705.25
PG0,液化石油气,大商所,60m,2026-06-12 10:00:00,2026-06-11 23:00:00,1,5399.0,5616.6
PG0,液化石油气,大商所,60m,2026-06-26 11:15:00,2026-06-26 10:00:00,1,4497.0,4497.7
PG0,液化石油气,大商所,60m,2026-06-30 10:00:00,2026-06-29 23:00:00,1,4473.0,4492.3
PG0,液化石油气,大商所,60m,2026-06-30 14:15:00,2026-06-30 11:15:00,1,4438.0,4501.15
PG0,液化石油气,大商所,60m,2026-07-27 10:00:00,2026-07-24 23:00:00,1,5511.0,5727.9
PG0,液化石油气,大商所,90m,2026-01-07 15:00:00,2026-01-07 13:45:00,1,4139.0,4141.4
PG0,液化石油气,大商所,90m,2026-01-08 13:45:00,2026-01-08 10:00:00,1,4109.0,4150.15
PG0,液化石油气,大商所,90m,2026-01-12 22:30:00,2026-01-12 10:00:00,3,4102.0,4144.35
PG0,液化石油气,大商所,90m,2026-02-02 10:00:00,2026-01-30 22:30:00,1,4224.0,4297.3
PG0,液化石油气,大商所,90m,2026-02-24 22:30:00,2026-02-24 10:00:00,3,4532.0,4545.0
PG0,液化石油气,大商所,90m,2026-03-30 10:00:00,2026-03-27 22:30:00,1,6696.0,6742.95
PG0,液化石油气,大商所,90m,2026-04-02 15:00:00,2026-04-02 13:45:00,1,6452.0,6472.75
PG0,液化石油气,大商所,90m,2026-04-22 13:45:00,2026-04-22 10:00:00,1,5416.0,5422.15
PG0,液化石油气,大商所,90m,2026-06-05 15:00:00,2026-06-05 13:45:00,1,5649.0,5673.65
PG0,液化石油气,大商所,90m,2026-06-08 22:30:00,2026-06-08 10:00:00,3,5712.0,5713.3
PG0,液化石油气,大商所,90m,2026-06-11 13:45:00,2026-06-11 10:00:00,1,5658.0,5664.65
PG0,液化石油气,大商所,90m,2026-06-11 22:30:00,2026-06-11 15:00:00,1,5669.0,5669.45
PG0,液化石油气,大商所,90m,2026-06-29 22:30:00,2026-06-29 13:45:00,2,4503.0,4506.85
PG0,液化石油气,大商所,90m,2026-06-30 15:00:00,2026-06-30 13:45:00,1,4481.0,4503.5
PG0,液化石油气,大商所,90m,2026-07-01 15:00:00,2026-06-30 22:30:00,3,4486.0,4497.8
PG0,液化石油气,大商所,90m,2026-07-30 22:30:00,2026-07-30 15:00:00,1,5476.0,5533.25
PG0,液化石油气,大商所,daily,2026-04-08,2026-04-02,3,5695.0,6270.2
PG0,液化石油气,大商所,daily,2026-06-09,2026-06-08,1,5677.0,5828.0
PK0,花生,郑商所,120m,2026-01-05 15:00:00,2025-12-31 11:15:00,3,7938.0,7965.0
PK0,花生,郑商所,120m,2026-02-04 15:00:00,2026-02-04 11:15:00,1,8030.0,8041.2
PK0,花生,郑商所,120m,2026-02-05 15:00:00,2026-02-05 11:15:00,1,8040.0,8048.3
PK0,花生,郑商所,120m,2026-03-03 11:15:00,2026-03-02 15:00:00,1,7914.0,7931.2
PK0,花生,郑商所,120m,2026-03-27 11:15:00,2026-03-26 11:15:00,2,8166.0,8206.9
PK0,花生,郑商所,120m,2026-05-27 15:00:00,2026-05-27 11:15:00,1,8176.0,8184.5
PK0,花生,郑商所,120m,2026-06-01 15:00:00,2026-06-01 11:15:00,1,8166.0,8170.7
PK0,花生,郑商所,30m,2026-01-30 11:15:00,2026-01-30 10:45:00,1,8082.0,8083.2
PK0,花生,郑商所,30m,2026-01-30 14:15:00,2026-01-30 13:45:00,1,8084.0,8084.1
PK0,花生,郑商所,30m,2026-02-06 09:30:00,2026-02-05 15:00:00,1,7894.0,8032.3
PK0,花生,郑商所,30m,2026-02-12 10:45:00,2026-02-12 10:00:00,1,7946.0,7961.3
PK0,花生,郑商所,30m,2026-02-25 09:30:00,2026-02-24 15:00:00,1,7916.0,7929.2
PK0,花生,郑商所,30m,2026-03-03 14:15:00,2026-03-03 11:15:00,2,7904.0,7906.6
PK0,花生,郑商所,30m,2026-03-03 15:00:00,2026-03-03 14:45:00,1,7908.0,7909.4
PK0,花生,郑商所,30m,2026-03-10 13:45:00,2026-03-10 11:15:00,1,7982.0,7992.0
PK0,花生,郑商所,30m,2026-03-19 10:45:00,2026-03-19 09:30:00,2,8196.0,8201.2
PK0,花生,郑商所,30m,2026-03-20 14:45:00,2026-03-20 13:45:00,2,8182.0,8187.7
PK0,花生,郑商所,30m,2026-03-24 13:45:00,2026-03-24 11:15:00,1,8210.0,8214.4
PK0,花生,郑商所,30m,2026-03-24 15:00:00,2026-03-24 14:45:00,1,8214.0,8219.2
PK0,花生,郑商所,30m,2026-04-03 09:30:00,2026-04-02 15:00:00,1,8040.0,8050.5
PK0,花生,郑商所,30m,2026-04-07 14:45:00,2026-04-07 14:15:00,1,8064.0,8067.0
PK0,花生,郑商所,30m,2026-04-08 10:45:00,2026-04-07 15:00:00,3,8074.0,8074.1
PK0,花生,郑商所,30m,2026-04-16 14:45:00,2026-04-16 11:15:00,3,8342.0,8344.7
PK0,花生,郑商所,30m,2026-04-28 11:15:00,2026-04-28 10:00:00,2,8406.0,8412.7
PK0,花生,郑商所,30m,2026-05-18 11:15:00,2026-05-18 10:45:00,1,8206.0,8210.3
PK0,花生,郑商所,30m,2026-05-19 09:30:00,2026-05-18 15:00:00,1,8150.0,8205.1
PK0,花生,郑商所,30m,2026-06-10 14:45:00,2026-06-10 14:15:00,1,8378.0,8386.7
PK0,花生,郑商所,30m,2026-07-20 10:45:00,2026-07-20 10:00:00,1,8222.0,8241.2
PK0,花生,郑商所,30m,2026-07-29 10:45:00,2026-07-29 09:30:00,2,8254.0,8259.8
PK0,花生,郑商所,30m,2026-07-31 10:45:00,2026-07-31 10:00:00,1,8196.0,8227.2
PK0,花生,郑商所,60m,2026-02-05 14:15:00,2026-02-05 10:00:00,2,8040.0,8047.6
PK0,花生,郑商所,60m,2026-02-11 14:15:00,2026-02-11 10:00:00,2,7964.0,7967.0
PK0,花生,郑商所,60m,2026-02-12 11:15:00,2026-02-11 15:00:00,2,7952.0,7954.2
PK0,花生,郑商所,60m,2026-02-13 10:00:00,2026-02-12 14:15:00,2,7942.0,7946.9
PK0,花生,郑商所,60m,2026-03-03 10:00:00,2026-03-02 11:15:00,3,7912.0,7917.3
PK0,花生,郑商所,60m,2026-03-05 14:15:00,2026-03-05 11:15:00,1,7898.0,7900.1
PK0,花生,郑商所,60m,2026-03-19 15:00:00,2026-03-19 10:00:00,3,8188.0,8195.7
PK0,花生,郑商所,60m,2026-03-25 14:15:00,2026-03-25 11:15:00,1,8192.0,8206.8
PK0,花生,郑商所,60m,2026-03-27 10:00:00,2026-03-26 11:15:00,3,8186.0,8216.8
PK0,花生,郑商所,60m,2026-04-20 10:00:00,2026-04-17 14:15:00,2,8340.0,8345.0
PK0,花生,郑商所,60m,2026-04-28 15:00:00,2026-04-28 14:15:00,1,8422.0,8423.7
PK0,花生,郑商所,60m,2026-05-20 15:00:00,2026-05-20 10:00:00,3,8194.0,8202.8
PK0,花生,郑商所,60m,2026-05-29 10:00:00,2026-05-28 11:15:00,3,8158.0,8169.3
PK0,花生,郑商所,60m,2026-06-01 15:00:00,2026-06-01 11:15:00,2,8166.0,8168.5
PK0,花生,郑商所,60m,2026-06-02 11:15:00,2026-06-02 10:00:00,1,8166.0,8167.0
PK0,花生,郑商所,60m,2026-06-02 15:00:00,2026-06-02 14:15:00,1,8162.0,8167.5
PK0,花生,郑商所,60m,2026-06-16 11:15:00,2026-06-16 10:00:00,1,8360.0,8401.5
PK0,花生,郑商所,60m,2026-06-17 15:00:00,2026-06-17 14:15:00,1,8386.0,8398.6
PK0,花生,郑商所,60m,2026-06-25 10:00:00,2026-06-24 14:15:00,2,8310.0,8324.6
PK0,花生,郑商所,60m,2026-07-13 10:00:00,2026-07-10 14:15:00,2,8390.0,8395.4
PK0,花生,郑商所,60m,2026-07-13 15:00:00,2026-07-13 11:15:00,2,8382.0,8385.1
PK0,花生,郑商所,60m,2026-07-22 14:15:00,2026-07-21 15:00:00,3,8230.0,8231.1
PK0,花生,郑商所,60m,2026-07-24 14:15:00,2026-07-24 11:15:00,1,8212.0,8225.8
PK0,花生,郑商所,90m,2026-03-03 10:45:00,2026-03-02 14:15:00,2,7900.0,7919.1
PK0,花生,郑商所,90m,2026-03-27 10:45:00,2026-03-26 10:45:00,3,8162.0,8207.0
PK0,花生,郑商所,90m,2026-05-06 10:45:00,2026-04-30 10:45:00,3,8406.0,8422.2
PK0,花生,郑商所,90m,2026-05-25 15:00:00,2026-05-25 14:15:00,1,8182.0,8182.2
PK0,花生,郑商所,90m,2026-05-26 14:15:00,2026-05-26 10:45:00,1,8166.0,8180.0
PK0,花生,郑商所,90m,2026-05-27 14:15:00,2026-05-27 10:45:00,1,8168.0,8173.8
PK0,花生,郑商所,90m,2026-06-01 15:00:00,2026-06-01 10:45:00,2,8166.0,8166.9
PK0,花生,郑商所,90m,2026-06-02 15:00:00,2026-06-02 14:15:00,1,8162.0,8170.0
PK0,花生,郑商所,90m,2026-06-17 15:00:00,2026-06-17 14:15:00,1,8386.0,8393.7
PK0,花生,郑商所,90m,2026-07-24 10:45:00,2026-07-23 14:15:00,2,8208.0,8229.5
PK0,花生,郑商所,daily,2026-01-09,2026-01-06,3,7958.0,7995.3
PK0,花生,郑商所,daily,2026-07-13,2026-07-10,1,8382.0,8403.3
PL0,丙烯,郑商所,120m,2026-02-04 23:00:00,2026-02-03 23:00:00,3,6288.0,6308.6
PL0,丙烯,郑商所,120m,2026-02-13 11:15:00,2026-02-12 23:00:00,1,6139.0,6215.2
PL0,丙烯,郑商所,120m,2026-03-26 15:00:00,2026-03-26 11:15:00,1,8851.0,8907.0
PL0,丙烯,郑商所,120m,2026-03-27 11:15:00,2026-03-26 23:00:00,1,8919.0,8969.1
PL0,丙烯,郑商所,120m,2026-03-30 15:00:00,2026-03-27 15:00:00,3,8944.0,9004.15
PL0,丙烯,郑商所,120m,2026-06-01 23:00:00,2026-06-01 15:00:00,1,8285.0,8321.5
PL0,丙烯,郑商所,120m,2026-06-04 11:15:00,2026-06-03 11:15:00,3,8252.0,8283.65
PL0,丙烯,郑商所,120m,2026-06-04 23:00:00,2026-06-04 15:00:00,1,8259.0,8273.45
PL0,丙烯,郑商所,120m,2026-06-05 23:00:00,2026-06-05 11:15:00,2,8275.0,8278.85
PL0,丙烯,郑商所,120m,2026-06-09 11:15:00,2026-06-08 11:15:00,3,8294.0,8330.45
PL0,丙烯,郑商所,30m,2026-04-01 09:30:00,2026-03-31 23:00:00,1,8693.0,8865.3
PL0,丙烯,郑商所,30m,2026-04-13 10:00:00,2026-04-13 09:30:00,1,8480.0,8495.25
PL0,丙烯,郑商所,30m,2026-04-17 21:30:00,2026-04-17 15:00:00,1,8055.0,8268.2
PL0,丙烯,郑商所,30m,2026-04-21 14:15:00,2026-04-21 11:15:00,2,8044.0,8047.8
PL0,丙烯,郑商所,30m,2026-04-21 15:00:00,2026-04-21 14:45:00,1,8046.0,8047.5
PL0,丙烯,郑商所,30m,2026-04-22 09:30:00,2026-04-21 22:30:00,2,7991.0,8022.0
PL0,丙烯,郑商所,30m,2026-04-23 10:00:00,2026-04-23 09:30:00,1,8021.0,8038.15
PL0,丙烯,郑商所,30m,2026-04-23 14:15:00,2026-04-23 11:15:00,2,8035.0,8042.1
PL0,丙烯,郑商所,30m,2026-05-08 22:00:00,2026-05-08 21:30:00,1,8307.0,8318.2
PL0,丙烯,郑商所,30m,2026-05-15 22:00:00,2026-05-15 21:30:00,1,8500.0,8515.75
PL0,丙烯,郑商所,30m,2026-05-19 10:00:00,2026-05-18 22:30:00,3,8620.0,8628.5
PL0,丙烯,郑商所,30m,2026-05-20 14:45:00,2026-05-20 14:15:00,1,8716.0,8727.5
PL0,丙烯,郑商所,30m,2026-05-25 09:30:00,2026-05-22 22:30:00,2,8530.0,8611.5
PL0,丙烯,郑商所,30m,2026-05-28 13:45:00,2026-05-28 11:15:00,1,8284.0,8292.45
PL0,丙烯,郑商所,30m,2026-06-09 09:30:00,2026-06-08 23:00:00,1,8313.0,8404.2
PL0,丙烯,郑商所,30m,2026-06-12 09:30:00,2026-06-11 22:30:00,2,8161.0,8259.4
PL0,丙烯,郑商所,30m,2026-06-18 09:30:00,2026-06-17 23:00:00,1,7243.0,7344.85
PL0,丙烯,郑商所,30m,2026-07-06 15:00:00,2026-07-06 13:45:00,3,6779.0,6791.7
PL0,丙烯,郑商所,30m,2026-07-16 14:45:00,2026-07-16 14:15:00,1,7678.0,7682.15
PL0,丙烯,郑商所,30m,2026-07-16 23:00:00,2026-07-16 21:30:00,3,7687.0,7699.65
PL0,丙烯,郑商所,30m,2026-07-17 11:15:00,2026-07-17 09:30:00,3,7705.0,7708.9
PL0,丙烯,郑商所,30m,2026-07-22 10:00:00,2026-07-22 09:30:00,1,7896.0,7926.15
PL0,丙烯,郑商所,60m,2026-01-13 14:15:00,2026-01-13 10:00:00,2,6001.0,6001.2
PL0,丙烯,郑商所,60m,2026-01-19 10:00:00,2026-01-16 22:00:00,2,6054.0,6083.3
PL0,丙烯,郑商所,60m,2026-02-02 10:00:00,2026-01-30 23:00:00,1,6260.0,6350.1
PL0,丙烯,郑商所,60m,2026-02-05 10:00:00,2026-02-04 23:00:00,1,6229.0,6272.05
PL0,丙烯,郑商所,60m,2026-03-10 15:00:00,2026-03-10 14:15:00,1,7473.0,7484.35
PL0,丙烯,郑商所,60m,2026-03-10 23:00:00,2026-03-10 22:00:00,1,7269.0,7507.5
PL0,丙烯,郑商所,60m,2026-03-17 11:15:00,2026-03-17 10:00:00,1,8333.0,8363.65
PL0,丙烯,郑商所,60m,2026-03-24 14:15:00,2026-03-24 10:00:00,2,8947.0,9117.5
PL0,丙烯,郑商所,60m,2026-03-31 10:00:00,2026-03-30 15:00:00,3,8818.0,8966.9
PL0,丙烯,郑商所,60m,2026-04-13 22:00:00,2026-04-13 11:15:00,3,8477.0,8501.6
PL0,丙烯,郑商所,60m,2026-04-17 10:00:00,2026-04-16 22:00:00,2,8273.0,8296.45
PL0,丙烯,郑商所,60m,2026-04-17 22:00:00,2026-04-17 15:00:00,1,8030.0,8252.75
PL0,丙烯,郑商所,60m,2026-04-22 14:15:00,2026-04-22 11:15:00,1,8054.0,8079.3
PL0,丙烯,郑商所,60m,2026-04-23 14:15:00,2026-04-23 11:15:00,1,8035.0,8039.6
PL0,丙烯,郑商所,60m,2026-05-15 15:00:00,2026-05-15 10:00:00,3,8517.0,8540.9
PL0,丙烯,郑商所,60m,2026-05-21 14:15:00,2026-05-21 11:15:00,1,8674.0,8703.75
PL0,丙烯,郑商所,60m,2026-06-02 14:15:00,2026-06-02 11:15:00,1,8216.0,8254.35
PL0,丙烯,郑商所,60m,2026-06-11 14:15:00,2026-06-11 10:00:00,2,8257.0,8299.9
PL0,丙烯,郑商所,60m,2026-06-12 10:00:00,2026-06-11 23:00:00,1,8135.0,8242.7
PL0,丙烯,郑商所,60m,2026-07-10 22:00:00,2026-07-10 15:00:00,1,7075.0,7095.1
PL0,丙烯,郑商所,60m,2026-07-22 23:00:00,2026-07-22 15:00:00,2,7941.0,7947.0
PL0,丙烯,郑商所,60m,2026-07-30 22:00:00,2026-07-30 14:15:00,2,7599.0,7686.0
PL0,丙烯,郑商所,90m,2026-01-19 10:00:00,2026-01-16 22:30:00,1,6054.0,6064.9
PL0,丙烯,郑商所,90m,2026-01-19 15:00:00,2026-01-19 13:45:00,1,6035.0,6064.25
PL0,丙烯,郑商所,90m,2026-02-02 10:00:00,2026-01-30 22:30:00,1,6260.0,6321.3
PL0,丙烯,郑商所,90m,2026-02-04 22:30:00,2026-02-04 10:00:00,3,6286.0,6312.6
PL0,丙烯,郑商所,90m,2026-03-30 15:00:00,2026-03-27 22:30:00,3,8944.0,8951.5
PL0,丙烯,郑商所,90m,2026-03-31 10:00:00,2026-03-30 22:30:00,1,8818.0,8917.45
PL0,丙烯,郑商所,90m,2026-06-05 22:30:00,2026-06-05 10:00:00,3,8284.0,8301.0
PL0,丙烯,郑商所,90m,2026-06-11 13:45:00,2026-06-11 10:00:00,1,8260.0,8301.85
PL0,丙烯,郑商所,90m,2026-07-02 10:00:00,2026-07-01 22:30:00,1,6608.0,6710.8
PL0,丙烯,郑商所,daily,2026-02-13,2026-02-10,3,6118.0,6203.6
PL0,丙烯,郑商所,daily,2026-02-27,2026-02-24,3,6202.0,6256.45
PL0,丙烯,郑商所,daily,2026-06-09,2026-06-08,1,8258.0,8444.0
PP0,聚丙烯,大商所,120m,2026-02-04 23:00:00,2026-02-04 11:15:00,2,6756.0,6783.0
PP0,聚丙烯,大商所,120m,2026-02-11 15:00:00,2026-02-10 23:00:00,2,6693.0,6697.8
PP0,聚丙烯,大商所,120m,2026-04-02 15:00:00,2026-04-02 11:15:00,1,9130.0,9138.25
PP0,聚丙烯,大商所,120m,2026-04-17 23:00:00,2026-04-16 23:00:00,3,8175.0,8406.65
PP0,聚丙烯,大商所,120m,2026-05-11 15:00:00,2026-05-11 11:15:00,1,8685.0,8701.9
PP0,聚丙烯,大商所,120m,2026-06-11 15:00:00,2026-06-11 11:15:00,1,8712.0,8739.65
PP0,聚丙烯,大商所,120m,2026-06-30 15:00:00,2026-06-30 11:15:00,1,7300.0,7310.25
PP0,聚丙烯,大商所,120m,2026-07-30 11:15:00,2026-07-29 23:00:00,1,8234.0,8286.6
PP0,聚丙烯,大商所,120m,2026-07-30 23:00:00,2026-07-30 15:00:00,1,8286.0,8288.85
PP0,聚丙烯,大商所,30m,2026-04-14 09:30:00,2026-04-13 23:00:00,1,8318.0,8397.05
PP0,聚丙烯,大商所,30m,2026-04-14 22:00:00,2026-04-14 21:30:00,1,8360.0,8405.3
PP0,聚丙烯,大商所,30m,2026-04-21 14:15:00,2026-04-21 11:15:00,2,8209.0,8209.8
PP0,聚丙烯,大商所,30m,2026-04-21 21:30:00,2026-04-21 14:45:00,2,8199.0,8207.55
PP0,聚丙烯,大商所,30m,2026-04-22 09:30:00,2026-04-21 22:30:00,2,8193.0,8197.4
PP0,聚丙烯,大商所,30m,2026-05-14 23:00:00,2026-05-14 22:30:00,1,8760.0,8763.65
PP0,聚丙烯,大商所,30m,2026-05-15 10:00:00,2026-05-15 09:30:00,1,8753.0,8764.4
PP0,聚丙烯,大商所,30m,2026-05-19 10:00:00,2026-05-18 22:30:00,3,8851.0,8858.75
PP0,聚丙烯,大商所,30m,2026-05-20 14:45:00,2026-05-20 14:15:00,1,8925.0,8948.55
PP0,聚丙烯,大商所,30m,2026-05-25 09:30:00,2026-05-22 22:00:00,3,8740.0,8819.25
PP0,聚丙烯,大商所,30m,2026-05-27 10:45:00,2026-05-27 10:00:00,1,8506.0,8523.5
PP0,聚丙烯,大商所,30m,2026-05-28 10:45:00,2026-05-28 09:30:00,2,8479.0,8486.15
PP0,聚丙烯,大商所,30m,2026-05-29 21:30:00,2026-05-29 14:15:00,3,8451.0,8471.95
PP0,聚丙烯,大商所,30m,2026-06-02 15:00:00,2026-06-02 14:15:00,2,8651.0,8658.05
PP0,聚丙烯,大商所,30m,2026-06-12 09:30:00,2026-06-11 22:30:00,2,8594.0,8698.25
PP0,聚丙烯,大商所,30m,2026-06-15 09:30:00,2026-06-12 22:00:00,3,8236.0,8627.95
PP0,聚丙烯,大商所,30m,2026-06-26 22:30:00,2026-06-26 22:00:00,1,7175.0,7177.55
PP0,聚丙烯,大商所,30m,2026-06-30 15:00:00,2026-06-30 14:45:00,1,7300.0,7302.5
PP0,聚丙烯,大商所,30m,2026-06-30 22:00:00,2026-06-30 21:30:00,1,7289.0,7311.95
PP0,聚丙烯,大商所,30m,2026-07-06 15:00:00,2026-07-06 13:45:00,3,7273.0,7287.95
PP0,聚丙烯,大商所,30m,2026-07-16 22:30:00,2026-07-16 22:00:00,1,8089.0,8089.05
PP0,聚丙烯,大商所,30m,2026-07-21 22:30:00,2026-07-21 22:00:00,1,8322.0,8328.0
PP0,聚丙烯,大商所,30m,2026-07-22 10:00:00,2026-07-22 09:30:00,1,8289.0,8305.9
PP0,聚丙烯,大商所,30m,2026-07-22 13:45:00,2026-07-22 11:15:00,1,8279.0,8287.9
PP0,聚丙烯,大商所,30m,2026-07-31 09:30:00,2026-07-30 22:00:00,3,8264.0,8276.2
PP0,聚丙烯,大商所,60m,2026-02-10 11:15:00,2026-02-10 10:00:00,1,6662.0,6662.3
PP0,聚丙烯,大商所,60m,2026-03-17 11:15:00,2026-03-17 10:00:00,1,8619.0,8660.4
PP0,聚丙烯,大商所,60m,2026-03-24 14:15:00,2026-03-24 10:00:00,2,9167.0,9277.8
PP0,聚丙烯,大商所,60m,2026-04-15 14:15:00,2026-04-15 11:15:00,1,8369.0,8376.95
PP0,聚丙烯,大商所,60m,2026-05-15 15:00:00,2026-05-15 14:15:00,1,8749.0,8770.35
PP0,聚丙烯,大商所,60m,2026-05-21 14:15:00,2026-05-21 11:15:00,1,8884.0,8924.7
PP0,聚丙烯,大商所,60m,2026-05-28 15:00:00,2026-05-28 11:15:00,2,8491.0,8504.7
PP0,聚丙烯,大商所,60m,2026-05-29 22:00:00,2026-05-29 14:15:00,2,8467.0,8480.75
PP0,聚丙烯,大商所,60m,2026-06-09 14:15:00,2026-06-09 11:15:00,1,8713.0,8756.3
PP0,聚丙烯,大商所,60m,2026-06-11 11:15:00,2026-06-11 10:00:00,1,8748.0,8749.85
PP0,聚丙烯,大商所,60m,2026-06-12 10:00:00,2026-06-11 23:00:00,1,8575.0,8697.3
PP0,聚丙烯,大商所,60m,2026-06-15 10:00:00,2026-06-12 22:00:00,2,8283.0,8649.45
PP0,聚丙烯,大商所,90m,2026-01-16 13:45:00,2026-01-16 10:00:00,1,6510.0,6555.75
PP0,聚丙烯,大商所,90m,2026-02-04 22:30:00,2026-02-04 13:45:00,2,6764.0,6792.75
PP0,聚丙烯,大商所,90m,2026-02-11 10:00:00,2026-02-10 22:30:00,1,6686.0,6687.75
PP0,聚丙烯,大商所,90m,2026-04-02 15:00:00,2026-04-02 13:45:00,1,9130.0,9185.6
PP0,聚丙烯,大商所,90m,2026-06-11 13:45:00,2026-06-11 10:00:00,1,8703.0,8734.9
PP0,聚丙烯,大商所,90m,2026-07-30 10:00:00,2026-07-29 22:30:00,1,8245.0,8264.0
PP0,聚丙烯,大商所,90m,2026-07-31 10:00:00,2026-07-30 13:45:00,3,8236.0,8238.4
PP0,聚丙烯,大商所,daily,2026-02-12,2026-02-10,2,6648.0,6669.65
PP0,聚丙烯,大商所,daily,2026-02-26,2026-02-24,2,6675.0,6708.9
PP0,聚丙烯,大商所,daily,2026-06-04,2026-06-03,1,8683.0,8700.35
PP0,聚丙烯,大商所,daily,2026-06-10,2026-06-05,3,8649.0,8712.05
PR0,瓶片,郑商所,120m,2026-01-08 14:45:00,2026-01-08 10:45:00,1,6020.0,6033.7
PR0,瓶片,郑商所,120m,2026-01-28 23:00:00,2026-01-28 10:45:00,3,6288.0,6329.3
PR0,瓶片,郑商所,120m,2026-01-29 15:00:00,2026-01-29 14:45:00,1,6326.0,6344.2
PR0,瓶片,郑商所,120m,2026-01-30 10:45:00,2026-01-29 23:00:00,1,6260.0,6345.1
PR0,瓶片,郑商所,120m,2026-03-19 14:45:00,2026-03-18 23:00:00,2,8630.0,8696.7
PR0,瓶片,郑商所,120m,2026-03-23 23:00:00,2026-03-23 14:45:00,2,8240.0,8545.4
PR0,瓶片,郑商所,120m,2026-04-01 10:45:00,2026-03-31 14:45:00,3,8122.0,8210.1
PR0,瓶片,郑商所,120m,2026-04-02 23:00:00,2026-04-02 10:45:00,3,8224.0,8229.8
PR0,瓶片,郑商所,120m,2026-05-18 14:45:00,2026-05-18 10:45:00,1,8282.0,8285.3
PR0,瓶片,郑商所,120m,2026-05-19 23:00:00,2026-05-19 14:45:00,2,8220.0,8238.7
PR0,瓶片,郑商所,120m,2026-06-10 14:45:00,2026-06-10 10:45:00,1,7546.0,7635.4
PR0,瓶片,郑商所,30m,2026-04-17 21:30:00,2026-04-17 15:00:00,1,8022.0,8188.0
PR0,瓶片,郑商所,30m,2026-04-20 10:45:00,2026-04-20 09:30:00,2,8170.0,8195.7
PR0,瓶片,郑商所,30m,2026-04-20 13:45:00,2026-04-20 11:15:00,1,8138.0,8187.5
PR0,瓶片,郑商所,30m,2026-04-20 21:30:00,2026-04-20 14:45:00,2,8110.0,8168.3
PR0,瓶片,郑商所,30m,2026-04-21 10:45:00,2026-04-21 10:00:00,1,8118.0,8150.6
PR0,瓶片,郑商所,30m,2026-04-21 13:45:00,2026-04-21 11:15:00,1,8134.0,8153.8
PR0,瓶片,郑商所,30m,2026-04-24 10:00:00,2026-04-24 09:30:00,1,8300.0,8311.3
PR0,瓶片,郑商所,30m,2026-05-12 11:15:00,2026-05-12 09:30:00,3,8324.0,8405.8
PR0,瓶片,郑商所,30m,2026-05-13 11:15:00,2026-05-13 10:45:00,1,8338.0,8365.7
PR0,瓶片,郑商所,30m,2026-05-18 21:30:00,2026-05-18 14:45:00,2,8164.0,8263.3
PR0,瓶片,郑商所,30m,2026-05-19 10:00:00,2026-05-19 09:30:00,1,8208.0,8256.8
PR0,瓶片,郑商所,30m,2026-05-19 14:15:00,2026-05-19 13:45:00,1,8250.0,8254.5
PR0,瓶片,郑商所,30m,2026-05-19 22:00:00,2026-05-19 14:45:00,3,8218.0,8245.2
PR0,瓶片,郑商所,30m,2026-05-26 10:45:00,2026-05-25 23:00:00,3,7780.0,7793.8
PR0,瓶片,郑商所,30m,2026-05-27 11:15:00,2026-05-27 10:45:00,1,7774.0,7788.2
PR0,瓶片,郑商所,30m,2026-05-29 11:15:00,2026-05-29 10:45:00,1,7910.0,7931.8
PR0,瓶片,郑商所,30m,2026-06-10 10:45:00,2026-06-10 10:00:00,1,7656.0,7658.8
PR0,瓶片,郑商所,30m,2026-06-26 10:00:00,2026-06-26 09:30:00,1,6614.0,6653.1
PR0,瓶片,郑商所,30m,2026-06-26 21:30:00,2026-06-26 14:45:00,2,6626.0,6632.5
PR0,瓶片,郑商所,30m,2026-06-26 22:30:00,2026-06-26 22:00:00,1,6634.0,6634.7
PR0,瓶片,郑商所,30m,2026-06-30 13:45:00,2026-06-30 10:45:00,2,6652.0,6667.8
PR0,瓶片,郑商所,30m,2026-06-30 22:00:00,2026-06-30 21:30:00,1,6622.0,6668.4
PR0,瓶片,郑商所,30m,2026-07-02 22:30:00,2026-07-02 22:00:00,1,6504.0,6514.8
PR0,瓶片,郑商所,30m,2026-07-10 11:15:00,2026-07-10 10:45:00,1,6844.0,6847.7
PR0,瓶片,郑商所,30m,2026-07-17 10:00:00,2026-07-16 23:00:00,2,7086.0,7110.8
PR0,瓶片,郑商所,30m,2026-07-28 14:45:00,2026-07-28 14:15:00,1,7118.0,7122.6
PR0,瓶片,郑商所,60m,2026-01-08 13:45:00,2026-01-08 09:30:00,2,6016.0,6039.2
PR0,瓶片,郑商所,60m,2026-01-09 14:45:00,2026-01-09 13:45:00,1,6034.0,6037.6
PR0,瓶片,郑商所,60m,2026-01-20 10:45:00,2026-01-20 09:30:00,1,5968.0,5980.2
PR0,瓶片,郑商所,60m,2026-01-28 22:00:00,2026-01-28 15:00:00,1,6288.0,6332.9
PR0,瓶片,郑商所,60m,2026-02-06 14:45:00,2026-02-06 10:45:00,2,6132.0,6139.4
PR0,瓶片,郑商所,60m,2026-02-26 10:45:00,2026-02-26 09:30:00,1,6194.0,6232.7
PR0,瓶片,郑商所,60m,2026-03-19 10:45:00,2026-03-18 22:00:00,3,8706.0,8784.5
PR0,瓶片,郑商所,60m,2026-03-24 14:45:00,2026-03-24 10:45:00,2,8230.0,8354.2
PR0,瓶片,郑商所,60m,2026-04-14 09:30:00,2026-04-13 22:00:00,2,7852.0,7872.7
PR0,瓶片,郑商所,60m,2026-04-20 13:45:00,2026-04-17 23:00:00,3,8138.0,8165.2
PR0,瓶片,郑商所,60m,2026-04-20 22:00:00,2026-04-20 14:45:00,2,8104.0,8176.4
PR0,瓶片,郑商所,60m,2026-05-11 22:00:00,2026-05-11 13:45:00,3,8352.0,8430.9
PR0,瓶片,郑商所,60m,2026-05-12 13:45:00,2026-05-12 09:30:00,2,8282.0,8399.2
PR0,瓶片,郑商所,60m,2026-05-13 13:45:00,2026-05-13 10:45:00,1,8330.0,8382.2
PR0,瓶片,郑商所,60m,2026-05-19 10:45:00,2026-05-18 23:00:00,2,8202.0,8229.0
PR0,瓶片,郑商所,60m,2026-05-19 22:00:00,2026-05-19 13:45:00,3,8218.0,8256.2
PR0,瓶片,郑商所,60m,2026-06-11 13:45:00,2026-06-11 09:30:00,2,7622.0,7649.9
PR0,瓶片,郑商所,60m,2026-06-12 23:00:00,2026-06-12 15:00:00,2,7630.0,7632.8
PR0,瓶片,郑商所,60m,2026-06-22 09:30:00,2026-06-18 13:45:00,3,6998.0,7042.6
PR0,瓶片,郑商所,60m,2026-06-23 13:45:00,2026-06-23 09:30:00,2,7016.0,7018.4
PR0,瓶片,郑商所,60m,2026-06-30 22:00:00,2026-06-30 15:00:00,1,6622.0,6652.7
PR0,瓶片,郑商所,60m,2026-07-03 14:45:00,2026-07-03 10:45:00,2,6532.0,6541.4
PR0,瓶片,郑商所,60m,2026-07-17 10:45:00,2026-07-17 09:30:00,1,7064.0,7125.6
PR0,瓶片,郑商所,60m,2026-07-21 13:45:00,2026-07-21 10:45:00,1,7132.0,7169.4
PR0,瓶片,郑商所,90m,2026-01-29 15:00:00,2026-01-29 14:45:00,1,6326.0,6335.5
PR0,瓶片,郑商所,90m,2026-01-30 09:30:00,2026-01-29 22:30:00,1,6314.0,6328.1
PR0,瓶片,郑商所,90m,2026-02-02 09:30:00,2026-01-30 22:30:00,1,6182.0,6289.0
PR0,瓶片,郑商所,90m,2026-02-06 22:30:00,2026-02-06 14:45:00,2,6108.0,6133.1
PR0,瓶片,郑商所,90m,2026-02-26 11:15:00,2026-02-26 09:30:00,1,6204.0,6214.6
PR0,瓶片,郑商所,90m,2026-03-19 11:15:00,2026-03-18 22:30:00,2,8624.0,8750.2
PR0,瓶片,郑商所,90m,2026-04-21 14:45:00,2026-04-21 11:15:00,1,8160.0,8164.2
PR0,瓶片,郑商所,90m,2026-04-22 09:30:00,2026-04-21 15:00:00,2,8180.0,8182.3
PR0,瓶片,郑商所,90m,2026-06-10 14:45:00,2026-06-10 11:15:00,1,7546.0,7640.5
PR0,瓶片,郑商所,90m,2026-06-15 09:30:00,2026-06-12 22:30:00,1,7232.0,7608.8
PR0,瓶片,郑商所,90m,2026-06-23 14:45:00,2026-06-23 09:30:00,2,6936.0,7017.8
PR0,瓶片,郑商所,90m,2026-06-30 14:45:00,2026-06-30 11:15:00,1,6644.0,6662.6
PR0,瓶片,郑商所,90m,2026-06-30 22:30:00,2026-06-30 15:00:00,1,6624.0,6654.5
PR0,瓶片,郑商所,90m,2026-07-03 14:45:00,2026-07-03 11:15:00,1,6532.0,6571.5
PR0,瓶片,郑商所,daily,2026-02-05,2026-02-04,1,6114.0,6162.8
PR0,瓶片,郑商所,daily,2026-02-12,2026-02-10,2,6156.0,6186.6
PR0,瓶片,郑商所,daily,2026-02-26,2026-02-24,2,6174.0,6223.5
PR0,瓶片,郑商所,daily,2026-04-08,2026-04-02,3,7870.0,8328.4
PS0,多晶硅,广期所,120m,2026-01-07 15:00:00,2026-01-06 11:15:00,3,58300.0,58585.75
PS0,多晶硅,广期所,120m,2026-02-04 11:15:00,2026-02-03 15:00:00,1,49560.0,49846.75
PS0,多晶硅,广期所,120m,2026-02-05 15:00:00,2026-02-04 15:00:00,2,49550.0,49846.0
PS0,多晶硅,广期所,120m,2026-02-06 15:00:00,2026-02-06 11:15:00,1,49285.0,49768.5
PS0,多晶硅,广期所,120m,2026-03-13 15:00:00,2026-03-13 11:15:00,1,42040.0,42845.5
PS0,多晶硅,广期所,120m,2026-05-07 15:00:00,2026-05-07 11:15:00,1,40430.0,40820.5
PS0,多晶硅,广期所,120m,2026-05-21 15:00:00,2026-05-20 15:00:00,2,37080.0,37556.25
PS0,多晶硅,广期所,120m,2026-06-18 11:15:00,2026-06-17 15:00:00,1,35900.0,36125.25
PS0,多晶硅,广期所,120m,2026-06-25 11:15:00,2026-06-24 15:00:00,1,36360.0,36521.75
PS0,多晶硅,广期所,120m,2026-07-02 15:00:00,2026-07-01 11:15:00,3,35545.0,35680.0
PS0,多晶硅,广期所,30m,2026-02-05 15:00:00,2026-02-05 14:45:00,1,49550.0,49943.75
PS0,多晶硅,广期所,30m,2026-02-12 09:30:00,2026-02-11 14:45:00,2,48355.0,48920.5
PS0,多晶硅,广期所,30m,2026-03-02 09:30:00,2026-02-27 15:00:00,1,45000.0,46333.0
PS0,多晶硅,广期所,30m,2026-03-05 10:00:00,2026-03-05 09:30:00,1,42815.0,43348.0
PS0,多晶硅,广期所,30m,2026-03-05 13:45:00,2026-03-05 11:15:00,1,42755.0,43091.25
PS0,多晶硅,广期所,30m,2026-03-10 14:15:00,2026-03-10 13:45:00,1,42450.0,42457.5
PS0,多晶硅,广期所,30m,2026-03-10 15:00:00,2026-03-10 14:45:00,1,42450.0,42580.5
PS0,多晶硅,广期所,30m,2026-03-11 10:45:00,2026-03-11 09:30:00,2,42745.0,42776.25
PS0,多晶硅,广期所,30m,2026-03-11 15:00:00,2026-03-11 14:15:00,2,42590.0,42729.25
PS0,多晶硅,广期所,30m,2026-03-17 10:00:00,2026-03-17 09:30:00,1,42250.0,42626.0
PS0,多晶硅,广期所,30m,2026-03-25 11:15:00,2026-03-25 10:00:00,2,36360.0,36397.25
PS0,多晶硅,广期所,30m,2026-03-26 13:45:00,2026-03-26 10:00:00,3,35805.0,36089.0
PS0,多晶硅,广期所,30m,2026-04-02 11:15:00,2026-04-02 10:45:00,1,35340.0,35443.5
PS0,多晶硅,广期所,30m,2026-04-15 14:15:00,2026-04-15 13:45:00,1,34435.0,34516.5
PS0,多晶硅,广期所,30m,2026-04-29 11:15:00,2026-04-29 09:30:00,3,39150.0,39204.0
PS0,多晶硅,广期所,30m,2026-05-14 11:15:00,2026-05-14 09:30:00,3,36920.0,37102.75
PS0,多晶硅,广期所,30m,2026-05-15 13:45:00,2026-05-15 11:15:00,1,37285.0,37333.25
PS0,多晶硅,广期所,30m,2026-05-25 10:00:00,2026-05-25 09:30:00,1,37555.0,37646.25
PS0,多晶硅,广期所,30m,2026-05-29 11:15:00,2026-05-29 09:30:00,3,36870.0,36928.0
PS0,多晶硅,广期所,30m,2026-05-29 14:15:00,2026-05-29 13:45:00,1,36685.0,36882.5
PS0,多晶硅,广期所,30m,2026-06-18 09:30:00,2026-06-17 15:00:00,1,36005.0,36269.0
PS0,多晶硅,广期所,30m,2026-06-18 10:45:00,2026-06-18 10:00:00,1,35955.0,36065.5
PS0,多晶硅,广期所,30m,2026-06-18 15:00:00,2026-06-18 14:45:00,1,35840.0,35870.25
PS0,多晶硅,广期所,30m,2026-06-22 10:45:00,2026-06-22 09:30:00,2,35750.0,35851.25
PS0,多晶硅,广期所,30m,2026-06-23 15:00:00,2026-06-23 13:45:00,3,35800.0,35932.25
PS0,多晶硅,广期所,30m,2026-06-24 10:00:00,2026-06-24 09:30:00,1,35890.0,35948.75
PS0,多晶硅,广期所,30m,2026-06-29 15:00:00,2026-06-29 14:45:00,1,35215.0,35225.0
PS0,多晶硅,广期所,30m,2026-07-03 14:15:00,2026-07-03 13:45:00,1,35905.0,35914.75
PS0,多晶硅,广期所,30m,2026-07-03 15:00:00,2026-07-03 14:45:00,1,35760.0,35944.25
PS0,多晶硅,广期所,30m,2026-07-06 10:45:00,2026-07-06 10:00:00,1,35870.0,35880.75
PS0,多晶硅,广期所,30m,2026-07-14 10:45:00,2026-07-14 10:00:00,1,36130.0,36268.5
PS0,多晶硅,广期所,30m,2026-07-21 15:00:00,2026-07-21 14:15:00,2,33760.0,33897.5
PS0,多晶硅,广期所,30m,2026-07-27 15:00:00,2026-07-27 14:45:00,1,33640.0,33659.0
PS0,多晶硅,广期所,30m,2026-07-31 11:15:00,2026-07-31 09:30:00,3,32635.0,32710.75
PS0,多晶硅,广期所,60m,2026-02-24 10:00:00,2026-02-13 14:15:00,2,48900.0,49048.25
PS0,多晶硅,广期所,60m,2026-03-09 14:15:00,2026-03-09 10:00:00,2,42555.0,42752.0
PS0,多晶硅,广期所,60m,2026-03-10 11:15:00,2026-03-09 15:00:00,2,42220.0,42464.75
PS0,多晶硅,广期所,60m,2026-05-19 15:00:00,2026-05-19 10:00:00,3,37115.0,37189.5
PS0,多晶硅,广期所,60m,2026-06-03 14:15:00,2026-06-03 11:15:00,1,36850.0,37264.0
PS0,多晶硅,广期所,60m,2026-07-23 14:15:00,2026-07-23 10:00:00,2,34040.0,34112.0
PS0,多晶硅,广期所,90m,2026-02-24 10:45:00,2026-02-13 15:00:00,1,48690.0,49218.5
PS0,多晶硅,广期所,90m,2026-03-09 14:15:00,2026-03-09 10:45:00,1,42555.0,43486.0
PS0,多晶硅,广期所,90m,2026-03-31 10:45:00,2026-03-30 14:15:00,2,35840.0,36116.25
PS0,多晶硅,广期所,90m,2026-05-19 14:15:00,2026-05-19 10:45:00,1,37205.0,37332.0
PS0,多晶硅,广期所,90m,2026-06-16 15:00:00,2026-06-16 14:15:00,1,35420.0,36219.5
PS0,多晶硅,广期所,90m,2026-06-18 10:45:00,2026-06-17 15:00:00,1,35955.0,36436.0
PS0,多晶硅,广期所,daily,2026-02-05,2026-02-04,1,49550.0,49925.5
PS0,多晶硅,广期所,daily,2026-06-02,2026-06-01,1,37510.0,37634.25
PS0,多晶硅,广期所,daily,2026-06-16,2026-06-11,3,35420.0,36808.0
PS0,多晶硅,广期所,daily,2026-06-25,2026-06-24,1,35635.0,36398.0
PS0,多晶硅,广期所,daily,2026-07-08,2026-07-07,1,35475.0,36036.75
PS0,多晶硅,广期所,daily,2026-07-15,2026-07-10,3,35160.0,35772.0
PT0,铂,广期所,120m,2026-01-06 15:00:00,2026-01-06 11:15:00,1,616.8,620.7175
PT0,铂,广期所,120m,2026-03-17 15:00:00,2026-03-17 11:15:00,1,552.7,556.265
PT0,铂,广期所,120m,2026-04-02 15:00:00,2026-04-01 11:15:00,3,486.9,494.265
PT0,铂,广期所,120m,2026-04-23 11:15:00,2026-04-22 15:00:00,1,512.7,525.29
PT0,铂,广期所,120m,2026-06-03 11:15:00,2026-06-02 15:00:00,1,477.2,480.86
PT0,铂,广期所,120m,2026-06-18 11:15:00,2026-06-17 11:15:00,2,432.8,436.7275
PT0,铂,广期所,120m,2026-07-13 11:15:00,2026-07-09 15:00:00,3,394.4,400.1975
PT0,铂,广期所,120m,2026-07-28 11:15:00,2026-07-27 15:00:00,1,398.75,403.765
PT0,铂,广期所,30m,2026-03-09 14:45:00,2026-03-09 13:45:00,2,553.35,555.4325
PT0,铂,广期所,30m,2026-03-18 14:45:00,2026-03-18 13:45:00,2,546.65,546.9275
PT0,铂,广期所,30m,2026-03-19 09:30:00,2026-03-18 15:00:00,1,527.2,547.6475
PT0,铂,广期所,30m,2026-03-30 09:30:00,2026-03-27 15:00:00,1,488.05,491.915
PT0,铂,广期所,30m,2026-04-28 09:30:00,2026-04-27 14:15:00,3,500.85,506.2975
PT0,铂,广期所,30m,2026-05-21 14:45:00,2026-05-21 14:15:00,1,484.9,484.9575
PT0,铂,广期所,30m,2026-05-29 10:00:00,2026-05-29 09:30:00,1,474.15,474.28
PT0,铂,广期所,30m,2026-06-16 13:45:00,2026-06-16 11:15:00,1,434.2,435.625
PT0,铂,广期所,30m,2026-06-25 09:30:00,2026-06-24 14:15:00,3,391.25,408.4375
PT0,铂,广期所,30m,2026-07-14 15:00:00,2026-07-14 14:45:00,1,398.45,398.5625
PT0,铂,广期所,30m,2026-07-27 10:45:00,2026-07-27 10:00:00,1,402.9,403.2775
PT0,铂,广期所,30m,2026-07-30 10:45:00,2026-07-30 09:30:00,2,396.35,398.1575
PT0,铂,广期所,60m,2026-01-13 15:00:00,2026-01-13 11:15:00,2,605.05,605.3325
PT0,铂,广期所,60m,2026-01-16 11:15:00,2026-01-16 10:00:00,1,613.25,617.0025
PT0,铂,广期所,60m,2026-03-13 10:00:00,2026-03-12 14:15:00,2,558.1,560.6675
PT0,铂,广期所,60m,2026-03-17 14:15:00,2026-03-17 10:00:00,2,553.1,554.11
PT0,铂,广期所,60m,2026-04-17 14:15:00,2026-04-17 11:15:00,1,526.4,528.3225
PT0,铂,广期所,60m,2026-04-20 11:15:00,2026-04-20 10:00:00,1,529.7,529.995
PT0,铂,广期所,60m,2026-06-29 14:15:00,2026-06-29 11:15:00,1,399.55,400.5
PT0,铂,广期所,60m,2026-06-30 10:00:00,2026-06-29 15:00:00,1,388.3,398.5125
PT0,铂,广期所,60m,2026-07-13 10:00:00,2026-07-10 11:15:00,3,399.95,403.185
PT0,铂,广期所,60m,2026-07-27 11:15:00,2026-07-27 10:00:00,1,402.8,404.08
PT0,铂,广期所,60m,2026-07-28 10:00:00,2026-07-27 14:15:00,2,397.9,405.3375
PT0,铂,广期所,90m,2026-01-07 14:15:00,2026-01-07 10:45:00,1,601.85,615.82
PT0,铂,广期所,90m,2026-01-16 14:15:00,2026-01-15 15:00:00,2,607.1,609.8425
PT0,铂,广期所,90m,2026-01-19 14:15:00,2026-01-19 10:45:00,1,613.65,614.4125
PT0,铂,广期所,90m,2026-03-12 10:45:00,2026-03-11 10:45:00,3,561.65,561.6725
PT0,铂,广期所,90m,2026-03-13 10:45:00,2026-03-12 14:15:00,2,557.05,561.3475
PT0,铂,广期所,90m,2026-03-17 14:15:00,2026-03-17 10:45:00,1,553.1,555.1325
PT0,铂,广期所,90m,2026-05-26 10:45:00,2026-05-25 14:15:00,2,487.75,488.49
PT0,铂,广期所,90m,2026-06-03 10:45:00,2026-06-02 14:15:00,2,474.85,478.12
PT0,铂,广期所,90m,2026-06-04 10:45:00,2026-06-03 15:00:00,1,465.0,475.76
PT0,铂,广期所,90m,2026-07-13 10:45:00,2026-07-10 10:45:00,3,397.55,404.5275
PT0,铂,广期所,90m,2026-07-28 10:45:00,2026-07-27 10:45:00,3,397.55,402.875
PT0,铂,广期所,daily,2026-03-03,2026-02-27,2,570.3,588.335
PT0,铂,广期所,daily,2026-03-13,2026-03-11,2,541.6,561.3975
PT0,铂,广期所,daily,2026-05-08,2026-05-07,1,514.05,515.0925
PT0,铂,广期所,daily,2026-05-15,2026-05-12,3,499.05,514.9075
PT0,铂,广期所,daily,2026-07-17,2026-07-15,2,394.05,401.6375
PT0,铂,广期所,daily,2026-07-24,2026-07-21,3,395.15,401.6375
PT0,铂,广期所,daily,2026-07-28,2026-07-27,1,398.3,402.2525
PX0,对二甲苯,郑商所,120m,2026-01-07 11:15:00,2026-01-06 11:15:00,3,7288.0,7335.9
PX0,对二甲苯,郑商所,120m,2026-01-12 23:00:00,2026-01-09 23:00:00,3,7228.0,7270.4
PX0,对二甲苯,郑商所,120m,2026-01-15 11:15:00,2026-01-14 23:00:00,1,7196.0,7273.3
PX0,对二甲苯,郑商所,120m,2026-03-23 23:00:00,2026-03-23 11:15:00,2,9682.0,9988.1
PX0,对二甲苯,郑商所,120m,2026-03-24 15:00:00,2026-03-24 11:15:00,1,9708.0,9951.9
PX0,对二甲苯,郑商所,120m,2026-04-01 11:15:00,2026-03-31 23:00:00,1,9628.0,9712.8
PX0,对二甲苯,郑商所,120m,2026-04-02 23:00:00,2026-04-02 11:15:00,2,9392.0,9671.4
PX0,对二甲苯,郑商所,120m,2026-04-14 23:00:00,2026-04-14 15:00:00,1,8922.0,9287.6
PX0,对二甲苯,郑商所,120m,2026-04-17 15:00:00,2026-04-16 23:00:00,2,9074.0,9090.1
PX0,对二甲苯,郑商所,120m,2026-04-22 15:00:00,2026-04-22 11:15:00,1,9000.0,9051.4
PX0,对二甲苯,郑商所,120m,2026-05-19 23:00:00,2026-05-19 15:00:00,1,9092.0,9109.4
PX0,对二甲苯,郑商所,120m,2026-05-20 15:00:00,2026-05-20 11:15:00,1,9086.0,9102.6
PX0,对二甲苯,郑商所,120m,2026-05-21 15:00:00,2026-05-21 11:15:00,1,9070.0,9091.0
PX0,对二甲苯,郑商所,120m,2026-06-10 15:00:00,2026-06-10 11:15:00,1,8786.0,8809.3
PX0,对二甲苯,郑商所,120m,2026-07-31 11:15:00,2026-07-30 15:00:00,2,8170.0,8179.8
PX0,对二甲苯,郑商所,30m,2026-04-01 09:30:00,2026-03-31 23:00:00,1,9668.0,9775.0
PX0,对二甲苯,郑商所,30m,2026-04-07 23:00:00,2026-04-07 22:00:00,2,9846.0,9884.3
PX0,对二甲苯,郑商所,30m,2026-04-13 10:00:00,2026-04-13 09:30:00,1,9024.0,9036.1
PX0,对二甲苯,郑商所,30m,2026-04-15 11:15:00,2026-04-15 10:45:00,1,9120.0,9128.0
PX0,对二甲苯,郑商所,30m,2026-04-16 09:30:00,2026-04-15 23:00:00,1,9044.0,9068.6
PX0,对二甲苯,郑商所,30m,2026-04-16 11:15:00,2026-04-16 10:00:00,2,9020.0,9025.7
PX0,对二甲苯,郑商所,30m,2026-04-16 21:30:00,2026-04-16 14:45:00,2,9060.0,9063.8
PX0,对二甲苯,郑商所,30m,2026-04-17 15:00:00,2026-04-17 14:45:00,1,9074.0,9076.5
PX0,对二甲苯,郑商所,30m,2026-04-20 10:00:00,2026-04-20 09:30:00,1,8996.0,9048.4
PX0,对二甲苯,郑商所,30m,2026-04-21 14:15:00,2026-04-21 11:15:00,2,8910.0,8917.0
PX0,对二甲苯,郑商所,30m,2026-04-24 22:00:00,2026-04-24 21:30:00,1,9180.0,9201.5
PX0,对二甲苯,郑商所,30m,2026-04-29 22:30:00,2026-04-29 21:30:00,2,9598.0,9603.6
PX0,对二甲苯,郑商所,30m,2026-04-30 14:15:00,2026-04-30 11:15:00,2,9598.0,9604.0
PX0,对二甲苯,郑商所,30m,2026-05-06 21:30:00,2026-05-06 14:45:00,2,9446.0,9601.8
PX0,对二甲苯,郑商所,30m,2026-05-19 22:00:00,2026-05-19 21:30:00,1,9094.0,9165.2
PX0,对二甲苯,郑商所,30m,2026-05-20 10:00:00,2026-05-20 09:30:00,1,9102.0,9126.7
PX0,对二甲苯,郑商所,30m,2026-05-20 13:45:00,2026-05-20 11:15:00,1,9082.0,9112.6
PX0,对二甲苯,郑商所,30m,2026-05-20 14:45:00,2026-05-20 14:15:00,1,9086.0,9116.6
PX0,对二甲苯,郑商所,30m,2026-05-21 14:15:00,2026-05-21 11:15:00,2,9052.0,9087.0
PX0,对二甲苯,郑商所,30m,2026-05-27 10:45:00,2026-05-27 10:00:00,1,8466.0,8475.9
PX0,对二甲苯,郑商所,30m,2026-06-10 13:45:00,2026-06-10 10:00:00,3,8762.0,8790.8
PX0,对二甲苯,郑商所,30m,2026-06-23 10:00:00,2026-06-23 09:30:00,1,8036.0,8056.9
PX0,对二甲苯,郑商所,30m,2026-06-23 11:15:00,2026-06-23 10:45:00,1,8030.0,8052.6
PX0,对二甲苯,郑商所,30m,2026-07-03 09:30:00,2026-07-02 23:00:00,1,7430.0,7432.5
PX0,对二甲苯,郑商所,30m,2026-07-16 10:45:00,2026-07-16 09:30:00,2,8122.0,8123.9
PX0,对二甲苯,郑商所,30m,2026-07-16 13:45:00,2026-07-16 11:15:00,1,8106.0,8117.2
PX0,对二甲苯,郑商所,30m,2026-07-31 15:00:00,2026-07-31 14:15:00,2,8162.0,8162.9
PX0,对二甲苯,郑商所,60m,2026-01-07 15:00:00,2026-01-07 14:15:00,1,7286.0,7291.0
PX0,对二甲苯,郑商所,60m,2026-01-08 11:15:00,2026-01-08 10:00:00,1,7192.0,7283.5
PX0,对二甲苯,郑商所,60m,2026-01-15 10:00:00,2026-01-14 22:00:00,2,7242.0,7301.6
PX0,对二甲苯,郑商所,60m,2026-01-28 22:00:00,2026-01-28 11:15:00,3,7446.0,7492.9
PX0,对二甲苯,郑商所,60m,2026-02-06 10:00:00,2026-02-05 23:00:00,1,7190.0,7233.8
PX0,对二甲苯,郑商所,60m,2026-02-06 22:00:00,2026-02-06 11:15:00,3,7192.0,7241.1
PX0,对二甲苯,郑商所,60m,2026-02-27 23:00:00,2026-02-27 22:00:00,1,7406.0,7409.0
PX0,对二甲苯,郑商所,60m,2026-03-10 23:00:00,2026-03-10 14:15:00,3,8704.0,8825.8
PX0,对二甲苯,郑商所,60m,2026-03-17 23:00:00,2026-03-17 22:00:00,1,10070.0,10093.5
PX0,对二甲苯,郑商所,60m,2026-03-18 11:15:00,2026-03-18 10:00:00,1,9952.0,10074.1
PX0,对二甲苯,郑商所,60m,2026-03-19 11:15:00,2026-03-18 22:00:00,3,9938.0,10055.2
PX0,对二甲苯,郑商所,60m,2026-03-24 14:15:00,2026-03-24 11:15:00,1,9784.0,9897.7
PX0,对二甲苯,郑商所,60m,2026-04-01 10:00:00,2026-03-31 23:00:00,1,9702.0,9819.9
PX0,对二甲苯,郑商所,60m,2026-04-13 15:00:00,2026-04-13 14:15:00,1,9014.0,9042.6
PX0,对二甲苯,郑商所,60m,2026-04-15 14:15:00,2026-04-15 11:15:00,1,9038.0,9049.8
PX0,对二甲苯,郑商所,60m,2026-04-17 10:00:00,2026-04-16 23:00:00,1,9100.0,9100.9
PX0,对二甲苯,郑商所,60m,2026-04-17 14:15:00,2026-04-17 11:15:00,1,9060.0,9094.6
PX0,对二甲苯,郑商所,60m,2026-05-11 22:00:00,2026-05-11 14:15:00,2,9078.0,9155.8
PX0,对二甲苯,郑商所,60m,2026-05-21 14:15:00,2026-05-21 11:15:00,1,9052.0,9119.8
PX0,对二甲苯,郑商所,60m,2026-06-05 14:15:00,2026-06-05 11:15:00,1,8764.0,8783.4
PX0,对二甲苯,郑商所,60m,2026-06-10 14:15:00,2026-06-10 10:00:00,2,8776.0,8821.8
PX0,对二甲苯,郑商所,60m,2026-06-11 14:15:00,2026-06-10 23:00:00,3,8814.0,8839.2
PX0,对二甲苯,郑商所,60m,2026-06-12 10:00:00,2026-06-11 22:00:00,2,8732.0,8816.3
PX0,对二甲苯,郑商所,60m,2026-06-22 10:00:00,2026-06-18 15:00:00,1,8056.0,8084.2
PX0,对二甲苯,郑商所,90m,2026-01-08 13:45:00,2026-01-08 10:00:00,1,7200.0,7285.4
PX0,对二甲苯,郑商所,90m,2026-01-09 15:00:00,2026-01-09 13:45:00,1,7238.0,7261.5
PX0,对二甲苯,郑商所,90m,2026-01-15 10:00:00,2026-01-14 22:30:00,1,7242.0,7269.7
PX0,对二甲苯,郑商所,90m,2026-01-28 22:30:00,2026-01-28 13:45:00,2,7436.0,7484.3
PX0,对二甲苯,郑商所,90m,2026-01-29 15:00:00,2026-01-29 13:45:00,1,7482.0,7494.2
PX0,对二甲苯,郑商所,90m,2026-01-30 10:00:00,2026-01-29 22:30:00,1,7470.0,7498.2
PX0,对二甲苯,郑商所,90m,2026-02-02 10:00:00,2026-01-30 22:30:00,1,7322.0,7466.4
PX0,对二甲苯,郑商所,90m,2026-02-06 22:30:00,2026-02-06 13:45:00,2,7204.0,7240.5
PX0,对二甲苯,郑商所,90m,2026-02-09 22:30:00,2026-02-09 10:00:00,3,7248.0,7250.1
PX0,对二甲苯,郑商所,90m,2026-03-19 13:45:00,2026-03-18 22:30:00,2,9984.0,10113.2
PX0,对二甲苯,郑商所,90m,2026-03-23 22:30:00,2026-03-23 10:00:00,3,9758.0,9984.0
PX0,对二甲苯,郑商所,90m,2026-03-24 15:00:00,2026-03-24 13:45:00,1,9708.0,9969.7
PX0,对二甲苯,郑商所,90m,2026-03-26 22:30:00,2026-03-26 15:00:00,1,9728.0,9748.7
PX0,对二甲苯,郑商所,90m,2026-04-01 10:00:00,2026-03-31 15:00:00,2,9702.0,9734.2
PX0,对二甲苯,郑商所,90m,2026-04-02 15:00:00,2026-04-02 13:45:00,1,9720.0,9729.6
PX0,对二甲苯,郑商所,90m,2026-04-14 22:30:00,2026-04-14 13:45:00,2,8880.0,9085.2
PX0,对二甲苯,郑商所,90m,2026-04-15 15:00:00,2026-04-15 13:45:00,1,9068.0,9082.3
PX0,对二甲苯,郑商所,90m,2026-04-16 13:45:00,2026-04-16 10:00:00,1,9032.0,9075.2
PX0,对二甲苯,郑商所,90m,2026-04-17 13:45:00,2026-04-16 22:30:00,2,9072.0,9073.0
PX0,对二甲苯,郑商所,90m,2026-04-22 15:00:00,2026-04-22 10:00:00,2,9000.0,9004.9
PX0,对二甲苯,郑商所,90m,2026-05-19 22:30:00,2026-05-19 13:45:00,2,9078.0,9094.7
PX0,对二甲苯,郑商所,90m,2026-05-20 13:45:00,2026-05-20 10:00:00,1,9082.0,9095.9
PX0,对二甲苯,郑商所,90m,2026-05-21 15:00:00,2026-05-21 13:45:00,1,9070.0,9117.4
PX0,对二甲苯,郑商所,90m,2026-06-05 22:30:00,2026-06-05 13:45:00,2,8760.0,8766.6
PX0,对二甲苯,郑商所,90m,2026-06-10 13:45:00,2026-06-10 10:00:00,1,8762.0,8799.2
PX0,对二甲苯,郑商所,90m,2026-06-11 13:45:00,2026-06-10 22:30:00,2,8774.0,8801.3
PX0,对二甲苯,郑商所,90m,2026-06-12 10:00:00,2026-06-11 15:00:00,2,8732.0,8818.0
PX0,对二甲苯,郑商所,90m,2026-07-01 10:00:00,2026-06-30 13:45:00,3,7570.0,7637.8
PX0,对二甲苯,郑商所,90m,2026-07-06 15:00:00,2026-07-06 10:00:00,2,7530.0,7537.6
PX0,对二甲苯,郑商所,daily,2026-02-12,2026-02-11,1,7312.0,7330.2
PX0,对二甲苯,郑商所,daily,2026-04-08,2026-04-02,3,9010.0,9803.3
PX0,对二甲苯,郑商所,daily,2026-05-12,2026-05-11,1,9192.0,9205.1
PX0,对二甲苯,郑商所,daily,2026-05-19,2026-05-18,1,9132.0,9205.2
PX0,对二甲苯,郑商所,daily,2026-06-09,2026-06-08,1,8692.0,8829.0
PX0,对二甲苯,郑商所,daily,2026-06-12,2026-06-11,1,8770.0,8794.7
RB0,螺纹钢,上期所,120m,2026-01-16 23:00:00,2026-01-16 11:15:00,2,3155.0,3159.25
RB0,螺纹钢,上期所,120m,2026-03-19 23:00:00,2026-03-19 15:00:00,1,3132.0,3136.05
RB0,螺纹钢,上期所,120m,2026-03-31 11:15:00,2026-03-30 11:15:00,3,3126.0,3136.4
RB0,螺纹钢,上期所,120m,2026-04-03 15:00:00,2026-04-02 23:00:00,2,3124.0,3124.1
RB0,螺纹钢,上期所,120m,2026-05-25 23:00:00,2026-05-25 11:15:00,2,3188.0,3194.4
RB0,螺纹钢,上期所,120m,2026-06-08 11:15:00,2026-06-05 23:00:00,1,3160.0,3168.3
RB0,螺纹钢,上期所,120m,2026-06-11 11:15:00,2026-06-10 15:00:00,2,3156.0,3163.25
RB0,螺纹钢,上期所,120m,2026-07-07 11:15:00,2026-07-06 23:00:00,1,3073.0,3075.3
RB0,螺纹钢,上期所,120m,2026-07-23 15:00:00,2026-07-23 11:15:00,1,3085.0,3101.3
RB0,螺纹钢,上期所,30m,2026-04-07 11:15:00,2026-04-07 10:00:00,2,3117.0,3121.6
RB0,螺纹钢,上期所,30m,2026-04-17 23:00:00,2026-04-17 22:30:00,1,3129.0,3130.35
RB0,螺纹钢,上期所,30m,2026-05-11 23:00:00,2026-05-11 22:30:00,1,3276.0,3278.4
RB0,螺纹钢,上期所,30m,2026-05-14 14:15:00,2026-05-14 13:45:00,1,3248.0,3250.05
RB0,螺纹钢,上期所,30m,2026-05-28 22:30:00,2026-05-28 21:30:00,2,3150.0,3150.6
RB0,螺纹钢,上期所,30m,2026-06-02 14:45:00,2026-06-02 11:15:00,3,3175.0,3176.5
RB0,螺纹钢,上期所,30m,2026-06-02 21:30:00,2026-06-02 15:00:00,1,3176.0,3177.55
RB0,螺纹钢,上期所,30m,2026-06-03 09:30:00,2026-06-02 22:30:00,2,3176.0,3178.05
RB0,螺纹钢,上期所,30m,2026-06-03 22:30:00,2026-06-03 21:30:00,2,3175.0,3176.15
RB0,螺纹钢,上期所,30m,2026-06-15 22:30:00,2026-06-15 22:00:00,1,3180.0,3182.95
RB0,螺纹钢,上期所,30m,2026-06-16 10:00:00,2026-06-16 09:30:00,1,3176.0,3183.4
RB0,螺纹钢,上期所,30m,2026-06-24 10:00:00,2026-06-23 22:30:00,3,3113.0,3114.9
RB0,螺纹钢,上期所,30m,2026-06-24 14:45:00,2026-06-24 13:45:00,2,3110.0,3112.4
RB0,螺纹钢,上期所,30m,2026-06-24 23:00:00,2026-06-24 22:00:00,2,3110.0,3112.55
RB0,螺纹钢,上期所,30m,2026-06-25 13:45:00,2026-06-25 10:00:00,3,3102.0,3112.8
RB0,螺纹钢,上期所,30m,2026-06-29 21:30:00,2026-06-29 14:15:00,3,3084.0,3088.1
RB0,螺纹钢,上期所,30m,2026-06-30 21:30:00,2026-06-30 14:45:00,2,3083.0,3084.8
RB0,螺纹钢,上期所,30m,2026-07-01 23:00:00,2026-07-01 21:30:00,3,3076.0,3076.35
RB0,螺纹钢,上期所,30m,2026-07-02 14:45:00,2026-07-02 14:15:00,1,3069.0,3071.4
RB0,螺纹钢,上期所,30m,2026-07-03 11:15:00,2026-07-03 10:00:00,2,3063.0,3069.2
RB0,螺纹钢,上期所,30m,2026-07-09 21:30:00,2026-07-09 14:15:00,3,3085.0,3091.15
RB0,螺纹钢,上期所,30m,2026-07-10 14:15:00,2026-07-10 11:15:00,2,3085.0,3087.8
RB0,螺纹钢,上期所,30m,2026-07-16 14:15:00,2026-07-16 11:15:00,2,3106.0,3111.1
RB0,螺纹钢,上期所,30m,2026-07-21 22:00:00,2026-07-21 14:45:00,3,3088.0,3088.55
RB0,螺纹钢,上期所,30m,2026-07-22 09:30:00,2026-07-21 22:30:00,2,3083.0,3086.1
RB0,螺纹钢,上期所,30m,2026-07-22 15:00:00,2026-07-22 14:45:00,1,3083.0,3083.55
RB0,螺纹钢,上期所,30m,2026-07-27 09:30:00,2026-07-24 22:00:00,3,3077.0,3077.1
RB0,螺纹钢,上期所,30m,2026-07-27 21:30:00,2026-07-27 14:45:00,2,3070.0,3077.0
RB0,螺纹钢,上期所,60m,2026-01-15 11:15:00,2026-01-14 23:00:00,2,3161.0,3163.25
RB0,螺纹钢,上期所,60m,2026-01-15 23:00:00,2026-01-15 22:00:00,1,3160.0,3162.65
RB0,螺纹钢,上期所,60m,2026-01-16 14:15:00,2026-01-16 10:00:00,2,3163.0,3165.0
RB0,螺纹钢,上期所,60m,2026-01-22 11:15:00,2026-01-22 10:00:00,1,3123.0,3125.8
RB0,螺纹钢,上期所,60m,2026-01-27 10:00:00,2026-01-26 23:00:00,1,3130.0,3136.9
RB0,螺纹钢,上期所,60m,2026-02-04 14:15:00,2026-02-04 11:15:00,1,3107.0,3113.25
RB0,螺纹钢,上期所,60m,2026-02-13 10:00:00,2026-02-12 22:00:00,2,3055.0,3055.5
RB0,螺纹钢,上期所,60m,2026-02-13 15:00:00,2026-02-13 11:15:00,2,3055.0,3055.6
RB0,螺纹钢,上期所,60m,2026-03-02 23:00:00,2026-03-02 14:15:00,3,3059.0,3063.95
RB0,螺纹钢,上期所,60m,2026-03-03 14:15:00,2026-03-03 11:15:00,1,3059.0,3062.75
RB0,螺纹钢,上期所,60m,2026-04-01 14:15:00,2026-04-01 10:00:00,2,3126.0,3129.05
RB0,螺纹钢,上期所,60m,2026-04-13 15:00:00,2026-04-13 14:15:00,1,3100.0,3100.05
RB0,螺纹钢,上期所,60m,2026-04-27 22:00:00,2026-04-27 15:00:00,1,3187.0,3190.25
RB0,螺纹钢,上期所,60m,2026-06-03 23:00:00,2026-06-03 22:00:00,1,3173.0,3175.6
RB0,螺纹钢,上期所,60m,2026-06-08 10:00:00,2026-06-05 22:00:00,2,3157.0,3167.05
RB0,螺纹钢,上期所,60m,2026-06-30 22:00:00,2026-06-30 15:00:00,1,3080.0,3086.65
RB0,螺纹钢,上期所,60m,2026-07-23 14:15:00,2026-07-23 10:00:00,2,3082.0,3087.85
RB0,螺纹钢,上期所,60m,2026-07-27 11:15:00,2026-07-24 23:00:00,2,3081.0,3082.3
RB0,螺纹钢,上期所,60m,2026-07-29 11:15:00,2026-07-29 10:00:00,1,3070.0,3071.35
RB0,螺纹钢,上期所,90m,2026-01-13 15:00:00,2026-01-13 10:00:00,2,3158.0,3160.6
RB0,螺纹钢,上期所,90m,2026-02-13 15:00:00,2026-02-13 13:45:00,1,3055.0,3058.2
RB0,螺纹钢,上期所,90m,2026-03-18 22:30:00,2026-03-18 15:00:00,1,3133.0,3140.2
RB0,螺纹钢,上期所,90m,2026-04-01 15:00:00,2026-04-01 10:00:00,2,3120.0,3128.0
RB0,螺纹钢,上期所,90m,2026-05-25 22:30:00,2026-05-25 10:00:00,3,3187.0,3187.25
RB0,螺纹钢,上期所,90m,2026-06-05 15:00:00,2026-06-05 13:45:00,1,3165.0,3171.3
RB0,螺纹钢,上期所,90m,2026-06-11 13:45:00,2026-06-10 15:00:00,3,3154.0,3159.9
RB0,螺纹钢,上期所,90m,2026-07-06 15:00:00,2026-07-06 10:00:00,2,3072.0,3073.15
RB0,螺纹钢,上期所,90m,2026-07-07 13:45:00,2026-07-06 22:30:00,2,3069.0,3072.3
RB0,螺纹钢,上期所,90m,2026-07-23 13:45:00,2026-07-23 10:00:00,1,3083.0,3096.0
RB0,螺纹钢,上期所,90m,2026-07-27 13:45:00,2026-07-24 22:30:00,2,3078.0,3082.9
RB0,螺纹钢,上期所,90m,2026-07-29 13:45:00,2026-07-29 10:00:00,1,3070.0,3076.45
RB0,螺纹钢,上期所,daily,2026-01-05,2025-12-29,3,3104.0,3110.65
RB0,螺纹钢,上期所,daily,2026-01-27,2026-01-23,2,3126.0,3140.55
RB0,螺纹钢,上期所,daily,2026-01-30,2026-01-29,1,3128.0,3141.65
RB0,螺纹钢,上期所,daily,2026-06-11,2026-06-10,1,3156.0,3174.1
RB0,螺纹钢,上期所,daily,2026-06-17,2026-06-12,3,3155.0,3167.0
RM0,菜粕,郑商所,120m,2026-01-23 11:15:00,2026-01-22 15:00:00,2,2242.0,2244.85
RM0,菜粕,郑商所,120m,2026-03-04 11:15:00,2026-03-03 11:15:00,3,2294.0,2299.0
RM0,菜粕,郑商所,120m,2026-03-17 23:00:00,2026-03-17 15:00:00,1,2477.0,2481.85
RM0,菜粕,郑商所,120m,2026-04-10 11:15:00,2026-04-09 23:00:00,1,2242.0,2250.5
RM0,菜粕,郑商所,120m,2026-05-12 11:15:00,2026-05-11 15:00:00,2,2381.0,2393.15
RM0,菜粕,郑商所,120m,2026-05-13 15:00:00,2026-05-13 11:15:00,1,2378.0,2388.15
RM0,菜粕,郑商所,120m,2026-05-14 11:15:00,2026-05-13 23:00:00,1,2378.0,2385.05
RM0,菜粕,郑商所,120m,2026-06-02 11:15:00,2026-06-01 11:15:00,3,2306.0,2306.2
RM0,菜粕,郑商所,120m,2026-06-04 11:15:00,2026-06-03 11:15:00,3,2281.0,2301.65
RM0,菜粕,郑商所,120m,2026-06-22 23:00:00,2026-06-22 15:00:00,1,2259.0,2268.3
RM0,菜粕,郑商所,120m,2026-07-02 15:00:00,2026-07-02 11:15:00,1,2275.0,2281.9
RM0,菜粕,郑商所,120m,2026-07-14 11:15:00,2026-07-13 23:00:00,1,2310.0,2314.95
RM0,菜粕,郑商所,120m,2026-07-16 15:00:00,2026-07-15 23:00:00,2,2308.0,2319.05
RM0,菜粕,郑商所,30m,2026-04-08 14:15:00,2026-04-08 13:45:00,1,2228.0,2233.9
RM0,菜粕,郑商所,30m,2026-04-08 15:00:00,2026-04-08 14:45:00,1,2231.0,2235.55
RM0,菜粕,郑商所,30m,2026-04-14 14:15:00,2026-04-14 13:45:00,1,2347.0,2347.45
RM0,菜粕,郑商所,30m,2026-04-14 22:00:00,2026-04-14 14:45:00,3,2342.0,2347.0
RM0,菜粕,郑商所,30m,2026-04-15 22:00:00,2026-04-15 15:00:00,2,2333.0,2341.45
RM0,菜粕,郑商所,30m,2026-04-16 10:45:00,2026-04-16 09:30:00,2,2335.0,2338.8
RM0,菜粕,郑商所,30m,2026-04-16 13:45:00,2026-04-16 11:15:00,1,2334.0,2337.55
RM0,菜粕,郑商所,30m,2026-04-24 09:30:00,2026-04-23 23:00:00,1,2389.0,2393.0
RM0,菜粕,郑商所,30m,2026-05-06 09:30:00,2026-04-30 14:45:00,2,2405.0,2415.95
RM0,菜粕,郑商所,30m,2026-05-12 22:00:00,2026-05-12 21:30:00,1,2388.0,2390.1
RM0,菜粕,郑商所,30m,2026-06-04 09:30:00,2026-06-03 22:30:00,2,2284.0,2301.3
RM0,菜粕,郑商所,30m,2026-06-10 13:45:00,2026-06-10 11:15:00,1,2231.0,2233.05
RM0,菜粕,郑商所,30m,2026-07-03 09:30:00,2026-07-02 23:00:00,1,2267.0,2276.35
RM0,菜粕,郑商所,30m,2026-07-10 13:45:00,2026-07-10 11:15:00,1,2327.0,2330.25
RM0,菜粕,郑商所,30m,2026-07-13 10:00:00,2026-07-10 22:30:00,3,2319.0,2328.55
RM0,菜粕,郑商所,30m,2026-07-14 11:15:00,2026-07-14 09:30:00,3,2310.0,2314.95
RM0,菜粕,郑商所,30m,2026-07-15 21:30:00,2026-07-15 14:45:00,2,2308.0,2313.4
RM0,菜粕,郑商所,30m,2026-07-22 14:45:00,2026-07-22 14:15:00,1,2348.0,2349.25
RM0,菜粕,郑商所,30m,2026-07-27 11:15:00,2026-07-27 10:45:00,1,2397.0,2400.75
RM0,菜粕,郑商所,30m,2026-07-31 10:00:00,2026-07-31 09:30:00,1,2297.0,2300.55
RM0,菜粕,郑商所,60m,2026-01-30 10:00:00,2026-01-29 23:00:00,1,2282.0,2290.2
RM0,菜粕,郑商所,60m,2026-01-30 15:00:00,2026-01-30 14:15:00,1,2287.0,2293.05
RM0,菜粕,郑商所,60m,2026-02-06 15:00:00,2026-02-06 10:00:00,3,2239.0,2244.7
RM0,菜粕,郑商所,60m,2026-02-06 23:00:00,2026-02-06 22:00:00,1,2241.0,2244.05
RM0,菜粕,郑商所,60m,2026-02-09 15:00:00,2026-02-09 11:15:00,2,2238.0,2242.2
RM0,菜粕,郑商所,60m,2026-03-02 22:00:00,2026-03-02 15:00:00,1,2291.0,2292.9
RM0,菜粕,郑商所,60m,2026-03-19 11:15:00,2026-03-19 10:00:00,1,2459.0,2468.2
RM0,菜粕,郑商所,60m,2026-04-16 22:00:00,2026-04-16 15:00:00,1,2341.0,2341.3
RM0,菜粕,郑商所,60m,2026-05-08 22:00:00,2026-05-08 15:00:00,1,2382.0,2384.1
RM0,菜粕,郑商所,60m,2026-05-12 23:00:00,2026-05-12 22:00:00,1,2381.0,2382.0
RM0,菜粕,郑商所,60m,2026-05-13 14:15:00,2026-05-13 10:00:00,2,2382.0,2385.55
RM0,菜粕,郑商所,60m,2026-05-14 10:00:00,2026-05-13 22:00:00,2,2379.0,2387.9
RM0,菜粕,郑商所,60m,2026-05-28 23:00:00,2026-05-28 14:15:00,3,2297.0,2297.6
RM0,菜粕,郑商所,60m,2026-06-02 14:15:00,2026-06-02 11:15:00,1,2304.0,2306.8
RM0,菜粕,郑商所,60m,2026-06-03 22:00:00,2026-06-03 11:15:00,3,2297.0,2306.85
RM0,菜粕,郑商所,60m,2026-06-04 10:00:00,2026-06-03 23:00:00,1,2288.0,2306.35
RM0,菜粕,郑商所,60m,2026-06-11 10:00:00,2026-06-10 22:00:00,2,2233.0,2237.35
RM0,菜粕,郑商所,60m,2026-06-18 11:15:00,2026-06-17 23:00:00,2,2270.0,2275.0
RM0,菜粕,郑商所,60m,2026-06-22 11:15:00,2026-06-18 14:15:00,3,2264.0,2277.2
RM0,菜粕,郑商所,60m,2026-07-03 23:00:00,2026-07-03 22:00:00,1,2264.0,2266.25
RM0,菜粕,郑商所,60m,2026-07-15 11:15:00,2026-07-14 23:00:00,2,2315.0,2316.55
RM0,菜粕,郑商所,60m,2026-07-17 23:00:00,2026-07-17 22:00:00,1,2309.0,2311.3
RM0,菜粕,郑商所,60m,2026-07-31 22:00:00,2026-07-31 15:00:00,1,2310.0,2312.4
RM0,菜粕,郑商所,90m,2026-04-09 15:00:00,2026-04-09 10:00:00,2,2241.0,2244.15
RM0,菜粕,郑商所,90m,2026-04-10 15:00:00,2026-04-09 22:30:00,3,2241.0,2241.45
RM0,菜粕,郑商所,90m,2026-04-20 22:30:00,2026-04-20 13:45:00,2,2335.0,2335.2
RM0,菜粕,郑商所,90m,2026-05-13 13:45:00,2026-05-13 10:00:00,1,2378.0,2381.4
RM0,菜粕,郑商所,90m,2026-05-14 10:00:00,2026-05-13 22:30:00,1,2379.0,2381.3
RM0,菜粕,郑商所,90m,2026-05-14 15:00:00,2026-05-14 13:45:00,1,2360.0,2381.3
RM0,菜粕,郑商所,90m,2026-05-29 13:45:00,2026-05-29 10:00:00,1,2306.0,2306.2
RM0,菜粕,郑商所,90m,2026-06-03 22:30:00,2026-06-03 13:45:00,2,2303.0,2304.05
RM0,菜粕,郑商所,90m,2026-06-29 22:30:00,2026-06-29 15:00:00,1,2285.0,2292.3
RM0,菜粕,郑商所,90m,2026-07-02 15:00:00,2026-07-02 10:00:00,2,2275.0,2277.15
RM0,菜粕,郑商所,90m,2026-07-15 13:45:00,2026-07-15 10:00:00,1,2312.0,2318.9
RM0,菜粕,郑商所,90m,2026-07-16 15:00:00,2026-07-15 22:30:00,3,2308.0,2316.45
RM0,菜粕,郑商所,daily,2026-01-30,2026-01-29,1,2287.0,2297.45
RM0,菜粕,郑商所,daily,2026-06-22,2026-06-18,1,2271.0,2278.8
RM0,菜粕,郑商所,daily,2026-06-25,2026-06-23,2,2266.0,2278.15
RM0,菜粕,郑商所,daily,2026-06-30,2026-06-26,2,2247.0,2273.95
RM0,菜粕,郑商所,daily,2026-07-03,2026-07-02,1,2257.0,2269.35
RR0,粳米,大商所,120m,2026-03-30 23:00:00,2026-03-27 23:00:00,3,3585.0,3590.9
RR0,粳米,大商所,120m,2026-04-03 15:00:00,2026-04-02 15:00:00,3,3583.0,3590.0
RR0,粳米,大商所,120m,2026-04-20 11:15:00,2026-04-17 23:00:00,1,3580.0,3580.7
RR0,粳米,大商所,120m,2026-04-20 23:00:00,2026-04-20 15:00:00,1,3573.0,3581.85
RR0,粳米,大商所,120m,2026-05-21 11:15:00,2026-05-20 23:00:00,1,3543.0,3543.85
RR0,粳米,大商所,120m,2026-05-25 11:15:00,2026-05-22 11:15:00,3,3544.0,3544.2
RR0,粳米,大商所,120m,2026-05-26 15:00:00,2026-05-25 15:00:00,3,3543.0,3544.4
RR0,粳米,大商所,120m,2026-05-27 11:15:00,2026-05-26 23:00:00,1,3541.0,3544.3
RR0,粳米,大商所,120m,2026-06-18 15:00:00,2026-06-17 15:00:00,3,3603.0,3605.7
RR0,粳米,大商所,120m,2026-06-23 15:00:00,2026-06-22 23:00:00,2,3596.0,3605.15
RR0,粳米,大商所,120m,2026-06-24 11:15:00,2026-06-23 23:00:00,1,3598.0,3605.1
RR0,粳米,大商所,120m,2026-07-06 23:00:00,2026-07-06 15:00:00,1,3528.0,3529.7
RR0,粳米,大商所,120m,2026-07-07 15:00:00,2026-07-07 11:15:00,1,3524.0,3527.35
RR0,粳米,大商所,30m,2026-03-31 15:00:00,2026-03-31 14:45:00,1,3586.0,3596.2
RR0,粳米,大商所,30m,2026-04-01 11:15:00,2026-04-01 10:45:00,1,3588.0,3591.0
RR0,粳米,大商所,30m,2026-04-01 22:00:00,2026-04-01 21:30:00,1,3588.0,3589.95
RR0,粳米,大商所,30m,2026-04-02 09:30:00,2026-04-01 23:00:00,1,3587.0,3589.6
RR0,粳米,大商所,30m,2026-04-03 14:15:00,2026-04-03 13:45:00,1,3587.0,3593.35
RR0,粳米,大商所,30m,2026-04-10 10:45:00,2026-04-10 09:30:00,2,3576.0,3576.65
RR0,粳米,大商所,30m,2026-04-14 14:45:00,2026-04-14 13:45:00,2,3601.0,3601.1
RR0,粳米,大商所,30m,2026-04-14 21:30:00,2026-04-14 15:00:00,1,3565.0,3599.15
RR0,粳米,大商所,30m,2026-04-16 22:00:00,2026-04-16 14:45:00,3,3564.0,3565.75
RR0,粳米,大商所,30m,2026-04-17 09:30:00,2026-04-16 23:00:00,1,3565.0,3565.65
RR0,粳米,大商所,30m,2026-04-27 11:15:00,2026-04-27 09:30:00,3,3615.0,3615.5
RR0,粳米,大商所,30m,2026-04-28 09:30:00,2026-04-27 23:00:00,1,3610.0,3614.95
RR0,粳米,大商所,30m,2026-04-29 09:30:00,2026-04-28 22:00:00,3,3610.0,3612.4
RR0,粳米,大商所,30m,2026-04-29 14:45:00,2026-04-29 14:15:00,1,3609.0,3611.45
RR0,粳米,大商所,30m,2026-04-29 23:00:00,2026-04-29 22:00:00,2,3611.0,3611.6
RR0,粳米,大商所,30m,2026-04-30 10:00:00,2026-04-30 09:30:00,1,3609.0,3611.45
RR0,粳米,大商所,30m,2026-05-06 10:00:00,2026-04-30 14:45:00,3,3609.0,3610.55
RR0,粳米,大商所,30m,2026-05-13 22:00:00,2026-05-13 21:30:00,1,3540.0,3544.1
RR0,粳米,大商所,30m,2026-05-14 10:00:00,2026-05-14 09:30:00,1,3542.0,3543.55
RR0,粳米,大商所,30m,2026-05-14 11:15:00,2026-05-14 10:45:00,1,3543.0,3543.4
RR0,粳米,大商所,30m,2026-05-14 14:45:00,2026-05-14 14:15:00,1,3542.0,3543.15
RR0,粳米,大商所,30m,2026-05-14 22:00:00,2026-05-14 21:30:00,1,3542.0,3543.1
RR0,粳米,大商所,30m,2026-05-15 09:30:00,2026-05-14 23:00:00,1,3543.0,3543.2
RR0,粳米,大商所,30m,2026-05-15 14:15:00,2026-05-15 13:45:00,1,3542.0,3543.0
RR0,粳米,大商所,30m,2026-05-15 22:30:00,2026-05-15 15:00:00,3,3543.0,3543.15
RR0,粳米,大商所,30m,2026-05-18 09:30:00,2026-05-15 23:00:00,1,3543.0,3543.2
RR0,粳米,大商所,30m,2026-05-18 14:45:00,2026-05-18 11:15:00,3,3543.0,3543.4
RR0,粳米,大商所,30m,2026-05-18 21:30:00,2026-05-18 15:00:00,1,3543.0,3543.25
RR0,粳米,大商所,30m,2026-05-20 10:00:00,2026-05-19 23:00:00,2,3544.0,3544.4
RR0,粳米,大商所,30m,2026-05-20 13:45:00,2026-05-20 11:15:00,1,3544.0,3544.55
RR0,粳米,大商所,30m,2026-05-20 15:00:00,2026-05-20 14:45:00,1,3544.0,3544.55
RR0,粳米,大商所,30m,2026-05-21 23:00:00,2026-05-21 22:30:00,1,3543.0,3543.25
RR0,粳米,大商所,30m,2026-05-27 14:15:00,2026-05-27 13:45:00,1,3544.0,3544.65
RR0,粳米,大商所,30m,2026-06-01 15:00:00,2026-06-01 13:45:00,3,3563.0,3566.55
RR0,粳米,大商所,30m,2026-06-02 23:00:00,2026-06-02 22:00:00,2,3561.0,3563.45
RR0,粳米,大商所,30m,2026-06-03 11:15:00,2026-06-03 10:00:00,2,3562.0,3562.95
RR0,粳米,大商所,30m,2026-06-03 14:15:00,2026-06-03 13:45:00,1,3559.0,3562.75
RR0,粳米,大商所,30m,2026-06-09 22:00:00,2026-06-09 14:45:00,3,3609.0,3609.7
RR0,粳米,大商所,30m,2026-06-12 09:30:00,2026-06-11 23:00:00,1,3599.0,3601.15
RR0,粳米,大商所,30m,2026-06-17 21:30:00,2026-06-17 15:00:00,1,3604.0,3605.8
RR0,粳米,大商所,30m,2026-06-18 09:30:00,2026-06-17 23:00:00,1,3605.0,3605.05
RR0,粳米,大商所,30m,2026-06-18 10:45:00,2026-06-18 10:00:00,1,3604.0,3604.7
RR0,粳米,大商所,30m,2026-06-18 14:15:00,2026-06-18 11:15:00,2,3604.0,3604.3
RR0,粳米,大商所,30m,2026-06-22 14:15:00,2026-06-22 13:45:00,1,3593.0,3602.75
RR0,粳米,大商所,30m,2026-06-24 10:45:00,2026-06-24 10:00:00,1,3599.0,3603.2
RR0,粳米,大商所,30m,2026-07-02 15:00:00,2026-07-02 13:45:00,3,3529.0,3529.3
RR0,粳米,大商所,30m,2026-07-02 23:00:00,2026-07-02 21:30:00,3,3528.0,3529.55
RR0,粳米,大商所,30m,2026-07-03 10:45:00,2026-07-03 10:00:00,1,3529.0,3529.4
RR0,粳米,大商所,30m,2026-07-06 10:00:00,2026-07-03 22:30:00,3,3527.0,3529.25
RR0,粳米,大商所,30m,2026-07-06 13:45:00,2026-07-06 10:45:00,2,3529.0,3529.2
RR0,粳米,大商所,30m,2026-07-07 10:00:00,2026-07-07 09:30:00,1,3528.0,3529.3
RR0,粳米,大商所,30m,2026-07-09 21:30:00,2026-07-09 14:45:00,2,3533.0,3533.3
RR0,粳米,大商所,30m,2026-07-15 22:30:00,2026-07-15 21:30:00,2,3601.0,3601.5
RR0,粳米,大商所,30m,2026-07-16 10:00:00,2026-07-16 09:30:00,1,3600.0,3601.8
RR0,粳米,大商所,30m,2026-07-16 14:15:00,2026-07-16 13:45:00,1,3601.0,3601.65
RR0,粳米,大商所,30m,2026-07-17 23:00:00,2026-07-17 21:30:00,3,3595.0,3601.35
RR0,粳米,大商所,30m,2026-07-20 22:30:00,2026-07-20 22:00:00,1,3599.0,3599.1
RR0,粳米,大商所,30m,2026-07-24 10:45:00,2026-07-24 10:00:00,1,3609.0,3609.45
RR0,粳米,大商所,30m,2026-07-24 23:00:00,2026-07-24 22:30:00,1,3608.0,3610.05
RR0,粳米,大商所,30m,2026-07-30 10:00:00,2026-07-30 09:30:00,1,3620.0,3620.5
RR0,粳米,大商所,60m,2026-01-15 22:00:00,2026-01-15 14:15:00,2,3579.0,3655.95
RR0,粳米,大商所,60m,2026-01-21 11:15:00,2026-01-21 10:00:00,1,3575.0,3575.25
RR0,粳米,大商所,60m,2026-01-21 22:00:00,2026-01-21 15:00:00,1,3575.0,3575.05
RR0,粳米,大商所,60m,2026-02-12 11:15:00,2026-02-11 22:00:00,3,3615.0,3616.4
RR0,粳米,大商所,60m,2026-02-13 10:00:00,2026-02-12 22:00:00,2,3616.0,3616.7
RR0,粳米,大商所,60m,2026-02-26 23:00:00,2026-02-26 22:00:00,1,3622.0,3627.1
RR0,粳米,大商所,60m,2026-02-27 14:15:00,2026-02-27 11:15:00,1,3628.0,3628.3
RR0,粳米,大商所,60m,2026-03-02 23:00:00,2026-03-02 22:00:00,1,3629.0,3629.8
RR0,粳米,大商所,60m,2026-03-03 11:15:00,2026-03-03 10:00:00,1,3630.0,3630.05
RR0,粳米,大商所,60m,2026-03-11 10:00:00,2026-03-10 15:00:00,3,3632.0,3633.5
RR0,粳米,大商所,60m,2026-03-11 22:00:00,2026-03-11 11:15:00,3,3582.0,3631.15
RR0,粳米,大商所,60m,2026-03-17 11:15:00,2026-03-17 10:00:00,1,3576.0,3576.45
RR0,粳米,大商所,60m,2026-03-18 22:00:00,2026-03-18 15:00:00,1,3574.0,3575.2
RR0,粳米,大商所,60m,2026-03-19 14:15:00,2026-03-18 23:00:00,3,3575.0,3575.45
RR0,粳米,大商所,60m,2026-03-20 11:15:00,2026-03-20 10:00:00,1,3574.0,3574.85
RR0,粳米,大商所,60m,2026-03-26 14:15:00,2026-03-26 11:15:00,1,3573.0,3597.7
RR0,粳米,大商所,60m,2026-03-31 15:00:00,2026-03-31 11:15:00,2,3586.0,3587.55
RR0,粳米,大商所,60m,2026-04-01 11:15:00,2026-03-31 23:00:00,2,3588.0,3590.6
RR0,粳米,大商所,60m,2026-04-09 23:00:00,2026-04-09 14:15:00,3,3575.0,3575.75
RR0,粳米,大商所,60m,2026-04-10 11:15:00,2026-04-10 10:00:00,1,3574.0,3574.8
RR0,粳米,大商所,60m,2026-04-28 10:00:00,2026-04-27 23:00:00,1,3606.0,3614.8
RR0,粳米,大商所,60m,2026-05-15 10:00:00,2026-05-14 23:00:00,1,3543.0,3543.8
RR0,粳米,大商所,60m,2026-05-18 10:00:00,2026-05-15 15:00:00,3,3543.0,3543.15
RR0,粳米,大商所,60m,2026-05-20 10:00:00,2026-05-19 22:00:00,2,3544.0,3544.15
RR0,粳米,大商所,60m,2026-05-20 14:15:00,2026-05-20 11:15:00,1,3543.0,3544.05
RR0,粳米,大商所,60m,2026-05-27 10:00:00,2026-05-26 22:00:00,2,3544.0,3545.05
RR0,粳米,大商所,60m,2026-06-02 22:00:00,2026-06-02 11:15:00,3,3564.0,3564.1
RR0,粳米,大商所,60m,2026-06-04 10:00:00,2026-06-03 15:00:00,3,3541.0,3563.05
RR0,粳米,大商所,60m,2026-06-12 22:00:00,2026-06-12 15:00:00,1,3604.0,3604.75
RR0,粳米,大商所,60m,2026-06-17 22:00:00,2026-06-17 15:00:00,1,3603.0,3606.05
RR0,粳米,大商所,60m,2026-06-18 14:15:00,2026-06-17 23:00:00,3,3604.0,3606.2
RR0,粳米,大商所,60m,2026-06-24 11:15:00,2026-06-23 23:00:00,2,3598.0,3603.4
RR0,粳米,大商所,60m,2026-07-01 15:00:00,2026-07-01 14:15:00,1,3529.0,3529.8
RR0,粳米,大商所,60m,2026-07-06 10:00:00,2026-07-03 23:00:00,1,3527.0,3529.4
RR0,粳米,大商所,60m,2026-07-06 14:15:00,2026-07-06 11:15:00,1,3528.0,3529.3
RR0,粳米,大商所,60m,2026-07-06 23:00:00,2026-07-06 15:00:00,2,3528.0,3529.2
RR0,粳米,大商所,60m,2026-07-16 15:00:00,2026-07-16 14:15:00,1,3599.0,3600.45
RR0,粳米,大商所,60m,2026-07-17 11:15:00,2026-07-16 22:00:00,3,3600.0,3601.35
RR0,粳米,大商所,60m,2026-07-17 23:00:00,2026-07-17 22:00:00,1,3595.0,3601.35
RR0,粳米,大商所,90m,2026-01-23 10:00:00,2026-01-22 15:00:00,2,3574.0,3575.2
RR0,粳米,大商所,90m,2026-02-13 10:00:00,2026-02-12 22:30:00,1,3616.0,3616.25
RR0,粳米,大商所,90m,2026-03-04 15:00:00,2026-03-03 22:30:00,3,3629.0,3630.75
RR0,粳米,大商所,90m,2026-03-11 10:00:00,2026-03-10 15:00:00,2,3632.0,3633.3
RR0,粳米,大商所,90m,2026-03-11 22:30:00,2026-03-11 13:45:00,2,3578.0,3631.15
RR0,粳米,大商所,90m,2026-03-19 13:45:00,2026-03-18 15:00:00,3,3575.0,3575.7
RR0,粳米,大商所,90m,2026-03-20 10:00:00,2026-03-19 22:30:00,1,3575.0,3575.45
RR0,粳米,大商所,90m,2026-04-01 13:45:00,2026-04-01 10:00:00,1,3585.0,3588.45
RR0,粳米,大商所,90m,2026-04-03 15:00:00,2026-04-03 10:00:00,2,3583.0,3592.75
RR0,粳米,大商所,90m,2026-05-06 15:00:00,2026-05-06 13:45:00,1,3611.0,3612.0
RR0,粳米,大商所,90m,2026-05-22 13:45:00,2026-05-21 22:30:00,2,3544.0,3544.15
RR0,粳米,大商所,90m,2026-05-25 10:00:00,2026-05-22 22:30:00,1,3544.0,3544.3
RR0,粳米,大商所,90m,2026-05-27 15:00:00,2026-05-27 13:45:00,1,3543.0,3544.4
RR0,粳米,大商所,90m,2026-06-17 22:30:00,2026-06-17 15:00:00,1,3602.0,3604.55
RR0,粳米,大商所,90m,2026-06-18 15:00:00,2026-06-18 10:00:00,2,3603.0,3606.05
RR0,粳米,大商所,90m,2026-06-23 15:00:00,2026-06-23 10:00:00,2,3596.0,3605.25
RR0,粳米,大商所,90m,2026-07-07 10:00:00,2026-07-06 13:45:00,3,3528.0,3528.5
RR0,粳米,大商所,daily,2026-03-31,2026-03-30,1,3586.0,3597.45
RR0,粳米,大商所,daily,2026-04-03,2026-04-02,1,3583.0,3590.95
RR0,粳米,大商所,daily,2026-04-15,2026-04-10,3,3571.0,3585.45
RR0,粳米,大商所,daily,2026-06-01,2026-05-29,1,3563.0,3565.1
RR0,粳米,大商所,daily,2026-06-04,2026-06-02,2,3550.0,3557.45
RS0,菜籽,郑商所,120m,2026-01-07 11:15:00,2026-01-06 15:00:00,1,5358.0,5399.45
RS0,菜籽,郑商所,120m,2026-02-06 11:15:00,2026-02-05 15:00:00,1,5590.0,5798.6
RS0,菜籽,郑商所,120m,2026-05-11 15:00:00,2026-05-11 11:15:00,1,5728.0,5856.65
RS0,菜籽,郑商所,120m,2026-06-12 15:00:00,2026-06-11 11:15:00,3,5920.0,5931.3
RS0,菜籽,郑商所,30m,2026-01-07 14:15:00,2026-01-07 13:45:00,1,5359.0,5373.4
RS0,菜籽,郑商所,30m,2026-01-13 09:30:00,2026-01-12 10:45:00,3,5334.0,5414.5
RS0,菜籽,郑商所,30m,2026-01-14 09:30:00,2026-01-13 14:45:00,2,5390.0,5407.0
RS0,菜籽,郑商所,30m,2026-01-20 10:45:00,2026-01-20 10:00:00,1,5487.0,5509.3
RS0,菜籽,郑商所,30m,2026-01-27 14:15:00,2026-01-27 13:45:00,1,5479.0,5528.65
RS0,菜籽,郑商所,30m,2026-01-28 09:30:00,2026-01-27 15:00:00,1,5480.0,5531.15
RS0,菜籽,郑商所,30m,2026-02-04 10:45:00,2026-02-04 09:30:00,2,5991.0,6015.85
RS0,菜籽,郑商所,30m,2026-03-16 10:45:00,2026-03-16 09:30:00,2,6140.0,6145.7
RS0,菜籽,郑商所,30m,2026-03-19 14:45:00,2026-03-19 14:15:00,1,5821.0,5835.1
RS0,菜籽,郑商所,30m,2026-03-20 09:30:00,2026-03-19 15:00:00,1,5779.0,5825.75
RS0,菜籽,郑商所,30m,2026-04-08 11:15:00,2026-04-08 10:00:00,2,5515.0,5522.6
RS0,菜籽,郑商所,30m,2026-04-23 14:45:00,2026-04-23 14:15:00,1,5895.0,5905.35
RS0,菜籽,郑商所,30m,2026-04-24 10:45:00,2026-04-24 09:30:00,2,5905.0,5922.3
RS0,菜籽,郑商所,30m,2026-04-29 10:45:00,2026-04-29 10:00:00,1,5831.0,5862.4
RS0,菜籽,郑商所,30m,2026-05-11 13:45:00,2026-05-11 10:00:00,3,5812.0,5827.9
RS0,菜籽,郑商所,30m,2026-05-13 09:30:00,2026-05-12 14:45:00,2,5786.0,5793.2
RS0,菜籽,郑商所,30m,2026-05-13 13:45:00,2026-05-13 11:15:00,1,5767.0,5792.55
RS0,菜籽,郑商所,30m,2026-05-25 11:15:00,2026-05-25 10:45:00,1,5724.0,5743.5
RS0,菜籽,郑商所,30m,2026-05-26 10:00:00,2026-05-26 09:30:00,1,5702.0,5741.35
RS0,菜籽,郑商所,30m,2026-06-01 14:15:00,2026-06-01 11:15:00,2,5748.0,5748.15
RS0,菜籽,郑商所,30m,2026-06-16 10:00:00,2026-06-16 09:30:00,1,5920.0,5945.2
RS0,菜籽,郑商所,30m,2026-06-18 10:00:00,2026-06-17 15:00:00,1,5888.0,5912.05
RS0,菜籽,郑商所,30m,2026-06-23 10:45:00,2026-06-23 09:30:00,2,5860.0,5863.65
RS0,菜籽,郑商所,30m,2026-06-23 13:45:00,2026-06-23 11:15:00,1,5858.0,5859.75
RS0,菜籽,郑商所,30m,2026-06-25 09:30:00,2026-06-24 14:15:00,2,5858.0,5859.6
RS0,菜籽,郑商所,30m,2026-06-26 10:45:00,2026-06-26 10:00:00,1,5854.0,5856.45
RS0,菜籽,郑商所,30m,2026-07-07 14:45:00,2026-07-07 14:15:00,1,5960.0,5968.95
RS0,菜籽,郑商所,30m,2026-07-08 14:45:00,2026-07-08 13:45:00,2,5943.0,5950.35
RS0,菜籽,郑商所,60m,2026-01-07 11:15:00,2026-01-06 15:00:00,2,5358.0,5373.85
RS0,菜籽,郑商所,60m,2026-01-13 10:00:00,2026-01-12 11:15:00,2,5337.0,5390.25
RS0,菜籽,郑商所,60m,2026-01-14 10:00:00,2026-01-13 15:00:00,1,5395.0,5401.05
RS0,菜籽,郑商所,60m,2026-01-28 10:00:00,2026-01-27 15:00:00,1,5480.0,5521.7
RS0,菜籽,郑商所,60m,2026-03-06 15:00:00,2026-03-06 14:15:00,1,5834.0,5862.9
RS0,菜籽,郑商所,60m,2026-03-17 10:00:00,2026-03-16 15:00:00,1,5902.0,6066.25
RS0,菜籽,郑商所,60m,2026-03-27 10:00:00,2026-03-26 14:15:00,2,5837.0,5846.2
RS0,菜籽,郑商所,60m,2026-05-11 14:15:00,2026-05-11 11:15:00,1,5812.0,5862.6
RS0,菜籽,郑商所,60m,2026-05-26 10:00:00,2026-05-25 11:15:00,3,5702.0,5722.7
RS0,菜籽,郑商所,60m,2026-05-29 15:00:00,2026-05-29 10:00:00,3,5736.0,5737.2
RS0,菜籽,郑商所,60m,2026-06-11 14:15:00,2026-06-11 10:00:00,2,5951.0,5979.0
RS0,菜籽,郑商所,60m,2026-06-12 11:15:00,2026-06-11 15:00:00,2,5969.0,5969.35
RS0,菜籽,郑商所,60m,2026-07-08 10:00:00,2026-07-07 14:15:00,2,5955.0,5962.7
RS0,菜籽,郑商所,60m,2026-07-31 15:00:00,2026-07-30 15:00:00,1,5880.0,5880.3
RS0,菜籽,郑商所,90m,2026-01-07 14:15:00,2026-01-06 15:00:00,2,5359.0,5386.0
RS0,菜籽,郑商所,90m,2026-01-14 10:45:00,2026-01-13 15:00:00,1,5395.0,5399.05
RS0,菜籽,郑商所,90m,2026-03-17 10:45:00,2026-03-16 15:00:00,1,5902.0,6066.85
RS0,菜籽,郑商所,90m,2026-03-23 14:15:00,2026-03-23 10:45:00,1,5922.0,5922.9
RS0,菜籽,郑商所,90m,2026-03-25 10:45:00,2026-03-24 10:45:00,3,5754.0,5864.2
RS0,菜籽,郑商所,90m,2026-03-27 10:45:00,2026-03-26 14:15:00,2,5821.0,5836.7
RS0,菜籽,郑商所,90m,2026-05-11 14:15:00,2026-05-11 10:45:00,1,5812.0,5849.0
RS0,菜籽,郑商所,90m,2026-05-20 14:15:00,2026-05-20 10:45:00,1,5699.0,5701.4
RS0,菜籽,郑商所,90m,2026-05-29 15:00:00,2026-05-29 10:45:00,2,5736.0,5742.7
RS0,菜籽,郑商所,90m,2026-07-07 15:00:00,2026-07-07 14:15:00,1,5960.0,5963.85
RS0,菜籽,郑商所,90m,2026-07-09 10:45:00,2026-07-08 14:15:00,1,5962.0,5962.55
RS0,菜籽,郑商所,daily,2026-03-25,2026-03-23,2,5751.0,5918.7
RU0,橡胶,上期所,120m,2026-03-09 23:00:00,2026-03-09 11:15:00,2,16830.0,16875.75
RU0,橡胶,上期所,120m,2026-05-14 11:15:00,2026-05-13 11:15:00,3,17800.0,17900.75
RU0,橡胶,上期所,120m,2026-05-27 15:00:00,2026-05-27 11:15:00,1,17395.0,17464.0
RU0,橡胶,上期所,120m,2026-07-09 23:00:00,2026-07-09 15:00:00,1,16715.0,16826.0
RU0,橡胶,上期所,120m,2026-07-13 11:15:00,2026-07-10 11:15:00,3,16855.0,16876.0
RU0,橡胶,上期所,120m,2026-07-13 23:00:00,2026-07-13 15:00:00,1,16870.0,16894.75
RU0,橡胶,上期所,120m,2026-07-20 23:00:00,2026-07-20 15:00:00,1,16830.0,16962.25
RU0,橡胶,上期所,120m,2026-07-24 11:15:00,2026-07-23 11:15:00,3,16780.0,16913.25
RU0,橡胶,上期所,30m,2026-04-01 23:00:00,2026-04-01 21:30:00,3,16640.0,16676.25
RU0,橡胶,上期所,30m,2026-04-09 10:00:00,2026-04-09 09:30:00,1,16955.0,17003.75
RU0,橡胶,上期所,30m,2026-04-16 15:00:00,2026-04-16 14:45:00,1,16805.0,16814.5
RU0,橡胶,上期所,30m,2026-05-12 11:15:00,2026-05-12 09:30:00,3,17810.0,17833.75
RU0,橡胶,上期所,30m,2026-05-21 10:45:00,2026-05-20 23:00:00,3,17560.0,17572.25
RU0,橡胶,上期所,30m,2026-05-22 21:30:00,2026-05-22 15:00:00,1,17395.0,17395.75
RU0,橡胶,上期所,30m,2026-05-26 10:00:00,2026-05-26 09:30:00,1,17360.0,17408.5
RU0,橡胶,上期所,30m,2026-05-27 22:30:00,2026-05-27 22:00:00,1,17415.0,17425.25
RU0,橡胶,上期所,30m,2026-06-03 22:00:00,2026-06-03 15:00:00,2,18045.0,18174.75
RU0,橡胶,上期所,30m,2026-06-09 22:00:00,2026-06-09 14:45:00,3,17560.0,17574.75
RU0,橡胶,上期所,30m,2026-06-24 10:45:00,2026-06-24 09:30:00,2,17675.0,17727.75
RU0,橡胶,上期所,30m,2026-07-01 22:30:00,2026-07-01 22:00:00,1,16700.0,16702.75
RU0,橡胶,上期所,30m,2026-07-07 22:00:00,2026-07-07 14:45:00,3,16940.0,16942.0
RU0,橡胶,上期所,30m,2026-07-07 23:00:00,2026-07-07 22:30:00,1,16930.0,16947.75
RU0,橡胶,上期所,30m,2026-07-08 10:45:00,2026-07-08 10:00:00,1,16915.0,16943.5
RU0,橡胶,上期所,30m,2026-07-08 14:15:00,2026-07-08 11:15:00,2,16875.0,16946.5
RU0,橡胶,上期所,30m,2026-07-08 22:00:00,2026-07-08 15:00:00,2,16870.0,16944.75
RU0,橡胶,上期所,30m,2026-07-09 21:30:00,2026-07-09 14:45:00,2,16785.0,16897.25
RU0,橡胶,上期所,30m,2026-07-10 13:45:00,2026-07-10 10:00:00,3,16835.0,16840.75
RU0,橡胶,上期所,30m,2026-07-13 14:15:00,2026-07-13 13:45:00,1,16870.0,16872.0
RU0,橡胶,上期所,30m,2026-07-13 21:30:00,2026-07-13 14:45:00,2,16790.0,16889.75
RU0,橡胶,上期所,30m,2026-07-16 13:45:00,2026-07-16 11:15:00,1,17025.0,17105.75
RU0,橡胶,上期所,30m,2026-07-23 10:45:00,2026-07-23 09:30:00,2,16905.0,16906.0
RU0,橡胶,上期所,30m,2026-07-24 09:30:00,2026-07-23 22:30:00,2,16820.0,16922.75
RU0,橡胶,上期所,30m,2026-07-27 14:15:00,2026-07-27 13:45:00,1,16750.0,16761.75
RU0,橡胶,上期所,30m,2026-07-28 10:45:00,2026-07-28 10:00:00,1,16695.0,16735.75
RU0,橡胶,上期所,30m,2026-07-28 14:15:00,2026-07-28 11:15:00,2,16720.0,16738.5
RU0,橡胶,上期所,60m,2026-01-13 14:15:00,2026-01-13 10:00:00,2,15995.0,16032.75
RU0,橡胶,上期所,60m,2026-01-27 23:00:00,2026-01-27 14:15:00,3,16170.0,16202.25
RU0,橡胶,上期所,60m,2026-02-13 10:00:00,2026-02-12 22:00:00,2,16400.0,16482.25
RU0,橡胶,上期所,60m,2026-03-06 14:15:00,2026-03-06 11:15:00,1,16715.0,16721.25
RU0,橡胶,上期所,60m,2026-03-13 11:15:00,2026-03-12 23:00:00,2,16920.0,17083.25
RU0,橡胶,上期所,60m,2026-03-23 11:15:00,2026-03-23 10:00:00,1,16195.0,16199.0
RU0,橡胶,上期所,60m,2026-03-23 15:00:00,2026-03-23 14:15:00,1,16145.0,16179.0
RU0,橡胶,上期所,60m,2026-03-24 10:00:00,2026-03-23 22:00:00,2,16120.0,16146.5
RU0,橡胶,上期所,60m,2026-04-08 23:00:00,2026-04-08 14:15:00,3,16940.0,16942.75
RU0,橡胶,上期所,60m,2026-04-16 22:00:00,2026-04-16 15:00:00,1,16645.0,16786.25
RU0,橡胶,上期所,60m,2026-04-24 10:00:00,2026-04-23 22:00:00,2,17090.0,17205.0
RU0,橡胶,上期所,60m,2026-04-27 14:15:00,2026-04-27 11:15:00,1,17200.0,17221.0
RU0,橡胶,上期所,60m,2026-05-12 11:15:00,2026-05-12 10:00:00,1,17810.0,17882.25
RU0,橡胶,上期所,60m,2026-05-21 11:15:00,2026-05-21 10:00:00,1,17530.0,17625.0
RU0,橡胶,上期所,60m,2026-05-25 22:00:00,2026-05-25 11:15:00,3,17320.0,17437.25
RU0,橡胶,上期所,60m,2026-05-27 14:15:00,2026-05-26 23:00:00,3,17400.0,17414.25
RU0,橡胶,上期所,60m,2026-05-27 23:00:00,2026-05-27 22:00:00,1,17410.0,17418.75
RU0,橡胶,上期所,60m,2026-06-04 10:00:00,2026-06-03 23:00:00,1,17900.0,18068.0
RU0,橡胶,上期所,60m,2026-07-08 22:00:00,2026-07-08 15:00:00,1,16870.0,16931.0
RU0,橡胶,上期所,60m,2026-07-13 10:00:00,2026-07-10 15:00:00,3,16875.0,16884.75
RU0,橡胶,上期所,60m,2026-07-13 22:00:00,2026-07-13 15:00:00,1,16800.0,16866.25
RU0,橡胶,上期所,60m,2026-07-20 11:15:00,2026-07-20 10:00:00,1,16940.0,16978.0
RU0,橡胶,上期所,60m,2026-07-20 22:00:00,2026-07-20 15:00:00,1,16825.0,16952.0
RU0,橡胶,上期所,60m,2026-07-31 14:15:00,2026-07-31 10:00:00,2,16425.0,16450.75
RU0,橡胶,上期所,90m,2026-01-09 22:30:00,2026-01-09 10:00:00,3,15875.0,16002.25
RU0,橡胶,上期所,90m,2026-01-12 22:30:00,2026-01-12 10:00:00,3,15990.0,16052.0
RU0,橡胶,上期所,90m,2026-01-13 15:00:00,2026-01-13 13:45:00,1,15975.0,16060.25
RU0,橡胶,上期所,90m,2026-02-05 10:00:00,2026-02-04 13:45:00,3,16155.0,16318.5
RU0,橡胶,上期所,90m,2026-02-06 15:00:00,2026-02-06 13:45:00,1,16080.0,16187.75
RU0,橡胶,上期所,90m,2026-03-03 10:00:00,2026-03-02 13:45:00,3,17115.0,17148.25
RU0,橡胶,上期所,90m,2026-04-01 15:00:00,2026-03-31 22:30:00,3,16505.0,16540.0
RU0,橡胶,上期所,90m,2026-04-16 13:45:00,2026-04-16 10:00:00,1,16830.0,16833.75
RU0,橡胶,上期所,90m,2026-05-11 22:30:00,2026-05-11 15:00:00,1,17795.0,17806.75
RU0,橡胶,上期所,90m,2026-05-12 13:45:00,2026-05-12 10:00:00,1,17765.0,17843.25
RU0,橡胶,上期所,90m,2026-05-21 13:45:00,2026-05-21 10:00:00,1,17460.0,17609.0
RU0,橡胶,上期所,90m,2026-05-27 15:00:00,2026-05-27 10:00:00,2,17395.0,17425.5
RU0,橡胶,上期所,90m,2026-06-23 10:00:00,2026-06-22 15:00:00,2,17740.0,17846.0
RU0,橡胶,上期所,90m,2026-07-01 15:00:00,2026-07-01 13:45:00,1,16655.0,16656.75
RU0,橡胶,上期所,90m,2026-07-02 13:45:00,2026-07-01 22:30:00,2,16615.0,16633.0
RU0,橡胶,上期所,90m,2026-07-09 22:30:00,2026-07-09 15:00:00,1,16730.0,16903.75
RU0,橡胶,上期所,90m,2026-07-13 10:00:00,2026-07-10 22:30:00,1,16875.0,16916.25
RU0,橡胶,上期所,90m,2026-07-13 15:00:00,2026-07-13 13:45:00,1,16910.0,16914.25
RU0,橡胶,上期所,90m,2026-07-20 13:45:00,2026-07-20 10:00:00,1,16945.0,16967.5
RU0,橡胶,上期所,90m,2026-07-20 22:30:00,2026-07-20 15:00:00,1,16810.0,16970.5
RU0,橡胶,上期所,90m,2026-07-22 10:00:00,2026-07-21 22:30:00,1,16895.0,16918.5
RU0,橡胶,上期所,90m,2026-07-22 22:30:00,2026-07-22 13:45:00,2,16860.0,16880.0
RU0,橡胶,上期所,daily,2026-02-06,2026-02-03,3,16080.0,16100.75
RU0,橡胶,上期所,daily,2026-03-17,2026-03-16,1,16800.0,16856.75
RU0,橡胶,上期所,daily,2026-07-16,2026-07-15,1,16905.0,17013.5
RU0,橡胶,上期所,daily,2026-07-21,2026-07-20,1,16815.0,16878.5
RU0,橡胶,上期所,daily,2026-07-24,2026-07-22,2,16765.0,16873.75
SA0,纯碱,郑商所,120m,2026-01-23 11:15:00,2026-01-22 23:00:00,1,1180.0,1185.15
SA0,纯碱,郑商所,120m,2026-04-27 23:00:00,2026-04-24 23:00:00,3,1248.0,1252.05
SA0,纯碱,郑商所,120m,2026-06-03 11:15:00,2026-06-02 23:00:00,1,1199.0,1207.45
SA0,纯碱,郑商所,30m,2026-04-02 10:00:00,2026-04-02 09:30:00,1,1169.0,1172.1
SA0,纯碱,郑商所,30m,2026-04-02 14:15:00,2026-04-02 13:45:00,1,1171.0,1171.35
SA0,纯碱,郑商所,30m,2026-04-02 21:30:00,2026-04-02 15:00:00,1,1159.0,1170.15
SA0,纯碱,郑商所,30m,2026-04-08 14:15:00,2026-04-08 10:45:00,3,1150.0,1151.8
SA0,纯碱,郑商所,30m,2026-04-08 15:00:00,2026-04-08 14:45:00,1,1149.0,1151.15
SA0,纯碱,郑商所,30m,2026-04-21 21:30:00,2026-04-21 15:00:00,1,1242.0,1245.6
SA0,纯碱,郑商所,30m,2026-04-24 10:00:00,2026-04-24 09:30:00,1,1251.0,1260.25
SA0,纯碱,郑商所,30m,2026-04-24 22:00:00,2026-04-24 21:30:00,1,1255.0,1255.75
SA0,纯碱,郑商所,30m,2026-04-27 09:30:00,2026-04-24 23:00:00,1,1252.0,1254.9
SA0,纯碱,郑商所,30m,2026-04-30 14:15:00,2026-04-30 11:15:00,2,1236.0,1237.5
SA0,纯碱,郑商所,30m,2026-05-08 09:30:00,2026-05-07 23:00:00,1,1260.0,1261.9
SA0,纯碱,郑商所,30m,2026-05-18 14:45:00,2026-05-18 13:45:00,2,1197.0,1197.7
SA0,纯碱,郑商所,30m,2026-05-18 21:30:00,2026-05-18 15:00:00,1,1194.0,1196.5
SA0,纯碱,郑商所,30m,2026-05-18 22:30:00,2026-05-18 22:00:00,1,1195.0,1195.55
SA0,纯碱,郑商所,30m,2026-05-19 09:30:00,2026-05-18 23:00:00,1,1194.0,1194.9
SA0,纯碱,郑商所,30m,2026-05-19 14:45:00,2026-05-19 14:15:00,1,1192.0,1194.65
SA0,纯碱,郑商所,30m,2026-05-21 22:00:00,2026-05-21 21:30:00,1,1183.0,1183.9
SA0,纯碱,郑商所,30m,2026-05-22 10:00:00,2026-05-22 09:30:00,1,1181.0,1184.6
SA0,纯碱,郑商所,30m,2026-05-26 23:00:00,2026-05-26 21:30:00,3,1201.0,1202.1
SA0,纯碱,郑商所,30m,2026-05-27 21:30:00,2026-05-27 15:00:00,1,1199.0,1200.95
SA0,纯碱,郑商所,30m,2026-05-28 10:00:00,2026-05-27 22:30:00,3,1199.0,1202.0
SA0,纯碱,郑商所,30m,2026-05-28 13:45:00,2026-05-28 11:15:00,1,1200.0,1202.15
SA0,纯碱,郑商所,30m,2026-06-03 22:00:00,2026-06-03 21:30:00,1,1204.0,1204.2
SA0,纯碱,郑商所,30m,2026-06-12 10:45:00,2026-06-12 10:00:00,1,1153.0,1154.9
SA0,纯碱,郑商所,30m,2026-06-16 22:30:00,2026-06-16 22:00:00,1,1163.0,1166.0
SA0,纯碱,郑商所,30m,2026-06-17 11:15:00,2026-06-17 10:00:00,2,1164.0,1164.75
SA0,纯碱,郑商所,30m,2026-06-23 21:30:00,2026-06-23 14:45:00,2,1125.0,1127.35
SA0,纯碱,郑商所,30m,2026-06-24 09:30:00,2026-06-23 22:30:00,2,1125.0,1127.05
SA0,纯碱,郑商所,30m,2026-06-24 13:45:00,2026-06-24 10:45:00,2,1125.0,1127.2
SA0,纯碱,郑商所,30m,2026-06-30 22:00:00,2026-06-30 21:30:00,1,1089.0,1090.45
SA0,纯碱,郑商所,30m,2026-07-21 14:45:00,2026-07-21 14:15:00,1,1009.0,1009.5
SA0,纯碱,郑商所,30m,2026-07-24 21:30:00,2026-07-24 14:45:00,2,1001.0,1003.1
SA0,纯碱,郑商所,30m,2026-07-24 22:30:00,2026-07-24 22:00:00,1,1000.0,1001.95
SA0,纯碱,郑商所,30m,2026-07-27 10:45:00,2026-07-24 23:00:00,3,1000.0,1001.55
SA0,纯碱,郑商所,30m,2026-07-31 11:15:00,2026-07-31 09:30:00,3,939.0,943.1
SA0,纯碱,郑商所,60m,2026-01-12 22:00:00,2026-01-12 15:00:00,1,1226.0,1234.25
SA0,纯碱,郑商所,60m,2026-01-13 14:15:00,2026-01-13 10:00:00,2,1213.0,1227.05
SA0,纯碱,郑商所,60m,2026-01-14 15:00:00,2026-01-14 14:15:00,1,1222.0,1224.7
SA0,纯碱,郑商所,60m,2026-01-19 11:15:00,2026-01-16 22:00:00,3,1195.0,1202.75
SA0,纯碱,郑商所,60m,2026-02-02 23:00:00,2026-02-02 22:00:00,1,1207.0,1211.15
SA0,纯碱,郑商所,60m,2026-03-02 22:00:00,2026-03-02 14:15:00,2,1178.0,1184.7
SA0,纯碱,郑商所,60m,2026-03-25 22:00:00,2026-03-25 14:15:00,2,1237.0,1240.45
SA0,纯碱,郑商所,60m,2026-04-27 11:15:00,2026-04-27 10:00:00,1,1257.0,1257.5
SA0,纯碱,郑商所,60m,2026-04-27 22:00:00,2026-04-27 15:00:00,1,1247.0,1256.9
SA0,纯碱,郑商所,60m,2026-05-21 15:00:00,2026-05-21 10:00:00,3,1182.0,1188.35
SA0,纯碱,郑商所,60m,2026-06-11 10:00:00,2026-06-10 23:00:00,1,1153.0,1153.85
SA0,纯碱,郑商所,60m,2026-06-12 11:15:00,2026-06-12 10:00:00,1,1153.0,1153.2
SA0,纯碱,郑商所,60m,2026-07-27 11:15:00,2026-07-27 10:00:00,1,1001.0,1005.45
SA0,纯碱,郑商所,90m,2026-01-13 13:45:00,2026-01-13 10:00:00,1,1222.0,1231.35
SA0,纯碱,郑商所,90m,2026-02-03 13:45:00,2026-02-02 22:30:00,2,1197.0,1206.8
SA0,纯碱,郑商所,90m,2026-03-02 22:30:00,2026-03-02 13:45:00,2,1173.0,1181.4
SA0,纯碱,郑商所,90m,2026-04-13 10:00:00,2026-04-10 22:30:00,1,1145.0,1147.65
SA0,纯碱,郑商所,90m,2026-04-13 15:00:00,2026-04-13 13:45:00,1,1143.0,1145.95
SA0,纯碱,郑商所,90m,2026-05-21 13:45:00,2026-05-21 10:00:00,1,1191.0,1192.5
SA0,纯碱,郑商所,90m,2026-06-03 10:00:00,2026-06-02 22:30:00,1,1197.0,1209.3
SA0,纯碱,郑商所,90m,2026-06-11 22:30:00,2026-06-11 13:45:00,2,1154.0,1156.3
SA0,纯碱,郑商所,90m,2026-07-10 15:00:00,2026-07-10 13:45:00,1,1084.0,1086.3
SA0,纯碱,郑商所,90m,2026-07-13 10:00:00,2026-07-10 13:45:00,3,1082.0,1083.5
SA0,纯碱,郑商所,90m,2026-07-23 13:45:00,2026-07-23 10:00:00,1,1003.0,1011.3
SA0,纯碱,郑商所,90m,2026-07-27 13:45:00,2026-07-27 10:00:00,1,995.0,1004.4
SA0,纯碱,郑商所,daily,2026-01-27,2026-01-26,1,1194.0,1204.0
SA0,纯碱,郑商所,daily,2026-01-30,2026-01-29,1,1204.0,1205.15
SA0,纯碱,郑商所,daily,2026-02-06,2026-02-04,2,1190.0,1201.5
SA0,纯碱,郑商所,daily,2026-02-26,2026-02-25,1,1191.0,1191.65
SA0,纯碱,郑商所,daily,2026-03-02,2026-02-27,1,1188.0,1191.6
SA0,纯碱,郑商所,daily,2026-03-26,2026-03-23,3,1225.0,1233.15
SA0,纯碱,郑商所,daily,2026-06-02,2026-05-29,2,1206.0,1211.25
SC0,原油,能源中心,120m,2026-01-15 23:00:00,2026-01-15 15:00:00,1,440.4,444.845
SC0,原油,能源中心,120m,2026-01-21 09:30:00,2026-01-20 23:00:00,2,439.5,440.7
SC0,原油,能源中心,120m,2026-01-21 15:00:00,2026-01-21 13:45:00,1,440.8,440.81
SC0,原油,能源中心,120m,2026-02-04 13:45:00,2026-02-04 09:30:00,1,461.6,463.61
SC0,原油,能源中心,120m,2026-03-17 13:45:00,2026-03-17 01:00:00,2,753.5,754.57
SC0,原油,能源中心,120m,2026-03-17 23:00:00,2026-03-17 15:00:00,1,753.6,759.19
SC0,原油,能源中心,120m,2026-03-18 09:30:00,2026-03-18 01:00:00,1,761.0,762.31
SC0,原油,能源中心,120m,2026-04-17 09:30:00,2026-04-17 01:00:00,1,637.8,640.97
SC0,原油,能源中心,120m,2026-05-11 15:00:00,2026-05-11 13:45:00,1,635.2,635.385
SC0,原油,能源中心,120m,2026-06-08 23:00:00,2026-06-08 09:30:00,3,591.0,599.91
SC0,原油,能源中心,120m,2026-06-11 13:45:00,2026-06-11 01:00:00,2,581.6,586.165
SC0,原油,能源中心,120m,2026-07-07 01:00:00,2026-07-06 23:00:00,1,438.3,439.595
SC0,原油,能源中心,120m,2026-07-13 01:00:00,2026-07-11 09:30:00,1,462.7,467.935
SC0,原油,能源中心,30m,2026-05-25 00:00:00,2026-05-23 02:30:00,2,637.9,638.19
SC0,原油,能源中心,30m,2026-05-26 10:00:00,2026-05-26 09:30:00,1,605.6,606.05
SC0,原油,能源中心,30m,2026-06-05 14:15:00,2026-06-05 10:45:00,3,595.9,596.66
SC0,原油,能源中心,30m,2026-06-10 13:45:00,2026-06-10 10:00:00,3,571.9,574.13
SC0,原油,能源中心,30m,2026-06-12 01:00:00,2026-06-12 00:30:00,1,583.5,585.075
SC0,原油,能源中心,30m,2026-06-16 11:15:00,2026-06-16 09:30:00,3,526.7,530.795
SC0,原油,能源中心,30m,2026-06-17 14:45:00,2026-06-17 14:15:00,1,510.0,513.655
SC0,原油,能源中心,30m,2026-06-30 13:45:00,2026-06-30 11:15:00,1,461.7,463.01
SC0,原油,能源中心,30m,2026-07-10 14:15:00,2026-07-10 13:45:00,1,470.6,472.135
SC0,原油,能源中心,30m,2026-07-10 15:00:00,2026-07-10 14:45:00,1,471.2,472.09
SC0,原油,能源中心,30m,2026-07-17 01:00:00,2026-07-17 00:30:00,1,516.1,517.54
SC0,原油,能源中心,30m,2026-07-17 10:45:00,2026-07-17 09:30:00,2,517.1,517.54
SC0,原油,能源中心,30m,2026-07-28 14:45:00,2026-07-28 14:15:00,1,534.4,540.285
SC0,原油,能源中心,60m,2026-04-10 00:00:00,2026-04-09 23:00:00,1,633.4,639.92
SC0,原油,能源中心,60m,2026-04-14 22:00:00,2026-04-14 13:45:00,3,638.8,650.395
SC0,原油,能源中心,60m,2026-04-17 22:00:00,2026-04-17 15:00:00,1,601.5,633.605
SC0,原油,能源中心,60m,2026-04-21 09:30:00,2026-04-21 02:00:00,1,614.0,614.575
SC0,原油,能源中心,60m,2026-05-09 02:00:00,2026-05-08 23:00:00,2,625.8,626.06
SC0,原油,能源中心,60m,2026-05-28 14:45:00,2026-05-28 13:45:00,1,598.1,600.61
SC0,原油,能源中心,60m,2026-05-28 23:00:00,2026-05-28 22:00:00,1,592.5,598.94
SC0,原油,能源中心,60m,2026-06-12 02:00:00,2026-06-12 00:00:00,2,559.2,580.7
SC0,原油,能源中心,60m,2026-06-18 00:00:00,2026-06-17 23:00:00,1,515.6,518.715
SC0,原油,能源中心,60m,2026-06-30 09:30:00,2026-06-30 01:00:00,2,461.3,463.13
SC0,原油,能源中心,60m,2026-07-01 00:00:00,2026-06-30 22:00:00,2,460.2,462.38
SC0,原油,能源中心,60m,2026-07-04 02:00:00,2026-07-04 01:00:00,1,438.2,438.56
SC0,原油,能源中心,60m,2026-07-06 09:30:00,2026-07-04 09:30:00,2,435.8,438.345
SC0,原油,能源中心,60m,2026-07-07 01:00:00,2026-07-06 22:00:00,3,438.3,439.325
SC0,原油,能源中心,60m,2026-07-16 02:00:00,2026-07-16 00:00:00,2,514.9,516.76
SC0,原油,能源中心,60m,2026-07-16 13:45:00,2026-07-16 09:30:00,2,514.6,517.58
SC0,原油,能源中心,60m,2026-07-17 00:00:00,2026-07-16 22:00:00,2,516.9,517.58
SC0,原油,能源中心,60m,2026-07-17 10:45:00,2026-07-17 09:30:00,1,517.1,517.515
SC0,原油,能源中心,60m,2026-07-21 09:30:00,2026-07-21 02:00:00,1,530.7,533.865
SC0,原油,能源中心,90m,2026-01-07 00:00:00,2026-01-06 22:30:00,1,429.1,430.41
SC0,原油,能源中心,90m,2026-01-19 00:00:00,2026-01-17 09:30:00,1,443.7,445.71
SC0,原油,能源中心,90m,2026-01-21 09:30:00,2026-01-20 22:30:00,3,439.5,440.53
SC0,原油,能源中心,90m,2026-02-02 09:30:00,2026-02-02 00:00:00,1,461.0,473.17
SC0,原油,能源中心,90m,2026-02-06 22:30:00,2026-02-06 11:15:00,3,462.8,465.245
SC0,原油,能源中心,90m,2026-02-09 09:30:00,2026-02-07 01:30:00,3,465.9,467.065
SC0,原油,能源中心,90m,2026-02-27 09:30:00,2026-02-27 00:00:00,2,481.9,487.44
SC0,原油,能源中心,90m,2026-03-17 15:00:00,2026-03-17 14:45:00,1,761.2,761.28
SC0,原油,能源中心,90m,2026-03-18 09:30:00,2026-03-18 00:00:00,2,761.0,762.48
SC0,原油,能源中心,90m,2026-04-08 09:30:00,2026-04-08 01:30:00,1,624.8,704.46
SC0,原油,能源中心,90m,2026-05-14 00:00:00,2026-05-13 22:30:00,1,629.0,638.9
SC0,原油,能源中心,90m,2026-05-28 14:45:00,2026-05-28 11:15:00,1,598.1,601.365
SC0,原油,能源中心,90m,2026-06-12 01:30:00,2026-06-12 00:00:00,1,567.9,579.285
SC0,原油,能源中心,90m,2026-07-01 00:00:00,2026-06-30 22:30:00,1,460.2,463.03
SC0,原油,能源中心,90m,2026-07-17 11:15:00,2026-07-17 09:30:00,1,515.8,517.87
SC0,原油,能源中心,90m,2026-07-27 00:00:00,2026-07-25 09:30:00,1,571.6,577.21
SC0,原油,能源中心,90m,2026-07-29 14:45:00,2026-07-29 11:15:00,1,543.8,545.055
SC0,原油,能源中心,daily,2026-05-13,2026-05-12,1,635.3,643.25
SF0,硅铁,郑商所,120m,2026-01-13 15:00:00,2026-01-13 11:15:00,1,5682.0,5707.6
SF0,硅铁,郑商所,120m,2026-01-14 15:00:00,2026-01-14 11:15:00,1,5690.0,5707.5
SF0,硅铁,郑商所,120m,2026-02-04 15:00:00,2026-02-04 11:15:00,1,5644.0,5644.5
SF0,硅铁,郑商所,120m,2026-02-06 15:00:00,2026-02-05 15:00:00,2,5624.0,5646.7
SF0,硅铁,郑商所,120m,2026-02-09 15:00:00,2026-02-09 11:15:00,1,5594.0,5644.1
SF0,硅铁,郑商所,120m,2026-04-21 15:00:00,2026-04-20 11:15:00,3,5710.0,5714.9
SF0,硅铁,郑商所,120m,2026-05-12 15:00:00,2026-05-12 11:15:00,1,5762.0,5790.4
SF0,硅铁,郑商所,120m,2026-05-14 11:15:00,2026-05-13 11:15:00,2,5772.0,5796.0
SF0,硅铁,郑商所,120m,2026-05-15 11:15:00,2026-05-14 15:00:00,1,5744.0,5795.6
SF0,硅铁,郑商所,120m,2026-05-18 15:00:00,2026-05-18 11:15:00,1,5784.0,5795.4
SF0,硅铁,郑商所,120m,2026-06-02 15:00:00,2026-06-01 11:15:00,3,5890.0,5895.2
SF0,硅铁,郑商所,120m,2026-06-09 11:15:00,2026-06-08 11:15:00,2,5878.0,5907.3
SF0,硅铁,郑商所,120m,2026-06-10 11:15:00,2026-06-09 15:00:00,1,5884.0,5909.0
SF0,硅铁,郑商所,120m,2026-07-01 11:15:00,2026-06-30 11:15:00,2,5632.0,5651.3
SF0,硅铁,郑商所,120m,2026-07-20 15:00:00,2026-07-20 11:15:00,1,5782.0,5804.9
SF0,硅铁,郑商所,120m,2026-07-30 11:15:00,2026-07-29 11:15:00,2,5804.0,5833.0
SF0,硅铁,郑商所,30m,2026-02-02 10:45:00,2026-02-02 10:00:00,1,5656.0,5688.9
SF0,硅铁,郑商所,30m,2026-02-03 10:00:00,2026-02-03 09:30:00,1,5666.0,5669.7
SF0,硅铁,郑商所,30m,2026-02-09 11:15:00,2026-02-09 10:45:00,1,5650.0,5655.8
SF0,硅铁,郑商所,30m,2026-03-11 14:45:00,2026-03-11 14:15:00,1,5890.0,5892.2
SF0,硅铁,郑商所,30m,2026-03-16 10:00:00,2026-03-16 09:30:00,1,5922.0,5924.5
SF0,硅铁,郑商所,30m,2026-03-27 13:45:00,2026-03-27 11:15:00,1,5984.0,6012.0
SF0,硅铁,郑商所,30m,2026-04-08 14:15:00,2026-04-08 13:45:00,1,5768.0,5786.5
SF0,硅铁,郑商所,30m,2026-04-16 14:15:00,2026-04-16 13:45:00,1,5706.0,5711.9
SF0,硅铁,郑商所,30m,2026-04-17 09:30:00,2026-04-16 14:45:00,2,5680.0,5712.0
SF0,硅铁,郑商所,30m,2026-04-17 13:45:00,2026-04-17 11:15:00,1,5704.0,5709.6
SF0,硅铁,郑商所,30m,2026-04-30 13:45:00,2026-04-30 11:15:00,1,5794.0,5795.7
SF0,硅铁,郑商所,30m,2026-05-07 10:00:00,2026-05-06 14:45:00,3,5776.0,5821.4
SF0,硅铁,郑商所,30m,2026-05-13 09:30:00,2026-05-12 15:00:00,1,5738.0,5745.4
SF0,硅铁,郑商所,30m,2026-05-14 14:15:00,2026-05-14 13:45:00,1,5786.0,5792.6
SF0,硅铁,郑商所,30m,2026-05-15 09:30:00,2026-05-14 15:00:00,1,5770.0,5791.3
SF0,硅铁,郑商所,30m,2026-05-19 11:15:00,2026-05-19 09:30:00,3,5792.0,5812.5
SF0,硅铁,郑商所,30m,2026-05-20 13:45:00,2026-05-20 10:45:00,2,5854.0,5855.0
SF0,硅铁,郑商所,30m,2026-05-28 14:45:00,2026-05-28 14:15:00,1,5892.0,5892.5
SF0,硅铁,郑商所,30m,2026-05-29 10:00:00,2026-05-29 09:30:00,1,5892.0,5899.1
SF0,硅铁,郑商所,30m,2026-05-29 11:15:00,2026-05-29 10:45:00,1,5888.0,5903.0
SF0,硅铁,郑商所,30m,2026-06-03 10:00:00,2026-06-02 15:00:00,2,5874.0,5892.7
SF0,硅铁,郑商所,30m,2026-06-10 09:30:00,2026-06-09 14:15:00,3,5854.0,5897.2
SF0,硅铁,郑商所,30m,2026-06-25 10:00:00,2026-06-25 09:30:00,1,5624.0,5624.7
SF0,硅铁,郑商所,30m,2026-06-26 09:30:00,2026-06-25 14:15:00,3,5604.0,5616.1
SF0,硅铁,郑商所,30m,2026-07-09 14:45:00,2026-07-09 14:15:00,1,5818.0,5820.9
SF0,硅铁,郑商所,30m,2026-07-10 09:30:00,2026-07-09 15:00:00,1,5768.0,5819.4
SF0,硅铁,郑商所,30m,2026-07-16 10:00:00,2026-07-16 09:30:00,1,5798.0,5806.1
SF0,硅铁,郑商所,30m,2026-07-17 10:00:00,2026-07-17 09:30:00,1,5796.0,5815.7
SF0,硅铁,郑商所,30m,2026-07-21 15:00:00,2026-07-21 14:45:00,1,5782.0,5782.8
SF0,硅铁,郑商所,60m,2026-01-13 14:15:00,2026-01-13 11:15:00,1,5700.0,5722.6
SF0,硅铁,郑商所,60m,2026-01-14 14:15:00,2026-01-14 11:15:00,1,5696.0,5696.5
SF0,硅铁,郑商所,60m,2026-01-15 10:00:00,2026-01-14 15:00:00,1,5652.0,5679.4
SF0,硅铁,郑商所,60m,2026-01-21 15:00:00,2026-01-21 14:15:00,1,5556.0,5571.4
SF0,硅铁,郑商所,60m,2026-02-02 11:15:00,2026-01-30 14:15:00,3,5646.0,5653.4
SF0,硅铁,郑商所,60m,2026-02-03 11:15:00,2026-02-03 10:00:00,1,5624.0,5657.6
SF0,硅铁,郑商所,60m,2026-02-09 14:15:00,2026-02-09 11:15:00,1,5600.0,5641.1
SF0,硅铁,郑商所,60m,2026-03-16 11:15:00,2026-03-16 10:00:00,1,5866.0,5904.2
SF0,硅铁,郑商所,60m,2026-03-31 10:00:00,2026-03-30 14:15:00,2,5964.0,6031.2
SF0,硅铁,郑商所,60m,2026-04-17 14:15:00,2026-04-17 11:15:00,1,5700.0,5708.0
SF0,硅铁,郑商所,60m,2026-05-08 11:15:00,2026-05-07 14:15:00,3,5798.0,5815.6
SF0,硅铁,郑商所,60m,2026-05-12 14:15:00,2026-05-12 10:00:00,2,5758.0,5792.6
SF0,硅铁,郑商所,60m,2026-05-15 10:00:00,2026-05-14 14:15:00,2,5744.0,5773.3
SF0,硅铁,郑商所,60m,2026-05-18 15:00:00,2026-05-18 10:00:00,3,5784.0,5800.4
SF0,硅铁,郑商所,60m,2026-05-19 11:15:00,2026-05-19 10:00:00,1,5792.0,5801.3
SF0,硅铁,郑商所,60m,2026-06-01 14:15:00,2026-06-01 10:00:00,2,5892.0,5894.6
SF0,硅铁,郑商所,60m,2026-06-02 14:15:00,2026-06-01 15:00:00,3,5876.0,5891.9
SF0,硅铁,郑商所,60m,2026-06-05 14:15:00,2026-06-05 11:15:00,1,5854.0,5908.5
SF0,硅铁,郑商所,60m,2026-06-09 10:00:00,2026-06-08 11:15:00,3,5858.0,5913.3
SF0,硅铁,郑商所,60m,2026-06-10 10:00:00,2026-06-09 15:00:00,1,5886.0,5914.4
SF0,硅铁,郑商所,60m,2026-07-17 14:15:00,2026-07-17 11:15:00,1,5784.0,5798.4
SF0,硅铁,郑商所,60m,2026-07-20 14:15:00,2026-07-20 10:00:00,2,5778.0,5803.3
SF0,硅铁,郑商所,90m,2026-01-12 14:15:00,2026-01-12 10:45:00,1,5696.0,5701.1
SF0,硅铁,郑商所,90m,2026-01-13 14:15:00,2026-01-13 10:45:00,1,5700.0,5704.9
SF0,硅铁,郑商所,90m,2026-02-04 14:15:00,2026-02-04 10:45:00,1,5644.0,5646.8
SF0,硅铁,郑商所,90m,2026-02-05 15:00:00,2026-02-05 10:45:00,2,5650.0,5655.9
SF0,硅铁,郑商所,90m,2026-02-06 14:15:00,2026-02-06 10:45:00,1,5652.0,5660.4
SF0,硅铁,郑商所,90m,2026-02-09 14:15:00,2026-02-09 10:45:00,1,5600.0,5645.9
SF0,硅铁,郑商所,90m,2026-03-18 10:45:00,2026-03-17 10:45:00,3,5820.0,5899.4
SF0,硅铁,郑商所,90m,2026-03-31 10:45:00,2026-03-30 14:15:00,2,5960.0,6044.4
SF0,硅铁,郑商所,90m,2026-04-16 10:45:00,2026-04-15 10:45:00,3,5708.0,5710.4
SF0,硅铁,郑商所,90m,2026-04-17 10:45:00,2026-04-16 15:00:00,1,5684.0,5702.3
SF0,硅铁,郑商所,90m,2026-05-12 14:15:00,2026-05-12 10:45:00,1,5758.0,5799.2
SF0,硅铁,郑商所,90m,2026-05-14 10:45:00,2026-05-13 10:45:00,3,5790.0,5796.9
SF0,硅铁,郑商所,90m,2026-05-15 10:45:00,2026-05-14 15:00:00,1,5752.0,5789.1
SF0,硅铁,郑商所,90m,2026-05-18 15:00:00,2026-05-18 10:45:00,2,5784.0,5784.5
SF0,硅铁,郑商所,90m,2026-05-29 14:15:00,2026-05-29 10:45:00,1,5824.0,5896.4
SF0,硅铁,郑商所,90m,2026-06-01 14:15:00,2026-06-01 10:45:00,1,5892.0,5894.4
SF0,硅铁,郑商所,90m,2026-06-09 10:45:00,2026-06-08 10:45:00,3,5876.0,5904.6
SF0,硅铁,郑商所,90m,2026-06-10 10:45:00,2026-06-09 15:00:00,1,5890.0,5908.5
SF0,硅铁,郑商所,90m,2026-07-17 14:15:00,2026-07-16 15:00:00,2,5784.0,5799.9
SF0,硅铁,郑商所,90m,2026-07-20 14:15:00,2026-07-20 10:45:00,1,5778.0,5795.6
SF0,硅铁,郑商所,90m,2026-07-30 10:45:00,2026-07-29 10:45:00,3,5846.0,5854.8
SF0,硅铁,郑商所,daily,2026-02-02,2026-01-29,2,5624.0,5649.4
SF0,硅铁,郑商所,daily,2026-02-06,2026-02-04,2,5624.0,5629.5
SF0,硅铁,郑商所,daily,2026-04-24,2026-04-23,1,5742.0,5781.6
SF0,硅铁,郑商所,daily,2026-05-15,2026-05-12,3,5732.0,5768.4
SH0,烧碱,郑商所,120m,2026-01-07 11:15:00,2026-01-06 23:00:00,1,2217.0,2227.05
SH0,烧碱,郑商所,120m,2026-01-08 11:15:00,2026-01-07 15:00:00,2,2227.0,2227.45
SH0,烧碱,郑商所,120m,2026-01-09 23:00:00,2026-01-09 15:00:00,1,2211.0,2217.1
SH0,烧碱,郑商所,120m,2026-01-26 23:00:00,2026-01-26 15:00:00,1,1942.0,1962.95
SH0,烧碱,郑商所,120m,2026-01-27 15:00:00,2026-01-27 11:15:00,1,1951.0,1958.7
SH0,烧碱,郑商所,120m,2026-02-04 23:00:00,2026-02-04 11:15:00,2,1954.0,1974.15
SH0,烧碱,郑商所,120m,2026-03-04 11:15:00,2026-03-03 15:00:00,2,2108.0,2130.15
SH0,烧碱,郑商所,120m,2026-03-18 11:15:00,2026-03-17 11:15:00,3,2438.0,2480.75
SH0,烧碱,郑商所,120m,2026-03-19 11:15:00,2026-03-18 23:00:00,1,2465.0,2504.6
SH0,烧碱,郑商所,120m,2026-03-25 11:15:00,2026-03-24 11:15:00,3,2489.0,2527.35
SH0,烧碱,郑商所,120m,2026-04-27 15:00:00,2026-04-27 11:15:00,1,2087.0,2093.15
SH0,烧碱,郑商所,120m,2026-05-19 23:00:00,2026-05-19 15:00:00,1,2006.0,2030.6
SH0,烧碱,郑商所,120m,2026-05-20 15:00:00,2026-05-20 11:15:00,1,2025.0,2027.6
SH0,烧碱,郑商所,120m,2026-05-21 15:00:00,2026-05-21 11:15:00,1,2020.0,2026.55
SH0,烧碱,郑商所,120m,2026-05-22 15:00:00,2026-05-22 11:15:00,1,2001.0,2021.1
SH0,烧碱,郑商所,120m,2026-06-03 23:00:00,2026-06-03 15:00:00,1,1947.0,1949.95
SH0,烧碱,郑商所,120m,2026-06-08 11:15:00,2026-06-05 23:00:00,1,1880.0,1935.15
SH0,烧碱,郑商所,120m,2026-06-11 15:00:00,2026-06-11 11:15:00,1,1890.0,1902.05
SH0,烧碱,郑商所,120m,2026-06-15 11:15:00,2026-06-12 11:15:00,3,1887.0,1892.6
SH0,烧碱,郑商所,120m,2026-07-07 11:15:00,2026-07-06 11:15:00,3,1878.0,1895.4
SH0,烧碱,郑商所,120m,2026-07-20 15:00:00,2026-07-20 11:15:00,1,1912.0,1912.25
SH0,烧碱,郑商所,30m,2026-03-31 15:00:00,2026-03-31 14:45:00,1,2340.0,2353.35
SH0,烧碱,郑商所,30m,2026-03-31 22:00:00,2026-03-31 21:30:00,1,2336.0,2348.1
SH0,烧碱,郑商所,30m,2026-04-07 11:15:00,2026-04-07 09:30:00,3,2244.0,2278.55
SH0,烧碱,郑商所,30m,2026-04-16 14:15:00,2026-04-16 10:45:00,3,2087.0,2087.1
SH0,烧碱,郑商所,30m,2026-04-16 21:30:00,2026-04-16 14:45:00,2,2086.0,2088.75
SH0,烧碱,郑商所,30m,2026-04-17 23:00:00,2026-04-17 22:30:00,1,2076.0,2078.6
SH0,烧碱,郑商所,30m,2026-04-20 14:15:00,2026-04-20 11:15:00,2,2067.0,2071.35
SH0,烧碱,郑商所,30m,2026-04-20 15:00:00,2026-04-20 14:45:00,1,2063.0,2071.2
SH0,烧碱,郑商所,30m,2026-04-29 10:00:00,2026-04-28 23:00:00,2,2038.0,2050.2
SH0,烧碱,郑商所,30m,2026-04-29 13:45:00,2026-04-29 11:15:00,1,2037.0,2043.7
SH0,烧碱,郑商所,30m,2026-04-30 15:00:00,2026-04-30 14:45:00,1,2026.0,2026.35
SH0,烧碱,郑商所,30m,2026-05-14 10:45:00,2026-05-14 10:00:00,1,2039.0,2042.3
SH0,烧碱,郑商所,30m,2026-05-15 10:00:00,2026-05-14 22:30:00,3,2041.0,2042.65
SH0,烧碱,郑商所,30m,2026-05-15 13:45:00,2026-05-15 11:15:00,1,2035.0,2040.45
SH0,烧碱,郑商所,30m,2026-05-19 10:00:00,2026-05-19 09:30:00,1,1992.0,2005.35
SH0,烧碱,郑商所,30m,2026-05-26 23:00:00,2026-05-26 22:30:00,1,1971.0,1975.4
SH0,烧碱,郑商所,30m,2026-05-29 10:00:00,2026-05-29 09:30:00,1,1954.0,1956.15
SH0,烧碱,郑商所,30m,2026-06-12 10:45:00,2026-06-12 10:00:00,1,1891.0,1891.75
SH0,烧碱,郑商所,30m,2026-06-22 11:15:00,2026-06-22 10:45:00,1,1983.0,1988.4
SH0,烧碱,郑商所,30m,2026-06-29 21:30:00,2026-06-29 14:15:00,3,1903.0,1920.25
SH0,烧碱,郑商所,30m,2026-07-02 21:30:00,2026-07-02 14:15:00,3,1877.0,1882.45
SH0,烧碱,郑商所,30m,2026-07-02 22:30:00,2026-07-02 22:00:00,1,1878.0,1882.15
SH0,烧碱,郑商所,30m,2026-07-14 10:45:00,2026-07-14 10:00:00,1,1923.0,1923.15
SH0,烧碱,郑商所,30m,2026-07-15 13:45:00,2026-07-15 10:45:00,2,1923.0,1927.45
SH0,烧碱,郑商所,30m,2026-07-31 10:45:00,2026-07-31 09:30:00,2,1841.0,1842.45
SH0,烧碱,郑商所,60m,2026-01-09 22:00:00,2026-01-09 15:00:00,1,2199.0,2218.15
SH0,烧碱,郑商所,60m,2026-01-23 10:00:00,2026-01-22 22:00:00,2,1943.0,1958.1
SH0,烧碱,郑商所,60m,2026-01-26 22:00:00,2026-01-26 14:15:00,2,1938.0,1946.95
SH0,烧碱,郑商所,60m,2026-03-10 10:00:00,2026-03-09 23:00:00,1,2263.0,2349.4
SH0,烧碱,郑商所,60m,2026-03-16 15:00:00,2026-03-16 14:15:00,1,2547.0,2552.0
SH0,烧碱,郑商所,60m,2026-03-24 15:00:00,2026-03-24 10:00:00,3,2557.0,2563.4
SH0,烧碱,郑商所,60m,2026-03-24 23:00:00,2026-03-24 22:00:00,1,2534.0,2572.95
SH0,烧碱,郑商所,60m,2026-04-07 11:15:00,2026-04-07 10:00:00,1,2244.0,2279.9
SH0,烧碱,郑商所,60m,2026-04-15 23:00:00,2026-04-15 22:00:00,1,2095.0,2097.4
SH0,烧碱,郑商所,60m,2026-04-16 14:15:00,2026-04-16 11:15:00,1,2087.0,2093.65
SH0,烧碱,郑商所,60m,2026-04-16 22:00:00,2026-04-16 15:00:00,1,2081.0,2092.3
SH0,烧碱,郑商所,60m,2026-04-21 10:00:00,2026-04-20 22:00:00,2,2077.0,2077.95
SH0,烧碱,郑商所,60m,2026-04-27 14:15:00,2026-04-27 11:15:00,1,2098.0,2102.85
SH0,烧碱,郑商所,60m,2026-05-13 22:00:00,2026-05-13 15:00:00,1,2043.0,2053.1
SH0,烧碱,郑商所,60m,2026-05-15 14:15:00,2026-05-14 23:00:00,3,2026.0,2039.4
SH0,烧碱,郑商所,60m,2026-05-18 15:00:00,2026-05-18 14:15:00,1,2025.0,2029.25
SH0,烧碱,郑商所,60m,2026-05-19 22:00:00,2026-05-19 14:15:00,2,2004.0,2018.5
SH0,烧碱,郑商所,60m,2026-05-22 14:15:00,2026-05-22 10:00:00,2,2005.0,2022.85
SH0,烧碱,郑商所,60m,2026-06-01 15:00:00,2026-06-01 14:15:00,1,1949.0,1951.6
SH0,烧碱,郑商所,60m,2026-06-05 15:00:00,2026-06-05 10:00:00,3,1935.0,1935.8
SH0,烧碱,郑商所,60m,2026-06-08 10:00:00,2026-06-05 23:00:00,1,1890.0,1932.85
SH0,烧碱,郑商所,60m,2026-06-22 10:00:00,2026-06-18 11:15:00,3,1984.0,1993.9
SH0,烧碱,郑商所,60m,2026-07-15 10:00:00,2026-07-14 15:00:00,3,1922.0,1926.95
SH0,烧碱,郑商所,60m,2026-07-15 14:15:00,2026-07-15 11:15:00,1,1912.0,1926.75
SH0,烧碱,郑商所,90m,2026-01-05 10:00:00,2025-12-31 15:00:00,1,2158.0,2237.8
SH0,烧碱,郑商所,90m,2026-01-07 10:00:00,2026-01-06 22:30:00,1,2213.0,2217.1
SH0,烧碱,郑商所,90m,2026-01-08 22:30:00,2026-01-08 15:00:00,1,2180.0,2210.35
SH0,烧碱,郑商所,90m,2026-01-12 10:00:00,2026-01-09 15:00:00,2,2178.0,2203.4
SH0,烧碱,郑商所,90m,2026-01-26 22:30:00,2026-01-26 15:00:00,1,1944.0,1952.65
SH0,烧碱,郑商所,90m,2026-01-27 13:45:00,2026-01-27 10:00:00,1,1946.0,1949.45
SH0,烧碱,郑商所,90m,2026-03-04 10:00:00,2026-03-03 15:00:00,2,2113.0,2117.6
SH0,烧碱,郑商所,90m,2026-03-10 22:30:00,2026-03-10 15:00:00,1,2278.0,2297.75
SH0,烧碱,郑商所,90m,2026-04-21 10:00:00,2026-04-20 22:30:00,1,2077.0,2082.95
SH0,烧碱,郑商所,90m,2026-04-27 15:00:00,2026-04-27 13:45:00,1,2087.0,2097.7
SH0,烧碱,郑商所,90m,2026-05-19 22:30:00,2026-05-19 13:45:00,2,2004.0,2028.25
SH0,烧碱,郑商所,90m,2026-05-20 13:45:00,2026-05-20 10:00:00,1,2021.0,2026.6
SH0,烧碱,郑商所,90m,2026-05-22 13:45:00,2026-05-22 10:00:00,1,2008.0,2018.2
SH0,烧碱,郑商所,90m,2026-06-04 10:00:00,2026-06-03 13:45:00,3,1927.0,1943.95
SH0,烧碱,郑商所,90m,2026-06-05 15:00:00,2026-06-05 10:00:00,2,1935.0,1939.15
SH0,烧碱,郑商所,90m,2026-06-11 15:00:00,2026-06-11 10:00:00,2,1890.0,1890.7
SH0,烧碱,郑商所,90m,2026-07-15 10:00:00,2026-07-14 15:00:00,2,1922.0,1930.85
SH0,烧碱,郑商所,daily,2026-05-08,2026-05-06,2,2089.0,2093.55
SH0,烧碱,郑商所,daily,2026-07-13,2026-07-08,3,1914.0,1929.35
SH0,烧碱,郑商所,daily,2026-07-15,2026-07-14,1,1908.0,1928.45
SI0,工业硅,广期所,120m,2026-01-20 15:00:00,2026-01-19 15:00:00,2,8745.0,8748.5
SI0,工业硅,广期所,120m,2026-01-30 11:15:00,2026-01-29 11:15:00,2,8775.0,8811.25
SI0,工业硅,广期所,120m,2026-02-02 15:00:00,2026-01-30 15:00:00,2,8795.0,8829.75
SI0,工业硅,广期所,120m,2026-02-03 15:00:00,2026-02-03 11:15:00,1,8815.0,8837.0
SI0,工业硅,广期所,120m,2026-05-26 11:15:00,2026-05-25 15:00:00,1,8530.0,8536.75
SI0,工业硅,广期所,120m,2026-06-09 11:15:00,2026-06-05 15:00:00,3,8515.0,8652.0
SI0,工业硅,广期所,30m,2026-01-28 10:00:00,2026-01-28 09:30:00,1,8840.0,8887.5
SI0,工业硅,广期所,30m,2026-01-30 15:00:00,2026-01-30 13:45:00,3,8850.0,8857.0
SI0,工业硅,广期所,30m,2026-02-03 10:45:00,2026-02-03 09:30:00,2,8835.0,8871.5
SI0,工业硅,广期所,30m,2026-02-04 11:15:00,2026-02-04 10:45:00,1,8845.0,8858.5
SI0,工业硅,广期所,30m,2026-02-26 10:45:00,2026-02-26 10:00:00,1,8430.0,8431.75
SI0,工业硅,广期所,30m,2026-03-02 09:30:00,2026-02-27 15:00:00,1,8330.0,8370.75
SI0,工业硅,广期所,30m,2026-03-16 11:15:00,2026-03-16 09:30:00,3,8695.0,8696.25
SI0,工业硅,广期所,30m,2026-03-16 15:00:00,2026-03-16 13:45:00,3,8685.0,8695.75
SI0,工业硅,广期所,30m,2026-04-07 14:15:00,2026-04-07 11:15:00,2,8280.0,8300.5
SI0,工业硅,广期所,30m,2026-04-08 10:00:00,2026-04-08 09:30:00,1,8290.0,8293.75
SI0,工业硅,广期所,30m,2026-04-08 14:15:00,2026-04-08 10:45:00,3,8245.0,8289.5
SI0,工业硅,广期所,30m,2026-04-09 11:15:00,2026-04-09 09:30:00,3,8285.0,8289.5
SI0,工业硅,广期所,30m,2026-04-10 15:00:00,2026-04-10 14:15:00,2,8250.0,8254.25
SI0,工业硅,广期所,30m,2026-04-22 13:45:00,2026-04-22 10:00:00,3,8665.0,8672.5
SI0,工业硅,广期所,30m,2026-04-23 09:30:00,2026-04-22 15:00:00,1,8665.0,8665.25
SI0,工业硅,广期所,30m,2026-04-24 09:30:00,2026-04-23 15:00:00,1,8635.0,8641.75
SI0,工业硅,广期所,30m,2026-04-24 14:45:00,2026-04-24 14:15:00,1,8610.0,8620.5
SI0,工业硅,广期所,30m,2026-05-29 13:45:00,2026-05-29 11:15:00,1,8575.0,8582.5
SI0,工业硅,广期所,30m,2026-06-03 09:30:00,2026-06-02 15:00:00,1,8670.0,8685.5
SI0,工业硅,广期所,30m,2026-06-04 14:45:00,2026-06-04 13:45:00,2,8700.0,8718.75
SI0,工业硅,广期所,30m,2026-06-08 09:30:00,2026-06-05 14:45:00,2,8650.0,8686.75
SI0,工业硅,广期所,30m,2026-06-24 15:00:00,2026-06-24 14:15:00,2,8495.0,8516.25
SI0,工业硅,广期所,30m,2026-06-30 09:30:00,2026-06-29 14:15:00,3,8390.0,8396.0
SI0,工业硅,广期所,30m,2026-06-30 13:45:00,2026-06-30 11:15:00,1,8385.0,8388.25
SI0,工业硅,广期所,30m,2026-06-30 15:00:00,2026-06-30 14:45:00,1,8385.0,8387.0
SI0,工业硅,广期所,30m,2026-07-01 14:45:00,2026-07-01 11:15:00,3,8375.0,8391.0
SI0,工业硅,广期所,30m,2026-07-02 11:15:00,2026-07-02 09:30:00,3,8370.0,8384.25
SI0,工业硅,广期所,30m,2026-07-03 14:15:00,2026-07-03 10:45:00,3,8370.0,8377.5
SI0,工业硅,广期所,30m,2026-07-08 10:45:00,2026-07-08 10:00:00,1,8375.0,8382.25
SI0,工业硅,广期所,30m,2026-07-08 13:45:00,2026-07-08 11:15:00,1,8375.0,8383.25
SI0,工业硅,广期所,30m,2026-07-17 10:00:00,2026-07-17 09:30:00,1,8425.0,8437.25
SI0,工业硅,广期所,30m,2026-07-27 15:00:00,2026-07-27 14:45:00,1,8300.0,8305.0
SI0,工业硅,广期所,30m,2026-07-31 11:15:00,2026-07-31 09:30:00,3,8160.0,8181.5
SI0,工业硅,广期所,30m,2026-07-31 14:15:00,2026-07-31 13:45:00,1,8160.0,8174.75
SI0,工业硅,广期所,30m,2026-07-31 15:00:00,2026-07-31 14:45:00,1,8170.0,8172.0
SI0,工业硅,广期所,60m,2026-01-12 14:15:00,2026-01-12 10:00:00,2,8780.0,8810.25
SI0,工业硅,广期所,60m,2026-01-13 14:15:00,2026-01-13 11:15:00,1,8705.0,8788.75
SI0,工业硅,广期所,60m,2026-01-15 11:15:00,2026-01-14 15:00:00,2,8665.0,8716.0
SI0,工业硅,广期所,60m,2026-01-16 11:15:00,2026-01-16 10:00:00,1,8735.0,8738.75
SI0,工业硅,广期所,60m,2026-01-21 10:00:00,2026-01-20 11:15:00,3,8700.0,8730.75
SI0,工业硅,广期所,60m,2026-01-30 10:00:00,2026-01-29 11:15:00,3,8790.0,8861.25
SI0,工业硅,广期所,60m,2026-01-30 15:00:00,2026-01-30 14:15:00,1,8850.0,8870.25
SI0,工业硅,广期所,60m,2026-02-02 14:15:00,2026-02-02 10:00:00,2,8810.0,8864.25
SI0,工业硅,广期所,60m,2026-02-03 11:15:00,2026-02-03 10:00:00,1,8850.0,8859.25
SI0,工业硅,广期所,60m,2026-02-13 15:00:00,2026-02-13 14:15:00,1,8395.0,8403.25
SI0,工业硅,广期所,60m,2026-03-02 10:00:00,2026-02-27 15:00:00,1,8340.0,8393.0
SI0,工业硅,广期所,60m,2026-03-11 15:00:00,2026-03-11 11:15:00,2,8620.0,8635.0
SI0,工业硅,广期所,60m,2026-03-12 15:00:00,2026-03-12 10:00:00,3,8645.0,8660.5
SI0,工业硅,广期所,60m,2026-03-20 15:00:00,2026-03-20 14:15:00,1,8455.0,8486.5
SI0,工业硅,广期所,60m,2026-04-07 14:15:00,2026-04-07 11:15:00,1,8280.0,8337.5
SI0,工业硅,广期所,60m,2026-04-24 10:00:00,2026-04-23 15:00:00,1,8550.0,8648.25
SI0,工业硅,广期所,60m,2026-04-27 14:15:00,2026-04-27 11:15:00,1,8615.0,8634.5
SI0,工业硅,广期所,60m,2026-04-28 10:00:00,2026-04-27 15:00:00,1,8560.0,8627.5
SI0,工业硅,广期所,60m,2026-05-21 11:15:00,2026-05-21 10:00:00,1,8500.0,8500.75
SI0,工业硅,广期所,60m,2026-06-08 14:15:00,2026-06-08 10:00:00,2,8665.0,8704.25
SI0,工业硅,广期所,60m,2026-07-01 14:15:00,2026-07-01 11:15:00,1,8400.0,8409.25
SI0,工业硅,广期所,60m,2026-07-08 14:15:00,2026-07-08 10:00:00,2,8325.0,8375.5
SI0,工业硅,广期所,60m,2026-07-23 15:00:00,2026-07-23 14:15:00,1,8295.0,8300.5
SI0,工业硅,广期所,60m,2026-07-24 11:15:00,2026-07-24 10:00:00,1,8285.0,8290.5
SI0,工业硅,广期所,90m,2026-01-16 14:15:00,2026-01-16 10:45:00,1,8600.0,8717.0
SI0,工业硅,广期所,90m,2026-01-20 10:45:00,2026-01-19 10:45:00,3,8670.0,8725.75
SI0,工业硅,广期所,90m,2026-01-21 10:45:00,2026-01-20 14:15:00,2,8665.0,8721.25
SI0,工业硅,广期所,90m,2026-01-30 10:45:00,2026-01-29 10:45:00,3,8785.0,8840.75
SI0,工业硅,广期所,90m,2026-01-30 15:00:00,2026-01-30 14:15:00,1,8850.0,8853.75
SI0,工业硅,广期所,90m,2026-02-02 14:15:00,2026-02-02 10:45:00,1,8810.0,8855.25
SI0,工业硅,广期所,90m,2026-02-05 10:45:00,2026-02-04 10:45:00,3,8745.0,8839.5
SI0,工业硅,广期所,90m,2026-02-24 14:15:00,2026-02-24 10:45:00,1,8410.0,8428.25
SI0,工业硅,广期所,90m,2026-03-02 10:45:00,2026-02-27 15:00:00,1,8245.0,8382.25
SI0,工业硅,广期所,90m,2026-04-24 10:45:00,2026-04-23 15:00:00,1,8570.0,8627.75
SI0,工业硅,广期所,90m,2026-04-27 14:15:00,2026-04-27 10:45:00,1,8615.0,8641.25
SI0,工业硅,广期所,90m,2026-06-08 14:15:00,2026-06-05 14:15:00,3,8665.0,8691.75
SI0,工业硅,广期所,90m,2026-07-07 10:45:00,2026-07-06 10:45:00,3,8370.0,8381.75
SI0,工业硅,广期所,90m,2026-07-28 10:45:00,2026-07-27 10:45:00,3,8275.0,8286.0
SI0,工业硅,广期所,daily,2026-01-13,2026-01-09,2,8635.0,8710.5
SI0,工业硅,广期所,daily,2026-01-15,2026-01-14,1,8730.0,8749.0
SI0,工业硅,广期所,daily,2026-01-20,2026-01-19,1,8745.0,8768.5
SI0,工业硅,广期所,daily,2026-07-17,2026-07-14,3,8320.0,8399.5
SM0,锰硅,郑商所,120m,2026-01-14 15:00:00,2026-01-14 11:15:00,1,5920.0,5922.5
SM0,锰硅,郑商所,120m,2026-01-26 15:00:00,2026-01-26 11:15:00,1,5828.0,5852.9
SM0,锰硅,郑商所,120m,2026-02-03 15:00:00,2026-02-03 11:15:00,1,5836.0,5838.8
SM0,锰硅,郑商所,120m,2026-02-09 15:00:00,2026-02-09 11:15:00,1,5812.0,5855.7
SM0,锰硅,郑商所,120m,2026-04-03 11:15:00,2026-04-02 11:15:00,2,6486.0,6487.4
SM0,锰硅,郑商所,120m,2026-04-20 15:00:00,2026-04-20 11:15:00,1,6200.0,6211.3
SM0,锰硅,郑商所,120m,2026-04-23 11:15:00,2026-04-21 15:00:00,3,6182.0,6188.7
SM0,锰硅,郑商所,120m,2026-05-21 15:00:00,2026-05-21 11:15:00,1,5908.0,5918.3
SM0,锰硅,郑商所,120m,2026-06-08 15:00:00,2026-06-08 11:15:00,1,6008.0,6016.2
SM0,锰硅,郑商所,30m,2026-01-30 14:15:00,2026-01-30 13:45:00,1,5874.0,5874.2
SM0,锰硅,郑商所,30m,2026-02-02 10:45:00,2026-02-02 09:30:00,2,5870.0,5889.8
SM0,锰硅,郑商所,30m,2026-02-03 10:00:00,2026-02-03 09:30:00,1,5864.0,5873.3
SM0,锰硅,郑商所,30m,2026-03-11 14:45:00,2026-03-11 14:15:00,1,6120.0,6122.3
SM0,锰硅,郑商所,30m,2026-03-24 15:00:00,2026-03-24 14:45:00,1,6480.0,6527.1
SM0,锰硅,郑商所,30m,2026-03-26 10:45:00,2026-03-26 10:00:00,1,6410.0,6489.8
SM0,锰硅,郑商所,30m,2026-04-21 10:00:00,2026-04-21 09:30:00,1,6210.0,6227.8
SM0,锰硅,郑商所,30m,2026-04-22 13:45:00,2026-04-22 10:45:00,2,6210.0,6212.1
SM0,锰硅,郑商所,30m,2026-04-22 15:00:00,2026-04-22 14:45:00,1,6200.0,6207.3
SM0,锰硅,郑商所,30m,2026-04-27 13:45:00,2026-04-27 10:00:00,3,6154.0,6168.0
SM0,锰硅,郑商所,30m,2026-04-30 10:45:00,2026-04-29 15:00:00,3,6082.0,6101.4
SM0,锰硅,郑商所,30m,2026-05-07 09:30:00,2026-05-06 14:45:00,2,6076.0,6099.2
SM0,锰硅,郑商所,30m,2026-05-14 14:15:00,2026-05-14 13:45:00,1,5902.0,5916.0
SM0,锰硅,郑商所,30m,2026-05-19 11:15:00,2026-05-19 09:30:00,3,5902.0,5903.1
SM0,锰硅,郑商所,30m,2026-05-19 15:00:00,2026-05-19 13:45:00,3,5908.0,5912.6
SM0,锰硅,郑商所,30m,2026-05-20 10:00:00,2026-05-20 09:30:00,1,5906.0,5918.7
SM0,锰硅,郑商所,30m,2026-06-03 10:00:00,2026-06-02 15:00:00,2,6016.0,6039.8
SM0,锰硅,郑商所,30m,2026-06-03 14:15:00,2026-06-03 13:45:00,1,6042.0,6043.2
SM0,锰硅,郑商所,30m,2026-06-08 11:15:00,2026-06-08 10:45:00,1,6024.0,6028.3
SM0,锰硅,郑商所,30m,2026-06-11 14:15:00,2026-06-11 13:45:00,1,5990.0,5995.6
SM0,锰硅,郑商所,30m,2026-06-11 15:00:00,2026-06-11 14:45:00,1,5994.0,5999.7
SM0,锰硅,郑商所,30m,2026-06-12 10:45:00,2026-06-12 09:30:00,2,6002.0,6005.0
SM0,锰硅,郑商所,30m,2026-06-12 13:45:00,2026-06-12 11:15:00,1,5998.0,6006.9
SM0,锰硅,郑商所,30m,2026-06-18 14:15:00,2026-06-18 11:15:00,2,5852.0,5853.2
SM0,锰硅,郑商所,30m,2026-06-22 09:30:00,2026-06-18 14:45:00,2,5840.0,5847.7
SM0,锰硅,郑商所,30m,2026-06-22 15:00:00,2026-06-22 14:45:00,1,5848.0,5848.2
SM0,锰硅,郑商所,30m,2026-07-09 11:15:00,2026-07-09 10:45:00,1,5896.0,5902.5
SM0,锰硅,郑商所,30m,2026-07-10 09:30:00,2026-07-09 14:15:00,3,5870.0,5904.2
SM0,锰硅,郑商所,30m,2026-07-14 10:00:00,2026-07-14 09:30:00,1,5872.0,5874.1
SM0,锰硅,郑商所,30m,2026-07-14 13:45:00,2026-07-14 10:45:00,2,5870.0,5871.2
SM0,锰硅,郑商所,30m,2026-07-16 10:00:00,2026-07-16 09:30:00,1,5886.0,5886.8
SM0,锰硅,郑商所,30m,2026-07-16 13:45:00,2026-07-16 10:45:00,2,5880.0,5889.6
SM0,锰硅,郑商所,30m,2026-07-28 13:45:00,2026-07-28 11:15:00,1,5684.0,5696.2
SM0,锰硅,郑商所,30m,2026-07-31 10:00:00,2026-07-31 09:30:00,1,5696.0,5700.6
SM0,锰硅,郑商所,60m,2026-02-03 11:15:00,2026-02-03 10:00:00,1,5838.0,5857.8
SM0,锰硅,郑商所,60m,2026-02-04 14:15:00,2026-02-04 10:00:00,2,5862.0,5868.9
SM0,锰硅,郑商所,60m,2026-02-09 14:15:00,2026-02-09 10:00:00,2,5832.0,5862.4
SM0,锰硅,郑商所,60m,2026-03-11 15:00:00,2026-03-11 11:15:00,2,6116.0,6126.1
SM0,锰硅,郑商所,60m,2026-03-19 11:15:00,2026-03-19 10:00:00,1,6166.0,6187.3
SM0,锰硅,郑商所,60m,2026-03-19 15:00:00,2026-03-19 14:15:00,1,6188.0,6189.6
SM0,锰硅,郑商所,60m,2026-04-02 15:00:00,2026-04-02 10:00:00,3,6502.0,6502.2
SM0,锰硅,郑商所,60m,2026-04-22 14:15:00,2026-04-22 11:15:00,1,6210.0,6218.4
SM0,锰硅,郑商所,60m,2026-05-18 15:00:00,2026-05-18 10:00:00,3,5892.0,5907.9
SM0,锰硅,郑商所,60m,2026-05-19 11:15:00,2026-05-19 10:00:00,1,5902.0,5905.5
SM0,锰硅,郑商所,60m,2026-05-19 15:00:00,2026-05-19 14:15:00,1,5908.0,5908.5
SM0,锰硅,郑商所,60m,2026-06-12 14:15:00,2026-06-12 10:00:00,2,5998.0,5998.7
SM0,锰硅,郑商所,60m,2026-06-15 11:15:00,2026-06-12 15:00:00,2,5968.0,5998.2
SM0,锰硅,郑商所,60m,2026-06-30 14:15:00,2026-06-30 11:15:00,1,5760.0,5761.1
SM0,锰硅,郑商所,60m,2026-07-01 10:00:00,2026-06-30 15:00:00,1,5728.0,5757.1
SM0,锰硅,郑商所,60m,2026-07-16 14:15:00,2026-07-16 10:00:00,2,5868.0,5881.8
SM0,锰硅,郑商所,60m,2026-07-17 10:00:00,2026-07-16 15:00:00,1,5860.0,5879.9
SM0,锰硅,郑商所,60m,2026-07-27 14:15:00,2026-07-27 11:15:00,1,5714.0,5723.6
SM0,锰硅,郑商所,90m,2026-01-27 10:45:00,2026-01-26 15:00:00,1,5822.0,5825.2
SM0,锰硅,郑商所,90m,2026-02-09 14:15:00,2026-02-09 10:45:00,1,5832.0,5863.4
SM0,锰硅,郑商所,90m,2026-03-10 15:00:00,2026-03-10 14:15:00,1,6088.0,6112.1
SM0,锰硅,郑商所,90m,2026-03-11 15:00:00,2026-03-11 10:45:00,2,6116.0,6118.3
SM0,锰硅,郑商所,90m,2026-04-03 10:45:00,2026-04-02 10:45:00,3,6476.0,6492.8
SM0,锰硅,郑商所,90m,2026-04-22 15:00:00,2026-04-21 15:00:00,3,6200.0,6207.3
SM0,锰硅,郑商所,90m,2026-05-18 15:00:00,2026-05-18 10:45:00,2,5892.0,5921.0
SM0,锰硅,郑商所,90m,2026-05-19 15:00:00,2026-05-19 10:45:00,2,5908.0,5910.4
SM0,锰硅,郑商所,90m,2026-05-21 14:15:00,2026-05-20 14:15:00,3,5898.0,5911.8
SM0,锰硅,郑商所,90m,2026-05-26 10:45:00,2026-05-25 10:45:00,3,5906.0,5922.5
SM0,锰硅,郑商所,90m,2026-06-08 14:15:00,2026-06-08 10:45:00,1,6008.0,6025.5
SM0,锰硅,郑商所,90m,2026-06-10 15:00:00,2026-06-10 14:15:00,1,6016.0,6018.1
SM0,锰硅,郑商所,90m,2026-06-15 10:45:00,2026-06-12 15:00:00,1,5990.0,5999.5
SM0,锰硅,郑商所,90m,2026-07-13 10:45:00,2026-07-10 15:00:00,1,5874.0,5875.6
SM0,锰硅,郑商所,90m,2026-07-14 14:15:00,2026-07-14 10:45:00,1,5886.0,5888.0
SM0,锰硅,郑商所,90m,2026-07-15 15:00:00,2026-07-14 15:00:00,3,5882.0,5893.8
SM0,锰硅,郑商所,90m,2026-07-30 10:45:00,2026-07-29 10:45:00,3,5698.0,5706.0
SM0,锰硅,郑商所,daily,2026-01-30,2026-01-29,1,5872.0,5873.4
SM0,锰硅,郑商所,daily,2026-02-06,2026-02-04,2,5856.0,5857.9
SM0,锰硅,郑商所,daily,2026-05-26,2026-05-25,1,5954.0,5987.2
SN0,沪锡,上期所,120m,2026-02-24 15:00:00,2026-02-24 11:15:00,1,384220.0,385028.5
SN0,沪锡,上期所,120m,2026-03-10 15:00:00,2026-03-10 01:00:00,2,392770.0,394358.0
SN0,沪锡,上期所,120m,2026-03-11 11:15:00,2026-03-10 23:00:00,2,393380.0,394218.0
SN0,沪锡,上期所,120m,2026-03-12 23:00:00,2026-03-12 15:00:00,1,388330.0,392181.5
SN0,沪锡,上期所,120m,2026-06-22 23:00:00,2026-06-22 15:00:00,1,415180.0,419858.0
SN0,沪锡,上期所,120m,2026-06-29 23:00:00,2026-06-29 15:00:00,1,387770.0,389473.5
SN0,沪锡,上期所,120m,2026-07-09 11:15:00,2026-07-09 01:00:00,1,404560.0,406712.0
SN0,沪锡,上期所,120m,2026-07-25 01:00:00,2026-07-24 23:00:00,1,414880.0,414905.0
SN0,沪锡,上期所,30m,2026-05-11 14:45:00,2026-05-11 14:15:00,1,422590.0,423746.0
SN0,沪锡,上期所,30m,2026-05-12 23:00:00,2026-05-12 22:30:00,1,427320.0,430344.0
SN0,沪锡,上期所,30m,2026-05-19 21:30:00,2026-05-19 15:00:00,1,404720.0,408879.5
SN0,沪锡,上期所,30m,2026-05-26 10:00:00,2026-05-26 00:30:00,3,422250.0,423778.0
SN0,沪锡,上期所,30m,2026-05-28 14:15:00,2026-05-28 13:45:00,1,420100.0,421300.5
SN0,沪锡,上期所,30m,2026-05-29 22:30:00,2026-05-29 21:30:00,2,424970.0,426032.0
SN0,沪锡,上期所,30m,2026-05-30 00:30:00,2026-05-29 23:00:00,2,425790.0,426540.5
SN0,沪锡,上期所,30m,2026-06-10 23:00:00,2026-06-10 22:00:00,2,398270.0,398995.0
SN0,沪锡,上期所,30m,2026-06-11 14:15:00,2026-06-11 13:45:00,1,397020.0,397674.5
SN0,沪锡,上期所,30m,2026-06-17 11:15:00,2026-06-17 09:30:00,3,422320.0,422417.5
SN0,沪锡,上期所,30m,2026-06-24 21:30:00,2026-06-24 14:15:00,3,382200.0,394579.0
SN0,沪锡,上期所,30m,2026-06-30 10:00:00,2026-06-30 09:30:00,1,388910.0,389172.5
SN0,沪锡,上期所,30m,2026-07-02 13:45:00,2026-07-02 10:45:00,2,392870.0,394837.0
SN0,沪锡,上期所,30m,2026-07-02 23:00:00,2026-07-02 21:30:00,3,393850.0,396288.5
SN0,沪锡,上期所,30m,2026-07-07 15:00:00,2026-07-07 14:45:00,1,409250.0,409525.5
SN0,沪锡,上期所,30m,2026-07-08 10:45:00,2026-07-08 10:00:00,1,409740.0,410380.5
SN0,沪锡,上期所,30m,2026-07-13 22:00:00,2026-07-13 21:30:00,1,411050.0,412736.5
SN0,沪锡,上期所,30m,2026-07-14 11:15:00,2026-07-14 10:45:00,1,408980.0,409795.0
SN0,沪锡,上期所,30m,2026-07-22 22:30:00,2026-07-22 21:30:00,2,416790.0,417025.0
SN0,沪锡,上期所,30m,2026-07-23 00:00:00,2026-07-22 23:30:00,1,416810.0,417071.5
SN0,沪锡,上期所,30m,2026-07-23 10:00:00,2026-07-23 09:30:00,1,416500.0,417048.0
SN0,沪锡,上期所,30m,2026-07-29 01:00:00,2026-07-29 00:00:00,2,413480.0,413598.0
SN0,沪锡,上期所,60m,2026-01-28 00:00:00,2026-01-27 15:00:00,3,437650.0,438079.5
SN0,沪锡,上期所,60m,2026-02-05 00:00:00,2026-02-04 15:00:00,3,382360.0,384267.0
SN0,沪锡,上期所,60m,2026-02-24 15:00:00,2026-02-24 11:15:00,2,384220.0,386171.0
SN0,沪锡,上期所,60m,2026-03-05 14:15:00,2026-03-05 01:00:00,3,384770.0,399904.5
SN0,沪锡,上期所,60m,2026-03-06 14:15:00,2026-03-06 10:00:00,2,391970.0,397849.0
SN0,沪锡,上期所,60m,2026-03-26 23:00:00,2026-03-26 22:00:00,1,350030.0,351940.5
SN0,沪锡,上期所,60m,2026-04-17 01:00:00,2026-04-17 00:00:00,1,389900.0,390750.5
SN0,沪锡,上期所,60m,2026-04-22 22:00:00,2026-04-22 11:15:00,3,392450.0,393128.0
SN0,沪锡,上期所,60m,2026-04-23 10:00:00,2026-04-22 23:00:00,3,391710.0,393306.0
SN0,沪锡,上期所,60m,2026-04-24 10:00:00,2026-04-23 23:00:00,3,391310.0,391754.0
SN0,沪锡,上期所,60m,2026-04-29 22:00:00,2026-04-29 11:15:00,3,380740.0,385981.5
SN0,沪锡,上期所,60m,2026-05-11 14:15:00,2026-05-11 10:00:00,2,423870.0,423976.5
SN0,沪锡,上期所,60m,2026-05-13 00:00:00,2026-05-12 22:00:00,2,426230.0,427112.5
SN0,沪锡,上期所,60m,2026-05-27 14:15:00,2026-05-27 01:00:00,3,421040.0,424246.5
SN0,沪锡,上期所,60m,2026-06-09 23:00:00,2026-06-09 15:00:00,2,401940.0,404172.5
SN0,沪锡,上期所,60m,2026-06-10 23:00:00,2026-06-10 22:00:00,1,398270.0,400301.0
SN0,沪锡,上期所,60m,2026-06-22 23:00:00,2026-06-22 15:00:00,2,415180.0,419781.5
SN0,沪锡,上期所,60m,2026-06-30 01:00:00,2026-06-30 00:00:00,1,387910.0,387946.0
SN0,沪锡,上期所,60m,2026-07-01 14:15:00,2026-07-01 11:15:00,1,390490.0,391523.0
SN0,沪锡,上期所,60m,2026-07-02 23:00:00,2026-07-02 22:00:00,1,393850.0,395194.5
SN0,沪锡,上期所,60m,2026-07-16 15:00:00,2026-07-16 14:15:00,1,412650.0,413167.5
SN0,沪锡,上期所,60m,2026-07-25 01:00:00,2026-07-24 23:00:00,1,414880.0,414906.5
SN0,沪锡,上期所,90m,2026-01-09 15:00:00,2026-01-09 11:15:00,2,352540.0,352558.5
SN0,沪锡,上期所,90m,2026-01-21 00:00:00,2026-01-20 22:30:00,1,393190.0,397070.0
SN0,沪锡,上期所,90m,2026-02-04 22:30:00,2026-02-04 15:00:00,1,389870.0,390925.0
SN0,沪锡,上期所,90m,2026-02-24 14:45:00,2026-02-24 09:30:00,2,385850.0,386888.0
SN0,沪锡,上期所,90m,2026-03-02 22:30:00,2026-03-02 11:15:00,3,429550.0,434175.5
SN0,沪锡,上期所,90m,2026-03-12 22:30:00,2026-03-12 15:00:00,1,387650.0,393356.5
SN0,沪锡,上期所,90m,2026-03-17 09:30:00,2026-03-17 00:00:00,1,377700.0,380204.0
SN0,沪锡,上期所,90m,2026-03-17 14:45:00,2026-03-17 11:15:00,1,375750.0,379127.5
SN0,沪锡,上期所,90m,2026-03-24 11:15:00,2026-03-23 22:30:00,3,342100.0,343021.5
SN0,沪锡,上期所,90m,2026-04-17 14:45:00,2026-04-17 11:15:00,1,389300.0,389334.5
SN0,沪锡,上期所,90m,2026-04-27 09:30:00,2026-04-24 22:30:00,3,390000.0,391647.0
SN0,沪锡,上期所,90m,2026-04-27 22:30:00,2026-04-27 11:15:00,3,386980.0,391137.0
SN0,沪锡,上期所,90m,2026-04-29 22:30:00,2026-04-29 14:45:00,2,381670.0,387481.5
SN0,沪锡,上期所,90m,2026-05-13 00:00:00,2026-05-12 22:30:00,1,426230.0,426454.0
SN0,沪锡,上期所,90m,2026-06-11 11:15:00,2026-06-11 09:30:00,1,395200.0,399967.0
SN0,沪锡,上期所,90m,2026-06-22 22:30:00,2026-06-22 14:45:00,2,417550.0,420220.5
SN0,沪锡,上期所,90m,2026-06-29 09:30:00,2026-06-27 09:30:00,2,386900.0,388286.5
SN0,沪锡,上期所,90m,2026-07-03 00:00:00,2026-07-02 22:30:00,1,393290.0,393669.0
SN0,沪锡,上期所,90m,2026-07-16 22:30:00,2026-07-16 14:45:00,2,411930.0,412194.5
SN0,沪锡,上期所,90m,2026-07-17 09:30:00,2026-07-17 00:00:00,1,408060.0,412296.5
SN0,沪锡,上期所,daily,2026-03-05,2026-03-04,1,391810.0,398214.5
SN0,沪锡,上期所,daily,2026-04-02,2026-04-01,1,360820.0,367691.0
SN0,沪锡,上期所,daily,2026-06-18,2026-06-15,3,414330.0,420530.0
SN0,沪锡,上期所,daily,2026-06-23,2026-06-22,1,400070.0,419403.0
SP0,纸浆,上期所,120m,2026-01-09 23:00:00,2026-01-09 11:15:00,2,5546.0,5551.6
SP0,纸浆,上期所,120m,2026-01-23 23:00:00,2026-01-22 23:00:00,3,5346.0,5372.3
SP0,纸浆,上期所,120m,2026-01-27 11:15:00,2026-01-26 15:00:00,2,5344.0,5366.0
SP0,纸浆,上期所,120m,2026-01-28 23:00:00,2026-01-28 11:15:00,2,5358.0,5363.7
SP0,纸浆,上期所,120m,2026-01-30 11:15:00,2026-01-29 11:15:00,3,5270.0,5365.2
SP0,纸浆,上期所,120m,2026-02-12 15:00:00,2026-02-11 23:00:00,2,5238.0,5245.5
SP0,纸浆,上期所,120m,2026-03-05 15:00:00,2026-03-05 11:15:00,1,5250.0,5268.5
SP0,纸浆,上期所,120m,2026-03-12 15:00:00,2026-03-11 23:00:00,2,5252.0,5279.2
SP0,纸浆,上期所,120m,2026-04-09 11:15:00,2026-04-08 23:00:00,1,5070.0,5085.9
SP0,纸浆,上期所,120m,2026-04-16 11:15:00,2026-04-15 23:00:00,1,5020.0,5032.2
SP0,纸浆,上期所,120m,2026-05-07 11:15:00,2026-05-06 11:15:00,3,5062.0,5066.9
SP0,纸浆,上期所,120m,2026-05-08 15:00:00,2026-05-07 23:00:00,2,5066.0,5068.7
SP0,纸浆,上期所,120m,2026-05-27 15:00:00,2026-05-27 11:15:00,1,4968.0,4973.5
SP0,纸浆,上期所,120m,2026-05-28 23:00:00,2026-05-28 15:00:00,1,4944.0,4956.9
SP0,纸浆,上期所,120m,2026-07-24 15:00:00,2026-07-24 11:15:00,1,4804.0,4816.8
SP0,纸浆,上期所,120m,2026-07-27 11:15:00,2026-07-24 23:00:00,1,4798.0,4817.8
SP0,纸浆,上期所,30m,2026-04-01 10:45:00,2026-04-01 10:00:00,1,5134.0,5135.1
SP0,纸浆,上期所,30m,2026-04-08 10:00:00,2026-04-08 09:30:00,1,5046.0,5049.7
SP0,纸浆,上期所,30m,2026-04-08 11:15:00,2026-04-08 10:45:00,1,5044.0,5045.5
SP0,纸浆,上期所,30m,2026-04-10 15:00:00,2026-04-10 13:45:00,3,5060.0,5062.9
SP0,纸浆,上期所,30m,2026-04-22 13:45:00,2026-04-22 10:45:00,2,5140.0,5144.1
SP0,纸浆,上期所,30m,2026-05-08 22:00:00,2026-05-08 21:30:00,1,5074.0,5085.7
SP0,纸浆,上期所,30m,2026-05-12 21:30:00,2026-05-12 14:15:00,3,5124.0,5130.2
SP0,纸浆,上期所,30m,2026-05-13 09:30:00,2026-05-12 22:30:00,2,5124.0,5134.4
SP0,纸浆,上期所,30m,2026-05-28 14:45:00,2026-05-28 14:15:00,1,4958.0,4964.7
SP0,纸浆,上期所,30m,2026-06-03 14:45:00,2026-06-03 11:15:00,3,4860.0,4865.5
SP0,纸浆,上期所,30m,2026-06-08 21:30:00,2026-06-08 14:45:00,2,4842.0,4846.1
SP0,纸浆,上期所,30m,2026-06-29 13:45:00,2026-06-29 11:15:00,1,4618.0,4629.5
SP0,纸浆,上期所,30m,2026-07-03 23:00:00,2026-07-03 22:30:00,1,4748.0,4749.0
SP0,纸浆,上期所,30m,2026-07-06 10:00:00,2026-07-06 09:30:00,1,4740.0,4748.7
SP0,纸浆,上期所,30m,2026-07-08 10:45:00,2026-07-08 10:00:00,1,4674.0,4680.3
SP0,纸浆,上期所,30m,2026-07-08 14:15:00,2026-07-08 11:15:00,2,4676.0,4683.3
SP0,纸浆,上期所,30m,2026-07-09 11:15:00,2026-07-09 10:45:00,1,4664.0,4672.3
SP0,纸浆,上期所,30m,2026-07-14 21:30:00,2026-07-14 15:00:00,1,4822.0,4827.4
SP0,纸浆,上期所,30m,2026-07-27 09:30:00,2026-07-24 22:30:00,2,4810.0,4815.0
SP0,纸浆,上期所,30m,2026-07-27 10:45:00,2026-07-27 10:00:00,1,4810.0,4812.4
SP0,纸浆,上期所,30m,2026-07-29 22:00:00,2026-07-29 14:45:00,3,4782.0,4785.6
SP0,纸浆,上期所,30m,2026-07-30 09:30:00,2026-07-29 22:30:00,2,4756.0,4787.1
SP0,纸浆,上期所,60m,2026-01-09 14:15:00,2026-01-09 11:15:00,1,5554.0,5554.8
SP0,纸浆,上期所,60m,2026-01-13 14:15:00,2026-01-13 10:00:00,2,5512.0,5517.1
SP0,纸浆,上期所,60m,2026-01-14 15:00:00,2026-01-14 11:15:00,2,5494.0,5516.1
SP0,纸浆,上期所,60m,2026-01-20 15:00:00,2026-01-20 14:15:00,1,5376.0,5377.3
SP0,纸浆,上期所,60m,2026-01-21 15:00:00,2026-01-21 14:15:00,1,5360.0,5364.7
SP0,纸浆,上期所,60m,2026-01-26 22:00:00,2026-01-26 15:00:00,1,5352.0,5371.8
SP0,纸浆,上期所,60m,2026-01-28 14:15:00,2026-01-28 11:15:00,1,5350.0,5355.9
SP0,纸浆,上期所,60m,2026-02-10 23:00:00,2026-02-10 22:00:00,1,5210.0,5224.0
SP0,纸浆,上期所,60m,2026-03-12 11:15:00,2026-03-12 10:00:00,1,5280.0,5286.5
SP0,纸浆,上期所,60m,2026-03-13 14:15:00,2026-03-12 23:00:00,3,5262.0,5264.2
SP0,纸浆,上期所,60m,2026-03-27 23:00:00,2026-03-27 14:15:00,3,5190.0,5190.2
SP0,纸浆,上期所,60m,2026-03-30 15:00:00,2026-03-30 14:15:00,1,5182.0,5190.9
SP0,纸浆,上期所,60m,2026-04-01 11:15:00,2026-04-01 10:00:00,1,5128.0,5163.2
SP0,纸浆,上期所,60m,2026-04-07 10:00:00,2026-04-03 15:00:00,1,5052.0,5090.6
SP0,纸浆,上期所,60m,2026-04-10 22:00:00,2026-04-10 11:15:00,3,5024.0,5051.8
SP0,纸浆,上期所,60m,2026-04-29 14:15:00,2026-04-29 11:15:00,1,5052.0,5054.0
SP0,纸浆,上期所,60m,2026-04-30 10:00:00,2026-04-29 15:00:00,3,5050.0,5051.3
SP0,纸浆,上期所,60m,2026-05-28 15:00:00,2026-05-28 14:15:00,1,4964.0,4967.7
SP0,纸浆,上期所,60m,2026-06-08 22:00:00,2026-06-08 15:00:00,1,4834.0,4837.2
SP0,纸浆,上期所,60m,2026-07-22 14:15:00,2026-07-22 11:15:00,1,4814.0,4814.1
SP0,纸浆,上期所,60m,2026-07-27 11:15:00,2026-07-24 23:00:00,2,4798.0,4821.3
SP0,纸浆,上期所,60m,2026-07-29 14:15:00,2026-07-28 23:00:00,3,4784.0,4794.2
SP0,纸浆,上期所,60m,2026-07-30 10:00:00,2026-07-29 23:00:00,1,4746.0,4788.1
SP0,纸浆,上期所,90m,2026-01-12 10:00:00,2026-01-09 22:30:00,1,5518.0,5550.9
SP0,纸浆,上期所,90m,2026-01-27 10:00:00,2026-01-26 15:00:00,2,5350.0,5371.9
SP0,纸浆,上期所,90m,2026-01-28 22:30:00,2026-01-28 15:00:00,1,5364.0,5365.7
SP0,纸浆,上期所,90m,2026-02-05 10:00:00,2026-02-04 15:00:00,2,5284.0,5311.6
SP0,纸浆,上期所,90m,2026-02-26 22:30:00,2026-02-26 15:00:00,1,5278.0,5299.6
SP0,纸浆,上期所,90m,2026-03-04 10:00:00,2026-03-03 22:30:00,1,5258.0,5272.6
SP0,纸浆,上期所,90m,2026-03-05 15:00:00,2026-03-05 10:00:00,2,5250.0,5253.2
SP0,纸浆,上期所,90m,2026-03-12 13:45:00,2026-03-12 10:00:00,1,5252.0,5287.2
SP0,纸浆,上期所,90m,2026-03-16 15:00:00,2026-03-13 22:30:00,3,5232.0,5267.6
SP0,纸浆,上期所,90m,2026-03-30 10:00:00,2026-03-27 15:00:00,2,5172.0,5195.3
SP0,纸浆,上期所,90m,2026-03-30 15:00:00,2026-03-30 13:45:00,1,5182.0,5196.0
SP0,纸浆,上期所,90m,2026-04-09 13:45:00,2026-04-08 22:30:00,2,5058.0,5068.5
SP0,纸浆,上期所,90m,2026-04-10 15:00:00,2026-04-10 13:45:00,1,5060.0,5060.2
SP0,纸浆,上期所,90m,2026-04-16 13:45:00,2026-04-15 22:30:00,2,5014.0,5024.0
SP0,纸浆,上期所,90m,2026-05-28 22:30:00,2026-05-28 13:45:00,2,4936.0,4952.2
SP0,纸浆,上期所,daily,2026-01-08,2026-01-06,2,5504.0,5552.8
SP0,纸浆,上期所,daily,2026-02-27,2026-02-24,3,5246.0,5295.6
SP0,纸浆,上期所,daily,2026-03-10,2026-03-06,2,5244.0,5265.2
SP0,纸浆,上期所,daily,2026-03-16,2026-03-13,1,5232.0,5261.6
SP0,纸浆,上期所,daily,2026-03-26,2026-03-25,1,5156.0,5213.5
SP0,纸浆,上期所,daily,2026-04-28,2026-04-27,1,5040.0,5070.9
SP0,纸浆,上期所,daily,2026-05-07,2026-04-30,2,5064.0,5067.6
SP0,纸浆,上期所,daily,2026-06-18,2026-06-16,2,4866.0,4901.5
SP0,纸浆,上期所,daily,2026-07-30,2026-07-29,1,4740.0,4783.8
SR0,白糖,郑商所,120m,2026-01-05 11:15:00,2025-12-31 15:00:00,1,5241.0,5251.25
SR0,白糖,郑商所,120m,2026-01-05 23:00:00,2026-01-05 15:00:00,1,5249.0,5259.25
SR0,白糖,郑商所,120m,2026-01-13 15:00:00,2026-01-13 11:15:00,1,5253.0,5271.05
SR0,白糖,郑商所,120m,2026-01-15 23:00:00,2026-01-15 15:00:00,1,5275.0,5279.35
SR0,白糖,郑商所,120m,2026-02-04 11:15:00,2026-02-03 23:00:00,1,5204.0,5206.7
SR0,白糖,郑商所,120m,2026-02-24 15:00:00,2026-02-24 11:15:00,1,5229.0,5250.85
SR0,白糖,郑商所,120m,2026-03-31 11:15:00,2026-03-30 23:00:00,1,5417.0,5447.05
SR0,白糖,郑商所,120m,2026-04-01 11:15:00,2026-03-31 23:00:00,1,5400.0,5442.0
SR0,白糖,郑商所,120m,2026-04-15 23:00:00,2026-04-15 11:15:00,2,5297.0,5304.65
SR0,白糖,郑商所,120m,2026-06-22 23:00:00,2026-06-18 15:00:00,3,5284.0,5318.75
SR0,白糖,郑商所,120m,2026-07-08 15:00:00,2026-07-08 11:15:00,1,5271.0,5290.95
SR0,白糖,郑商所,120m,2026-07-27 23:00:00,2026-07-27 11:15:00,2,5145.0,5163.5
SR0,白糖,郑商所,30m,2026-04-01 09:30:00,2026-03-31 22:30:00,2,5412.0,5440.6
SR0,白糖,郑商所,30m,2026-04-02 11:15:00,2026-04-02 10:00:00,2,5395.0,5400.6
SR0,白糖,郑商所,30m,2026-04-02 22:00:00,2026-04-02 14:45:00,3,5389.0,5389.1
SR0,白糖,郑商所,30m,2026-04-02 23:00:00,2026-04-02 22:30:00,1,5385.0,5387.7
SR0,白糖,郑商所,30m,2026-04-13 10:00:00,2026-04-13 09:30:00,1,5310.0,5312.25
SR0,白糖,郑商所,30m,2026-04-13 13:45:00,2026-04-13 10:45:00,2,5312.0,5312.55
SR0,白糖,郑商所,30m,2026-04-13 21:30:00,2026-04-13 14:15:00,3,5300.0,5313.6
SR0,白糖,郑商所,30m,2026-04-14 22:00:00,2026-04-14 21:30:00,1,5295.0,5300.45
SR0,白糖,郑商所,30m,2026-04-17 21:30:00,2026-04-17 15:00:00,1,5304.0,5349.6
SR0,白糖,郑商所,30m,2026-04-20 23:00:00,2026-04-20 22:00:00,2,5321.0,5323.45
SR0,白糖,郑商所,30m,2026-04-28 09:30:00,2026-04-27 22:30:00,2,5404.0,5409.7
SR0,白糖,郑商所,30m,2026-04-28 14:45:00,2026-04-28 14:15:00,1,5407.0,5412.2
SR0,白糖,郑商所,30m,2026-04-29 13:45:00,2026-04-29 11:15:00,1,5399.0,5403.15
SR0,白糖,郑商所,30m,2026-04-30 15:00:00,2026-04-30 14:45:00,1,5406.0,5407.55
SR0,白糖,郑商所,30m,2026-05-07 09:30:00,2026-05-06 22:00:00,3,5418.0,5420.5
SR0,白糖,郑商所,30m,2026-05-07 14:15:00,2026-05-07 13:45:00,1,5419.0,5420.75
SR0,白糖,郑商所,30m,2026-05-19 10:00:00,2026-05-19 09:30:00,1,5419.0,5432.4
SR0,白糖,郑商所,30m,2026-05-19 21:30:00,2026-05-19 14:45:00,2,5424.0,5427.7
SR0,白糖,郑商所,30m,2026-05-19 22:30:00,2026-05-19 22:00:00,1,5425.0,5426.95
SR0,白糖,郑商所,30m,2026-05-20 10:00:00,2026-05-19 23:00:00,2,5414.0,5425.65
SR0,白糖,郑商所,30m,2026-05-25 10:45:00,2026-05-25 09:30:00,2,5363.0,5366.85
SR0,白糖,郑商所,30m,2026-05-28 14:45:00,2026-05-28 14:15:00,1,5375.0,5377.85
SR0,白糖,郑商所,30m,2026-06-02 13:45:00,2026-06-02 10:45:00,2,5434.0,5436.3
SR0,白糖,郑商所,30m,2026-06-02 22:00:00,2026-06-02 21:30:00,1,5435.0,5439.8
SR0,白糖,郑商所,30m,2026-06-03 10:00:00,2026-06-02 22:30:00,3,5434.0,5438.85
SR0,白糖,郑商所,30m,2026-06-03 14:15:00,2026-06-03 11:15:00,2,5436.0,5437.75
SR0,白糖,郑商所,30m,2026-06-03 22:00:00,2026-06-03 14:45:00,3,5426.0,5436.8
SR0,白糖,郑商所,30m,2026-06-16 13:45:00,2026-06-16 11:15:00,1,5320.0,5321.0
SR0,白糖,郑商所,30m,2026-06-18 10:45:00,2026-06-18 10:00:00,1,5336.0,5339.75
SR0,白糖,郑商所,30m,2026-06-22 14:15:00,2026-06-22 11:15:00,2,5327.0,5328.45
SR0,白糖,郑商所,30m,2026-06-22 21:30:00,2026-06-22 14:45:00,2,5320.0,5327.6
SR0,白糖,郑商所,30m,2026-06-30 22:00:00,2026-06-30 21:30:00,1,5273.0,5275.3
SR0,白糖,郑商所,30m,2026-07-07 15:00:00,2026-07-07 13:45:00,3,5316.0,5317.05
SR0,白糖,郑商所,30m,2026-07-15 13:45:00,2026-07-15 10:45:00,2,5238.0,5238.1
SR0,白糖,郑商所,30m,2026-07-22 10:45:00,2026-07-21 23:00:00,3,5158.0,5163.75
SR0,白糖,郑商所,30m,2026-07-24 09:30:00,2026-07-23 22:30:00,2,5172.0,5176.0
SR0,白糖,郑商所,30m,2026-07-27 13:45:00,2026-07-27 10:00:00,3,5162.0,5163.65
SR0,白糖,郑商所,30m,2026-07-27 21:30:00,2026-07-27 14:15:00,3,5156.0,5161.6
SR0,白糖,郑商所,60m,2026-01-05 22:00:00,2026-01-05 15:00:00,1,5244.0,5248.85
SR0,白糖,郑商所,60m,2026-01-12 22:00:00,2026-01-12 11:15:00,3,5243.0,5281.3
SR0,白糖,郑商所,60m,2026-01-15 22:00:00,2026-01-15 14:15:00,2,5270.0,5274.3
SR0,白糖,郑商所,60m,2026-01-16 10:00:00,2026-01-15 23:00:00,1,5269.0,5275.1
SR0,白糖,郑商所,60m,2026-01-27 10:00:00,2026-01-26 23:00:00,1,5159.0,5165.35
SR0,白糖,郑商所,60m,2026-01-27 23:00:00,2026-01-27 22:00:00,1,5165.0,5171.9
SR0,白糖,郑商所,60m,2026-02-24 11:15:00,2026-02-24 10:00:00,1,5252.0,5253.9
SR0,白糖,郑商所,60m,2026-03-11 14:15:00,2026-03-11 11:15:00,1,5415.0,5415.95
SR0,白糖,郑商所,60m,2026-03-19 11:15:00,2026-03-19 10:00:00,1,5412.0,5413.4
SR0,白糖,郑商所,60m,2026-03-24 14:15:00,2026-03-24 10:00:00,2,5441.0,5441.45
SR0,白糖,郑商所,60m,2026-03-24 23:00:00,2026-03-24 22:00:00,1,5423.0,5444.6
SR0,白糖,郑商所,60m,2026-03-31 10:00:00,2026-03-30 22:00:00,2,5430.0,5455.9
SR0,白糖,郑商所,60m,2026-04-10 10:00:00,2026-04-09 15:00:00,3,5301.0,5305.25
SR0,白糖,郑商所,60m,2026-04-28 10:00:00,2026-04-27 23:00:00,1,5397.0,5408.75
SR0,白糖,郑商所,60m,2026-04-28 22:00:00,2026-04-28 14:15:00,2,5388.0,5407.3
SR0,白糖,郑商所,60m,2026-04-29 14:15:00,2026-04-29 11:15:00,1,5401.0,5405.3
SR0,白糖,郑商所,60m,2026-06-22 14:15:00,2026-06-22 11:15:00,1,5327.0,5330.8
SR0,白糖,郑商所,60m,2026-06-22 22:00:00,2026-06-22 15:00:00,1,5315.0,5331.55
SR0,白糖,郑商所,60m,2026-07-02 23:00:00,2026-07-02 22:00:00,1,5267.0,5278.1
SR0,白糖,郑商所,60m,2026-07-10 14:15:00,2026-07-10 11:15:00,1,5266.0,5274.3
SR0,白糖,郑商所,60m,2026-07-10 22:00:00,2026-07-10 15:00:00,1,5266.0,5270.2
SR0,白糖,郑商所,60m,2026-07-13 14:15:00,2026-07-13 11:15:00,1,5250.0,5263.3
SR0,白糖,郑商所,60m,2026-07-27 14:15:00,2026-07-27 10:00:00,2,5164.0,5168.3
SR0,白糖,郑商所,60m,2026-07-27 22:00:00,2026-07-27 15:00:00,1,5161.0,5168.1
SR0,白糖,郑商所,90m,2026-01-05 22:30:00,2026-01-05 15:00:00,1,5245.0,5255.2
SR0,白糖,郑商所,90m,2026-01-06 13:45:00,2026-01-06 10:00:00,1,5245.0,5252.85
SR0,白糖,郑商所,90m,2026-01-15 22:30:00,2026-01-15 15:00:00,1,5273.0,5278.25
SR0,白糖,郑商所,90m,2026-01-27 10:00:00,2026-01-26 22:30:00,1,5159.0,5169.2
SR0,白糖,郑商所,90m,2026-02-24 13:45:00,2026-02-24 10:00:00,1,5248.0,5258.65
SR0,白糖,郑商所,90m,2026-02-25 13:45:00,2026-02-25 10:00:00,1,5247.0,5252.6
SR0,白糖,郑商所,90m,2026-03-04 15:00:00,2026-03-04 13:45:00,1,5308.0,5308.85
SR0,白糖,郑商所,90m,2026-03-25 15:00:00,2026-03-25 13:45:00,1,5429.0,5435.8
SR0,白糖,郑商所,90m,2026-03-26 22:30:00,2026-03-26 10:00:00,3,5437.0,5444.0
SR0,白糖,郑商所,90m,2026-03-31 10:00:00,2026-03-30 22:30:00,1,5430.0,5447.15
SR0,白糖,郑商所,90m,2026-04-01 10:00:00,2026-03-31 22:30:00,1,5412.0,5446.2
SR0,白糖,郑商所,90m,2026-04-10 22:30:00,2026-04-10 15:00:00,1,5311.0,5315.3
SR0,白糖,郑商所,90m,2026-04-13 22:30:00,2026-04-13 13:45:00,2,5292.0,5306.55
SR0,白糖,郑商所,90m,2026-04-20 13:45:00,2026-04-20 10:00:00,1,5317.0,5321.25
SR0,白糖,郑商所,90m,2026-04-28 22:30:00,2026-04-28 15:00:00,1,5398.0,5406.75
SR0,白糖,郑商所,90m,2026-04-30 15:00:00,2026-04-30 10:00:00,2,5406.0,5407.05
SR0,白糖,郑商所,90m,2026-06-22 22:30:00,2026-06-22 13:45:00,2,5286.0,5326.1
SR0,白糖,郑商所,90m,2026-06-29 10:00:00,2026-06-26 22:30:00,1,5249.0,5254.0
SR0,白糖,郑商所,90m,2026-07-08 13:45:00,2026-07-08 10:00:00,1,5274.0,5297.7
SR0,白糖,郑商所,90m,2026-07-27 13:45:00,2026-07-27 10:00:00,1,5162.0,5167.75
SR0,白糖,郑商所,90m,2026-07-27 22:30:00,2026-07-27 15:00:00,1,5149.0,5168.1
SR0,白糖,郑商所,daily,2026-02-02,2026-01-29,2,5207.0,5231.5
SR0,白糖,郑商所,daily,2026-06-04,2026-06-01,3,5374.0,5420.75
SR0,白糖,郑商所,daily,2026-07-08,2026-07-03,3,5271.0,5289.5
SS0,不锈钢,上期所,120m,2026-01-13 15:00:00,2026-01-13 11:15:00,1,13790.0,13815.5
SS0,不锈钢,上期所,120m,2026-01-30 01:00:00,2026-01-29 15:00:00,2,14360.0,14555.25
SS0,不锈钢,上期所,120m,2026-02-06 11:15:00,2026-02-05 15:00:00,3,13810.0,13816.25
SS0,不锈钢,上期所,120m,2026-03-03 15:00:00,2026-03-03 11:15:00,1,14185.0,14227.5
SS0,不锈钢,上期所,120m,2026-03-06 23:00:00,2026-03-06 11:15:00,2,14185.0,14205.75
SS0,不锈钢,上期所,120m,2026-03-09 11:15:00,2026-03-09 01:00:00,1,14105.0,14188.0
SS0,不锈钢,上期所,120m,2026-04-07 11:15:00,2026-04-03 15:00:00,1,14160.0,14212.5
SS0,不锈钢,上期所,120m,2026-04-22 15:00:00,2026-04-22 11:15:00,1,14860.0,14916.75
SS0,不锈钢,上期所,120m,2026-04-23 11:15:00,2026-04-22 23:00:00,2,14775.0,14935.25
SS0,不锈钢,上期所,120m,2026-05-13 23:00:00,2026-05-13 15:00:00,1,15215.0,15224.75
SS0,不锈钢,上期所,120m,2026-05-26 11:15:00,2026-05-26 01:00:00,1,14800.0,14811.0
SS0,不锈钢,上期所,120m,2026-05-29 11:15:00,2026-05-28 15:00:00,3,14845.0,14882.75
SS0,不锈钢,上期所,120m,2026-06-29 11:15:00,2026-06-29 01:00:00,1,14700.0,14738.5
SS0,不锈钢,上期所,120m,2026-06-29 23:00:00,2026-06-29 15:00:00,1,14595.0,14718.0
SS0,不锈钢,上期所,120m,2026-07-01 11:15:00,2026-06-30 15:00:00,3,14590.0,14685.0
SS0,不锈钢,上期所,120m,2026-07-24 11:15:00,2026-07-24 01:00:00,1,14705.0,14757.5
SS0,不锈钢,上期所,120m,2026-07-25 01:00:00,2026-07-24 15:00:00,2,14740.0,14762.5
SS0,不锈钢,上期所,30m,2026-05-07 21:30:00,2026-05-07 14:45:00,2,15375.0,15545.75
SS0,不锈钢,上期所,30m,2026-05-12 00:00:00,2026-05-11 23:30:00,1,15165.0,15168.5
SS0,不锈钢,上期所,30m,2026-05-12 10:45:00,2026-05-12 09:30:00,2,15115.0,15180.75
SS0,不锈钢,上期所,30m,2026-05-21 23:30:00,2026-05-21 23:00:00,1,14830.0,14834.5
SS0,不锈钢,上期所,30m,2026-05-22 14:15:00,2026-05-22 13:45:00,1,14760.0,14809.75
SS0,不锈钢,上期所,30m,2026-05-22 22:30:00,2026-05-22 22:00:00,1,14795.0,14800.0
SS0,不锈钢,上期所,30m,2026-05-25 14:45:00,2026-05-25 14:15:00,1,14800.0,14817.75
SS0,不锈钢,上期所,30m,2026-05-26 00:00:00,2026-05-25 23:30:00,1,14815.0,14817.0
SS0,不锈钢,上期所,30m,2026-05-26 09:30:00,2026-05-26 00:30:00,2,14790.0,14814.75
SS0,不锈钢,上期所,30m,2026-05-26 15:00:00,2026-05-26 13:45:00,3,14795.0,14796.0
SS0,不锈钢,上期所,30m,2026-05-29 10:00:00,2026-05-29 01:00:00,2,14890.0,14923.5
SS0,不锈钢,上期所,30m,2026-06-01 10:45:00,2026-06-01 10:00:00,1,14815.0,14826.75
SS0,不锈钢,上期所,30m,2026-06-08 21:30:00,2026-06-08 14:15:00,3,14535.0,14656.0
SS0,不锈钢,上期所,30m,2026-06-22 10:00:00,2026-06-18 15:00:00,2,15065.0,15089.25
SS0,不锈钢,上期所,30m,2026-06-24 14:45:00,2026-06-24 14:15:00,1,14730.0,14781.0
SS0,不锈钢,上期所,30m,2026-06-26 23:30:00,2026-06-26 22:00:00,3,14705.0,14709.75
SS0,不锈钢,上期所,30m,2026-06-29 09:30:00,2026-06-27 00:30:00,3,14700.0,14709.5
SS0,不锈钢,上期所,30m,2026-06-29 13:45:00,2026-06-29 10:45:00,2,14685.0,14687.75
SS0,不锈钢,上期所,30m,2026-06-29 21:30:00,2026-06-29 14:15:00,3,14625.0,14703.25
SS0,不锈钢,上期所,30m,2026-07-02 22:30:00,2026-07-02 22:00:00,1,14570.0,14597.25
SS0,不锈钢,上期所,30m,2026-07-10 10:45:00,2026-07-10 10:00:00,1,14315.0,14327.75
SS0,不锈钢,上期所,30m,2026-07-10 22:00:00,2026-07-10 21:30:00,1,14295.0,14305.0
SS0,不锈钢,上期所,30m,2026-07-20 10:00:00,2026-07-20 00:00:00,2,14700.0,14732.25
SS0,不锈钢,上期所,30m,2026-07-20 13:45:00,2026-07-20 10:45:00,2,14645.0,14717.0
SS0,不锈钢,上期所,30m,2026-07-22 21:30:00,2026-07-22 15:00:00,1,14740.0,14764.75
SS0,不锈钢,上期所,30m,2026-07-24 21:30:00,2026-07-24 15:00:00,1,14735.0,14751.25
SS0,不锈钢,上期所,30m,2026-07-31 22:30:00,2026-07-31 21:30:00,2,14650.0,14655.25
SS0,不锈钢,上期所,60m,2026-01-26 14:15:00,2026-01-26 10:00:00,2,14655.0,14672.5
SS0,不锈钢,上期所,60m,2026-02-06 10:00:00,2026-02-06 01:00:00,1,13800.0,13872.75
SS0,不锈钢,上期所,60m,2026-02-10 15:00:00,2026-02-10 14:15:00,1,13825.0,13830.75
SS0,不锈钢,上期所,60m,2026-03-03 14:15:00,2026-03-03 11:15:00,1,14125.0,14202.75
SS0,不锈钢,上期所,60m,2026-03-04 11:15:00,2026-03-04 10:00:00,1,14175.0,14198.0
SS0,不锈钢,上期所,60m,2026-03-06 15:00:00,2026-03-06 10:00:00,3,14210.0,14210.5
SS0,不锈钢,上期所,60m,2026-03-09 10:00:00,2026-03-09 00:00:00,1,14025.0,14192.75
SS0,不锈钢,上期所,60m,2026-03-26 22:00:00,2026-03-26 15:00:00,1,14365.0,14391.75
SS0,不锈钢,上期所,60m,2026-03-30 22:00:00,2026-03-30 15:00:00,1,14285.0,14353.75
SS0,不锈钢,上期所,60m,2026-04-01 10:00:00,2026-04-01 01:00:00,1,14265.0,14270.0
SS0,不锈钢,上期所,60m,2026-04-03 00:00:00,2026-04-02 22:00:00,2,14160.0,14169.0
SS0,不锈钢,上期所,60m,2026-04-22 14:15:00,2026-04-22 11:15:00,1,14900.0,14908.75
SS0,不锈钢,上期所,60m,2026-05-07 22:00:00,2026-05-07 14:15:00,2,15405.0,15544.5
SS0,不锈钢,上期所,60m,2026-05-19 23:00:00,2026-05-19 15:00:00,2,14735.0,14738.75
SS0,不锈钢,上期所,60m,2026-05-20 10:00:00,2026-05-20 01:00:00,1,14660.0,14716.5
SS0,不锈钢,上期所,60m,2026-05-25 15:00:00,2026-05-25 14:15:00,1,14790.0,14816.25
SS0,不锈钢,上期所,60m,2026-05-26 10:00:00,2026-05-26 00:00:00,2,14790.0,14812.25
SS0,不锈钢,上期所,60m,2026-05-26 15:00:00,2026-05-26 14:15:00,1,14795.0,14807.75
SS0,不锈钢,上期所,60m,2026-06-08 14:15:00,2026-06-08 10:00:00,2,14670.0,14678.75
SS0,不锈钢,上期所,60m,2026-06-22 10:00:00,2026-06-18 15:00:00,1,15065.0,15124.75
SS0,不锈钢,上期所,60m,2026-06-22 22:00:00,2026-06-22 14:15:00,2,14970.0,15116.75
SS0,不锈钢,上期所,60m,2026-06-29 22:00:00,2026-06-29 11:15:00,3,14610.0,14701.0
SS0,不锈钢,上期所,60m,2026-07-03 11:15:00,2026-07-03 10:00:00,1,14600.0,14608.0
SS0,不锈钢,上期所,60m,2026-07-13 11:15:00,2026-07-13 10:00:00,1,14300.0,14317.5
SS0,不锈钢,上期所,60m,2026-07-20 14:15:00,2026-07-20 11:15:00,1,14695.0,14729.0
SS0,不锈钢,上期所,90m,2026-01-12 22:30:00,2026-01-12 14:45:00,2,13745.0,13799.0
SS0,不锈钢,上期所,90m,2026-01-13 15:00:00,2026-01-13 09:30:00,3,13790.0,13795.25
SS0,不锈钢,上期所,90m,2026-01-19 15:00:00,2026-01-19 09:30:00,3,14305.0,14311.25
SS0,不锈钢,上期所,90m,2026-01-20 11:15:00,2026-01-19 22:30:00,3,14315.0,14335.5
SS0,不锈钢,上期所,90m,2026-01-20 22:30:00,2026-01-20 14:45:00,2,14285.0,14326.25
SS0,不锈钢,上期所,90m,2026-01-27 09:30:00,2026-01-26 22:30:00,2,14560.0,14672.0
SS0,不锈钢,上期所,90m,2026-02-09 15:00:00,2026-02-09 09:30:00,3,13840.0,13846.5
SS0,不锈钢,上期所,90m,2026-02-10 09:30:00,2026-02-10 00:00:00,1,13765.0,13830.5
SS0,不锈钢,上期所,90m,2026-03-02 22:30:00,2026-03-02 11:15:00,3,14175.0,14227.0
SS0,不锈钢,上期所,90m,2026-03-03 14:45:00,2026-03-03 09:30:00,2,14160.0,14208.75
SS0,不锈钢,上期所,90m,2026-03-04 15:00:00,2026-03-04 14:45:00,1,14215.0,14218.0
SS0,不锈钢,上期所,90m,2026-03-06 14:45:00,2026-03-06 11:15:00,1,14195.0,14202.75
SS0,不锈钢,上期所,90m,2026-03-07 09:30:00,2026-03-06 15:00:00,2,14170.0,14201.75
SS0,不锈钢,上期所,90m,2026-03-09 09:30:00,2026-03-09 00:00:00,1,14030.0,14197.5
SS0,不锈钢,上期所,90m,2026-03-27 22:30:00,2026-03-27 14:45:00,2,14335.0,14388.5
SS0,不锈钢,上期所,90m,2026-04-23 09:30:00,2026-04-22 22:30:00,2,14905.0,14914.0
SS0,不锈钢,上期所,90m,2026-05-07 09:30:00,2026-05-07 00:00:00,1,15470.0,15518.25
SS0,不锈钢,上期所,90m,2026-05-07 22:30:00,2026-05-07 14:45:00,2,15380.0,15546.0
SS0,不锈钢,上期所,90m,2026-05-26 09:30:00,2026-05-26 00:00:00,1,14790.0,14804.5
SS0,不锈钢,上期所,90m,2026-05-26 15:00:00,2026-05-26 14:45:00,1,14795.0,14802.0
SS0,不锈钢,上期所,90m,2026-06-26 11:15:00,2026-06-26 00:00:00,2,14615.0,14740.0
SS0,不锈钢,上期所,90m,2026-07-03 11:15:00,2026-07-03 09:30:00,1,14600.0,14621.0
SS0,不锈钢,上期所,90m,2026-07-30 11:15:00,2026-07-30 00:00:00,2,14555.0,14579.25
SS0,不锈钢,上期所,daily,2026-04-07,2026-04-03,1,14160.0,14193.0
SS0,不锈钢,上期所,daily,2026-06-04,2026-06-02,2,14710.0,14919.5
SS0,不锈钢,上期所,daily,2026-07-08,2026-07-07,1,14450.0,14765.25
T0,10年期国债,中金所,120m,2026-01-28 11:30:00,2026-01-27 15:00:00,2,108.135,108.168
T0,10年期国债,中金所,120m,2026-06-08 11:30:00,2026-06-05 15:00:00,2,109.155,109.213
T0,10年期国债,中金所,120m,2026-07-15 15:00:00,2026-07-15 11:30:00,1,109.19,109.1965
T0,10年期国债,中金所,120m,2026-07-17 15:15:00,2026-07-17 15:00:00,1,109.18,109.19
T0,10年期国债,中金所,120m,2026-07-29 15:00:00,2026-07-29 11:30:00,1,109.205,109.22225
T0,10年期国债,中金所,30m,2026-03-05 14:00:00,2026-03-05 13:30:00,1,108.535,108.53625
T0,10年期国债,中金所,30m,2026-03-06 10:30:00,2026-03-05 15:15:00,2,108.51,108.54425
T0,10年期国债,中金所,30m,2026-03-12 10:30:00,2026-03-12 10:00:00,1,108.26,108.27775
T0,10年期国债,中金所,30m,2026-03-12 14:00:00,2026-03-12 13:30:00,1,108.265,108.271
T0,10年期国债,中金所,30m,2026-03-13 10:00:00,2026-03-12 14:30:00,3,108.245,108.27175
T0,10年期国债,中金所,30m,2026-03-13 13:30:00,2026-03-13 11:30:00,1,108.265,108.27075
T0,10年期国债,中金所,30m,2026-03-24 13:30:00,2026-03-24 11:30:00,1,108.175,108.17575
T0,10年期国债,中金所,30m,2026-03-27 15:00:00,2026-03-27 14:30:00,1,108.22,108.2365
T0,10年期国债,中金所,30m,2026-04-07 10:00:00,2026-04-03 15:15:00,1,108.22,108.2205
T0,10年期国债,中金所,30m,2026-04-10 10:30:00,2026-04-09 15:00:00,3,108.245,108.276
T0,10年期国债,中金所,30m,2026-05-06 10:00:00,2026-04-30 15:15:00,1,108.445,108.61125
T0,10年期国债,中金所,30m,2026-05-18 11:30:00,2026-05-18 11:00:00,1,108.825,108.82625
T0,10年期国债,中金所,30m,2026-06-05 11:00:00,2026-06-05 10:30:00,1,109.205,109.21525
T0,10年期国债,中金所,30m,2026-06-08 10:00:00,2026-06-05 14:30:00,3,109.1,109.2095
T0,10年期国债,中金所,30m,2026-06-15 10:00:00,2026-06-12 15:15:00,1,108.785,108.79775
T0,10年期国债,中金所,30m,2026-07-08 11:00:00,2026-07-08 10:30:00,1,109.135,109.155
T0,10年期国债,中金所,30m,2026-07-10 15:00:00,2026-07-10 14:30:00,1,109.225,109.231
T0,10年期国债,中金所,30m,2026-07-13 13:30:00,2026-07-13 11:30:00,1,109.215,109.2215
T0,10年期国债,中金所,30m,2026-07-14 15:00:00,2026-07-14 13:30:00,3,109.175,109.193
T0,10年期国债,中金所,30m,2026-07-15 11:00:00,2026-07-15 10:00:00,2,109.185,109.18825
T0,10年期国债,中金所,30m,2026-07-21 11:00:00,2026-07-21 10:30:00,1,109.145,109.1565
T0,10年期国债,中金所,30m,2026-07-27 15:00:00,2026-07-27 13:30:00,3,109.23,109.23125
T0,10年期国债,中金所,30m,2026-07-30 11:30:00,2026-07-30 10:00:00,3,109.2,109.21275
T0,10年期国债,中金所,60m,2026-01-27 10:30:00,2026-01-26 15:15:00,1,108.155,108.18125
T0,10年期国债,中金所,60m,2026-01-28 10:30:00,2026-01-27 15:00:00,2,108.165,108.17675
T0,10年期国债,中金所,60m,2026-02-02 15:00:00,2026-02-02 14:00:00,1,108.23,108.248
T0,10年期国债,中金所,60m,2026-02-03 15:15:00,2026-02-03 15:00:00,1,108.26,108.26675
T0,10年期国债,中金所,60m,2026-02-04 14:00:00,2026-02-04 11:30:00,1,108.235,108.25675
T0,10年期国债,中金所,60m,2026-03-09 10:30:00,2026-03-06 14:00:00,3,108.315,108.521
T0,10年期国债,中金所,60m,2026-03-13 10:30:00,2026-03-12 15:00:00,2,108.255,108.285
T0,10年期国债,中金所,60m,2026-04-10 10:30:00,2026-04-09 15:00:00,2,108.245,108.26975
T0,10年期国债,中金所,60m,2026-04-10 15:00:00,2026-04-10 11:30:00,2,108.27,108.2765
T0,10年期国债,中金所,60m,2026-04-24 15:00:00,2026-04-24 10:30:00,3,108.74,108.787
T0,10年期国债,中金所,60m,2026-04-30 11:30:00,2026-04-29 15:00:00,3,108.61,108.63025
T0,10年期国债,中金所,60m,2026-05-06 10:30:00,2026-04-30 15:15:00,1,108.54,108.60075
T0,10年期国债,中金所,60m,2026-06-08 10:30:00,2026-06-05 15:00:00,2,109.075,109.2185
T0,10年期国债,中金所,60m,2026-06-24 14:00:00,2026-06-24 11:30:00,1,109.01,109.01775
T0,10年期国债,中金所,60m,2026-07-13 15:00:00,2026-07-13 11:30:00,2,109.18,109.2085
T0,10年期国债,中金所,60m,2026-07-14 15:00:00,2026-07-14 14:00:00,1,109.175,109.205
T0,10年期国债,中金所,60m,2026-07-15 15:00:00,2026-07-15 10:30:00,3,109.19,109.1985
T0,10年期国债,中金所,60m,2026-07-29 15:00:00,2026-07-29 10:30:00,3,109.205,109.221
T0,10年期国债,中金所,60m,2026-07-30 11:30:00,2026-07-30 10:30:00,1,109.2,109.2205
T0,10年期国债,中金所,90m,2026-01-09 15:15:00,2026-01-09 14:00:00,1,107.765,107.77625
T0,10年期国债,中金所,90m,2026-01-28 11:00:00,2026-01-27 15:15:00,1,108.15,108.16575
T0,10年期国债,中金所,90m,2026-02-04 14:00:00,2026-02-03 14:00:00,3,108.235,108.23675
T0,10年期国债,中金所,90m,2026-02-05 11:00:00,2026-02-04 15:15:00,1,108.225,108.24425
T0,10年期国债,中金所,90m,2026-04-08 14:00:00,2026-04-07 15:15:00,2,108.285,108.2885
T0,10年期国债,中金所,90m,2026-04-09 11:00:00,2026-04-08 15:15:00,1,108.24,108.2845
T0,10年期国债,中金所,90m,2026-05-11 11:00:00,2026-05-08 11:00:00,3,108.57,108.58825
T0,10年期国债,中金所,90m,2026-06-08 11:00:00,2026-06-05 15:15:00,1,109.15,109.20325
T0,10年期国债,中金所,90m,2026-07-14 15:15:00,2026-07-14 14:00:00,1,109.19,109.19425
T0,10年期国债,中金所,90m,2026-07-15 15:15:00,2026-07-15 14:00:00,1,109.18,109.19825
T0,10年期国债,中金所,90m,2026-07-17 15:15:00,2026-07-17 14:00:00,1,109.18,109.189
T0,10年期国债,中金所,90m,2026-07-29 15:15:00,2026-07-29 11:00:00,2,109.2,109.2215
T0,10年期国债,中金所,daily,2026-04-01,2026-03-30,2,108.21,108.27725
T0,10年期国债,中金所,daily,2026-06-23,2026-06-17,3,108.955,109.0395
TA0,PTA,郑商所,120m,2026-01-07 11:15:00,2026-01-06 11:15:00,3,5130.0,5150.7
TA0,PTA,郑商所,120m,2026-01-12 23:00:00,2026-01-09 23:00:00,3,5098.0,5122.1
TA0,PTA,郑商所,120m,2026-01-15 11:15:00,2026-01-14 23:00:00,1,5092.0,5130.9
TA0,PTA,郑商所,120m,2026-03-23 23:00:00,2026-03-23 11:15:00,2,6700.0,6876.5
TA0,PTA,郑商所,120m,2026-03-24 15:00:00,2026-03-24 11:15:00,1,6694.0,6852.5
TA0,PTA,郑商所,120m,2026-03-26 23:00:00,2026-03-26 15:00:00,1,6750.0,6762.0
TA0,PTA,郑商所,120m,2026-04-01 11:15:00,2026-03-31 23:00:00,1,6650.0,6719.8
TA0,PTA,郑商所,120m,2026-04-02 23:00:00,2026-04-02 11:15:00,2,6708.0,6718.4
TA0,PTA,郑商所,120m,2026-04-16 11:15:00,2026-04-15 23:00:00,1,6340.0,6364.1
TA0,PTA,郑商所,120m,2026-05-19 11:15:00,2026-05-18 11:15:00,3,6378.0,6406.4
TA0,PTA,郑商所,120m,2026-05-19 23:00:00,2026-05-19 15:00:00,1,6370.0,6402.8
TA0,PTA,郑商所,120m,2026-05-21 15:00:00,2026-05-21 11:15:00,1,6380.0,6385.9
TA0,PTA,郑商所,120m,2026-05-29 11:15:00,2026-05-28 11:15:00,3,6094.0,6132.1
TA0,PTA,郑商所,30m,2026-04-01 09:30:00,2026-03-31 23:00:00,1,6686.0,6747.8
TA0,PTA,郑商所,30m,2026-04-07 22:30:00,2026-04-07 22:00:00,1,6890.0,6909.0
TA0,PTA,郑商所,30m,2026-04-13 14:45:00,2026-04-13 14:15:00,1,6298.0,6299.8
TA0,PTA,郑商所,30m,2026-04-14 14:15:00,2026-04-14 13:45:00,1,6208.0,6235.5
TA0,PTA,郑商所,30m,2026-04-17 21:30:00,2026-04-17 14:45:00,2,6224.0,6371.5
TA0,PTA,郑商所,30m,2026-04-20 10:00:00,2026-04-20 09:30:00,1,6338.0,6360.2
TA0,PTA,郑商所,30m,2026-04-29 22:00:00,2026-04-29 21:30:00,1,6742.0,6747.9
TA0,PTA,郑商所,30m,2026-04-30 14:45:00,2026-04-30 11:15:00,3,6732.0,6734.9
TA0,PTA,郑商所,30m,2026-05-06 21:30:00,2026-05-06 14:45:00,2,6658.0,6747.5
TA0,PTA,郑商所,30m,2026-05-12 22:00:00,2026-05-12 15:00:00,2,6460.0,6462.1
TA0,PTA,郑商所,30m,2026-05-13 09:30:00,2026-05-12 22:30:00,2,6398.0,6452.5
TA0,PTA,郑商所,30m,2026-05-19 22:00:00,2026-05-19 21:30:00,1,6376.0,6426.2
TA0,PTA,郑商所,30m,2026-05-20 10:00:00,2026-05-20 09:30:00,1,6382.0,6399.3
TA0,PTA,郑商所,30m,2026-05-20 14:45:00,2026-05-20 14:15:00,1,6370.0,6391.4
TA0,PTA,郑商所,30m,2026-05-21 14:15:00,2026-05-21 10:45:00,3,6362.0,6376.6
TA0,PTA,郑商所,30m,2026-05-21 21:30:00,2026-05-21 15:00:00,1,6372.0,6375.5
TA0,PTA,郑商所,30m,2026-06-10 13:45:00,2026-06-10 10:00:00,3,6284.0,6318.7
TA0,PTA,郑商所,30m,2026-06-12 14:45:00,2026-06-12 14:15:00,1,6330.0,6350.6
TA0,PTA,郑商所,30m,2026-06-12 21:30:00,2026-06-12 15:00:00,1,6256.0,6345.4
TA0,PTA,郑商所,30m,2026-06-23 10:00:00,2026-06-23 09:30:00,1,5816.0,5827.1
TA0,PTA,郑商所,30m,2026-06-23 11:15:00,2026-06-23 10:45:00,1,5824.0,5826.2
TA0,PTA,郑商所,30m,2026-07-16 22:30:00,2026-07-16 22:00:00,1,5726.0,5736.1
TA0,PTA,郑商所,30m,2026-07-17 10:45:00,2026-07-17 09:30:00,2,5724.0,5730.6
TA0,PTA,郑商所,30m,2026-07-24 13:45:00,2026-07-24 11:15:00,1,5914.0,5950.5
TA0,PTA,郑商所,60m,2026-01-08 11:15:00,2026-01-08 10:00:00,1,5090.0,5122.6
TA0,PTA,郑商所,60m,2026-01-14 14:15:00,2026-01-14 11:15:00,1,5136.0,5137.4
TA0,PTA,郑商所,60m,2026-01-15 10:00:00,2026-01-14 22:00:00,2,5118.0,5144.6
TA0,PTA,郑商所,60m,2026-01-28 22:00:00,2026-01-28 14:15:00,2,5310.0,5348.6
TA0,PTA,郑商所,60m,2026-02-05 11:15:00,2026-02-05 10:00:00,1,5144.0,5169.2
TA0,PTA,郑商所,60m,2026-02-06 15:00:00,2026-02-06 14:15:00,1,5166.0,5171.9
TA0,PTA,郑商所,60m,2026-03-10 23:00:00,2026-03-10 14:15:00,3,6072.0,6174.9
TA0,PTA,郑商所,60m,2026-03-18 11:15:00,2026-03-18 10:00:00,1,6842.0,6933.7
TA0,PTA,郑商所,60m,2026-03-19 11:15:00,2026-03-18 22:00:00,3,6852.0,6912.2
TA0,PTA,郑商所,60m,2026-03-24 14:15:00,2026-03-24 11:15:00,1,6754.0,6822.3
TA0,PTA,郑商所,60m,2026-04-01 10:00:00,2026-03-31 23:00:00,1,6704.0,6782.7
TA0,PTA,郑商所,60m,2026-05-11 22:00:00,2026-05-11 14:15:00,2,6404.0,6461.8
TA0,PTA,郑商所,60m,2026-05-12 11:15:00,2026-05-12 10:00:00,1,6418.0,6425.9
TA0,PTA,郑商所,60m,2026-05-19 10:00:00,2026-05-18 23:00:00,1,6374.0,6387.1
TA0,PTA,郑商所,60m,2026-05-19 22:00:00,2026-05-19 15:00:00,1,6376.0,6402.0
TA0,PTA,郑商所,60m,2026-05-21 14:15:00,2026-05-21 11:15:00,1,6362.0,6397.2
TA0,PTA,郑商所,60m,2026-06-10 14:15:00,2026-06-10 10:00:00,2,6292.0,6335.3
TA0,PTA,郑商所,60m,2026-06-12 10:00:00,2026-06-11 15:00:00,3,6288.0,6336.1
TA0,PTA,郑商所,60m,2026-06-12 22:00:00,2026-06-12 11:15:00,3,6304.0,6336.3
TA0,PTA,郑商所,60m,2026-06-22 10:00:00,2026-06-18 14:15:00,2,5822.0,5833.1
TA0,PTA,郑商所,60m,2026-06-23 14:15:00,2026-06-23 11:15:00,1,5796.0,5819.2
TA0,PTA,郑商所,60m,2026-07-10 14:15:00,2026-07-10 10:00:00,2,5556.0,5619.1
TA0,PTA,郑商所,60m,2026-07-13 11:15:00,2026-07-13 10:00:00,1,5622.0,5631.4
TA0,PTA,郑商所,60m,2026-07-16 15:00:00,2026-07-16 10:00:00,3,5722.0,5740.1
TA0,PTA,郑商所,60m,2026-07-21 11:15:00,2026-07-21 10:00:00,1,5752.0,5772.8
TA0,PTA,郑商所,90m,2026-01-07 22:30:00,2026-01-07 13:45:00,2,5108.0,5126.5
TA0,PTA,郑商所,90m,2026-01-08 13:45:00,2026-01-08 10:00:00,1,5092.0,5126.2
TA0,PTA,郑商所,90m,2026-01-09 15:00:00,2026-01-09 13:45:00,1,5108.0,5113.8
TA0,PTA,郑商所,90m,2026-01-14 15:00:00,2026-01-14 13:45:00,1,5116.0,5126.2
TA0,PTA,郑商所,90m,2026-01-15 10:00:00,2026-01-14 22:30:00,1,5118.0,5126.9
TA0,PTA,郑商所,90m,2026-01-28 22:30:00,2026-01-28 13:45:00,2,5300.0,5337.6
TA0,PTA,郑商所,90m,2026-01-30 10:00:00,2026-01-29 22:30:00,1,5310.0,5347.2
TA0,PTA,郑商所,90m,2026-02-06 15:00:00,2026-02-06 13:45:00,1,5166.0,5176.2
TA0,PTA,郑商所,90m,2026-02-09 22:30:00,2026-02-09 10:00:00,3,5174.0,5175.3
TA0,PTA,郑商所,90m,2026-03-19 13:45:00,2026-03-18 22:30:00,2,6872.0,6949.8
TA0,PTA,郑商所,90m,2026-03-23 22:30:00,2026-03-23 10:00:00,3,6726.0,6871.1
TA0,PTA,郑商所,90m,2026-03-24 15:00:00,2026-03-24 13:45:00,1,6694.0,6860.7
TA0,PTA,郑商所,90m,2026-03-27 10:00:00,2026-03-26 15:00:00,2,6702.0,6745.7
TA0,PTA,郑商所,90m,2026-04-01 10:00:00,2026-03-31 22:30:00,1,6704.0,6733.8
TA0,PTA,郑商所,90m,2026-04-20 13:45:00,2026-04-20 10:00:00,1,6258.0,6309.7
TA0,PTA,郑商所,90m,2026-05-15 15:00:00,2026-05-15 10:00:00,2,6394.0,6400.3
TA0,PTA,郑商所,90m,2026-05-18 22:30:00,2026-05-18 10:00:00,3,6390.0,6402.4
TA0,PTA,郑商所,90m,2026-05-19 22:30:00,2026-05-19 13:45:00,2,6366.0,6389.8
TA0,PTA,郑商所,90m,2026-05-21 15:00:00,2026-05-21 13:45:00,1,6380.0,6399.7
TA0,PTA,郑商所,90m,2026-06-10 13:45:00,2026-06-10 10:00:00,1,6284.0,6301.9
TA0,PTA,郑商所,90m,2026-06-11 13:45:00,2026-06-10 15:00:00,3,6302.0,6314.5
TA0,PTA,郑商所,90m,2026-06-12 10:00:00,2026-06-11 15:00:00,2,6288.0,6335.5
TA0,PTA,郑商所,90m,2026-06-12 22:30:00,2026-06-12 15:00:00,1,6296.0,6341.3
TA0,PTA,郑商所,90m,2026-06-30 10:00:00,2026-06-29 22:30:00,1,5542.0,5565.8
TA0,PTA,郑商所,90m,2026-07-01 10:00:00,2026-06-30 13:45:00,3,5472.0,5518.4
TA0,PTA,郑商所,90m,2026-07-06 15:00:00,2026-07-06 10:00:00,2,5462.0,5463.7
TA0,PTA,郑商所,90m,2026-07-21 13:45:00,2026-07-21 10:00:00,1,5746.0,5772.4
TA0,PTA,郑商所,daily,2026-02-05,2026-02-04,1,5144.0,5195.9
TA0,PTA,郑商所,daily,2026-02-12,2026-02-10,2,5220.0,5221.6
TA0,PTA,郑商所,daily,2026-02-26,2026-02-24,2,5260.0,5260.7
TA0,PTA,郑商所,daily,2026-04-08,2026-04-02,3,6382.0,6788.6
TA0,PTA,郑商所,daily,2026-04-24,2026-04-23,1,6436.0,6512.3
TA0,PTA,郑商所,daily,2026-05-12,2026-05-11,1,6462.0,6463.2
TA0,PTA,郑商所,daily,2026-05-19,2026-05-18,1,6410.0,6482.5
TA0,PTA,郑商所,daily,2026-06-04,2026-06-03,1,6184.0,6268.9
TA0,PTA,郑商所,daily,2026-06-09,2026-06-05,2,6242.0,6254.5
TA0,PTA,郑商所,daily,2026-06-15,2026-06-10,3,5926.0,6224.0
TF0,5年期国债,中金所,120m,2026-01-13 11:30:00,2026-01-12 15:00:00,2,105.6,105.60275
TF0,5年期国债,中金所,120m,2026-01-27 11:30:00,2026-01-26 15:15:00,1,105.815,105.845
TF0,5年期国债,中金所,120m,2026-03-03 11:30:00,2026-03-02 15:15:00,1,106.055,106.0695
TF0,5年期国债,中金所,120m,2026-04-09 15:15:00,2026-04-09 15:00:00,1,105.985,105.992
TF0,5年期国债,中金所,120m,2026-04-30 11:30:00,2026-04-29 15:00:00,2,106.22,106.2245
TF0,5年期国债,中金所,120m,2026-06-08 11:30:00,2026-06-05 15:00:00,2,106.355,106.41925
TF0,5年期国债,中金所,120m,2026-07-17 15:00:00,2026-07-17 11:30:00,1,106.44,106.4425
TF0,5年期国债,中金所,120m,2026-07-27 11:30:00,2026-07-24 15:15:00,1,106.405,106.4395
TF0,5年期国债,中金所,30m,2026-03-05 15:15:00,2026-03-05 15:00:00,1,106.115,106.11975
TF0,5年期国债,中金所,30m,2026-03-06 10:30:00,2026-03-06 10:00:00,1,106.095,106.12425
TF0,5年期国债,中金所,30m,2026-03-06 15:15:00,2026-03-06 14:00:00,3,106.11,106.1235
TF0,5年期国债,中金所,30m,2026-03-12 10:30:00,2026-03-12 10:00:00,1,105.93,105.95425
TF0,5年期国债,中金所,30m,2026-03-12 14:00:00,2026-03-12 13:30:00,1,105.945,105.94875
TF0,5年期国债,中金所,30m,2026-03-13 10:00:00,2026-03-12 15:00:00,2,105.935,105.94825
TF0,5年期国债,中金所,30m,2026-03-17 10:30:00,2026-03-17 10:00:00,1,105.9,105.91125
TF0,5年期国债,中金所,30m,2026-03-25 10:30:00,2026-03-25 10:00:00,1,105.905,105.9085
TF0,5年期国债,中金所,30m,2026-04-07 10:00:00,2026-04-03 15:15:00,1,105.945,105.97875
TF0,5年期国债,中金所,30m,2026-04-07 14:00:00,2026-04-07 13:30:00,1,105.975,105.9835
TF0,5年期国债,中金所,30m,2026-04-08 10:00:00,2026-04-07 15:00:00,2,105.98,105.9855
TF0,5年期国债,中金所,30m,2026-04-09 10:00:00,2026-04-08 15:15:00,1,105.935,105.967
TF0,5年期国债,中金所,30m,2026-04-10 10:00:00,2026-04-09 15:00:00,2,105.945,105.9565
TF0,5年期国债,中金所,30m,2026-04-10 15:00:00,2026-04-10 13:30:00,3,105.935,105.948
TF0,5年期国债,中金所,30m,2026-04-20 14:30:00,2026-04-20 14:00:00,1,106.19,106.1905
TF0,5年期国债,中金所,30m,2026-04-28 15:00:00,2026-04-28 14:30:00,1,106.185,106.199
TF0,5年期国债,中金所,30m,2026-05-06 10:00:00,2026-04-30 15:15:00,1,106.08,106.2125
TF0,5年期国债,中金所,30m,2026-05-07 11:00:00,2026-05-07 10:30:00,1,106.17,106.17025
TF0,5年期国债,中金所,30m,2026-05-07 14:00:00,2026-05-07 11:30:00,2,106.16,106.16175
TF0,5年期国债,中金所,30m,2026-06-03 15:00:00,2026-06-03 14:30:00,1,106.42,106.4235
TF0,5年期国债,中金所,30m,2026-06-05 11:00:00,2026-06-05 10:30:00,1,106.41,106.416
TF0,5年期国债,中金所,30m,2026-06-08 10:00:00,2026-06-05 14:30:00,3,106.34,106.41025
TF0,5年期国债,中金所,30m,2026-06-10 10:30:00,2026-06-10 10:00:00,1,106.31,106.3195
TF0,5年期国债,中金所,30m,2026-06-24 10:30:00,2026-06-24 10:00:00,1,106.28,106.28475
TF0,5年期国债,中金所,30m,2026-07-02 15:15:00,2026-07-02 15:00:00,1,106.335,106.3415
TF0,5年期国债,中金所,30m,2026-07-03 11:00:00,2026-07-03 10:30:00,1,106.325,106.32625
TF0,5年期国债,中金所,30m,2026-07-08 11:00:00,2026-07-08 10:30:00,1,106.42,106.42125
TF0,5年期国债,中金所,30m,2026-07-09 15:15:00,2026-07-09 14:00:00,3,106.44,106.44625
TF0,5年期国债,中金所,30m,2026-07-10 15:00:00,2026-07-10 14:30:00,1,106.45,106.45675
TF0,5年期国债,中金所,30m,2026-07-13 10:30:00,2026-07-13 10:00:00,1,106.42,106.45075
TF0,5年期国债,中金所,30m,2026-07-21 13:30:00,2026-07-21 10:30:00,3,106.42,106.42075
TF0,5年期国债,中金所,30m,2026-07-27 10:00:00,2026-07-24 15:15:00,1,106.42,106.4485
TF0,5年期国债,中金所,30m,2026-07-29 11:00:00,2026-07-29 10:00:00,2,106.405,106.4065
TF0,5年期国债,中金所,30m,2026-07-29 14:30:00,2026-07-29 11:30:00,3,106.405,106.40625
TF0,5年期国债,中金所,30m,2026-07-30 11:30:00,2026-07-30 10:00:00,3,106.4,106.40475
TF0,5年期国债,中金所,60m,2026-01-09 10:30:00,2026-01-08 15:15:00,1,105.55,105.5855
TF0,5年期国债,中金所,60m,2026-03-13 10:30:00,2026-03-12 15:00:00,2,105.95,105.95975
TF0,5年期国债,中金所,60m,2026-04-08 10:30:00,2026-04-07 15:15:00,1,105.975,105.98075
TF0,5年期国债,中金所,60m,2026-04-10 10:30:00,2026-04-09 15:00:00,2,105.91,105.9685
TF0,5年期国债,中金所,60m,2026-04-29 11:30:00,2026-04-29 10:30:00,1,106.215,106.218
TF0,5年期国债,中金所,60m,2026-05-06 10:30:00,2026-04-30 15:15:00,1,106.125,106.1955
TF0,5年期国债,中金所,60m,2026-06-03 15:15:00,2026-06-03 14:00:00,2,106.405,106.41875
TF0,5年期国债,中金所,60m,2026-06-08 10:30:00,2026-06-05 15:00:00,2,106.315,106.4155
TF0,5年期国债,中金所,60m,2026-07-10 15:15:00,2026-07-10 15:00:00,1,106.44,106.44275
TF0,5年期国债,中金所,60m,2026-07-13 15:00:00,2026-07-13 11:30:00,2,106.435,106.44725
TF0,5年期国债,中金所,60m,2026-07-14 15:00:00,2026-07-14 14:00:00,1,106.445,106.44625
TF0,5年期国债,中金所,60m,2026-07-17 15:15:00,2026-07-17 11:30:00,3,106.43,106.4395
TF0,5年期国债,中金所,60m,2026-07-23 15:00:00,2026-07-23 14:00:00,1,106.435,106.44325
TF0,5年期国债,中金所,60m,2026-07-24 15:00:00,2026-07-24 14:00:00,1,106.435,106.45
TF0,5年期国债,中金所,60m,2026-07-27 10:30:00,2026-07-24 15:15:00,1,106.405,106.4525
TF0,5年期国债,中金所,60m,2026-07-29 11:30:00,2026-07-29 10:30:00,1,106.415,106.41825
TF0,5年期国债,中金所,60m,2026-07-30 11:30:00,2026-07-30 10:30:00,1,106.4,106.41125
TF0,5年期国债,中金所,90m,2026-01-27 11:00:00,2026-01-26 15:15:00,1,105.83,105.8435
TF0,5年期国债,中金所,90m,2026-02-04 11:00:00,2026-02-03 14:00:00,2,105.865,105.8675
TF0,5年期国债,中金所,90m,2026-03-03 11:00:00,2026-03-02 15:15:00,1,106.065,106.07375
TF0,5年期国债,中金所,90m,2026-03-03 15:15:00,2026-03-03 14:00:00,1,106.065,106.065
TF0,5年期国债,中金所,90m,2026-04-30 11:00:00,2026-04-29 15:15:00,1,106.22,106.22825
TF0,5年期国债,中金所,90m,2026-06-08 11:00:00,2026-06-05 15:15:00,1,106.365,106.41275
TF0,5年期国债,中金所,90m,2026-07-17 15:15:00,2026-07-17 11:00:00,2,106.43,106.44175
TF0,5年期国债,中金所,90m,2026-07-27 11:00:00,2026-07-24 14:00:00,2,106.41,106.43825
TF0,5年期国债,中金所,daily,2026-03-20,2026-03-19,1,105.985,106.0255
TF0,5年期国债,中金所,daily,2026-04-01,2026-03-27,3,105.975,105.98825
TF0,5年期国债,中金所,daily,2026-04-08,2026-04-03,2,105.97,105.97625
TF0,5年期国债,中金所,daily,2026-04-10,2026-04-09,1,105.925,105.976
TF0,5年期国债,中金所,daily,2026-06-23,2026-06-18,2,106.255,106.30225
TL0,30年期国债,中金所,120m,2026-01-28 15:15:00,2026-01-28 15:00:00,1,112.09,112.144
TL0,30年期国债,中金所,120m,2026-01-29 15:00:00,2026-01-29 11:30:00,1,112.16,112.224
TL0,30年期国债,中金所,120m,2026-03-20 11:30:00,2026-03-19 11:30:00,3,110.67,110.97
TL0,30年期国债,中金所,120m,2026-04-03 15:00:00,2026-04-03 11:30:00,1,111.32,111.401
TL0,30年期国债,中金所,120m,2026-07-08 11:30:00,2026-07-07 15:15:00,1,113.52,113.5685
TL0,30年期国债,中金所,120m,2026-07-15 15:15:00,2026-07-14 15:15:00,3,113.81,113.8235
TL0,30年期国债,中金所,120m,2026-07-20 11:30:00,2026-07-17 11:30:00,3,113.73,113.813
TL0,30年期国债,中金所,30m,2026-02-13 11:30:00,2026-02-13 10:00:00,3,112.54,112.7895
TL0,30年期国债,中金所,30m,2026-03-05 10:30:00,2026-03-05 10:00:00,1,112.77,112.815
TL0,30年期国债,中金所,30m,2026-03-05 14:00:00,2026-03-05 13:30:00,1,112.78,112.8105
TL0,30年期国债,中金所,30m,2026-03-09 10:00:00,2026-03-06 14:30:00,3,111.77,112.714
TL0,30年期国债,中金所,30m,2026-03-12 10:30:00,2026-03-12 10:00:00,1,111.3,111.367
TL0,30年期国债,中金所,30m,2026-03-13 10:00:00,2026-03-12 15:00:00,2,111.25,111.2945
TL0,30年期国债,中金所,30m,2026-03-13 14:00:00,2026-03-13 11:00:00,3,111.15,111.2835
TL0,30年期国债,中金所,30m,2026-03-27 13:30:00,2026-03-27 11:00:00,2,111.23,111.375
TL0,30年期国债,中金所,30m,2026-04-15 11:00:00,2026-04-15 10:30:00,1,112.86,112.868
TL0,30年期国债,中金所,30m,2026-04-16 10:00:00,2026-04-15 15:00:00,2,112.77,112.887
TL0,30年期国债,中金所,30m,2026-04-28 15:15:00,2026-04-28 14:00:00,3,113.09,113.1065
TL0,30年期国债,中金所,30m,2026-05-15 11:00:00,2026-05-15 10:00:00,2,112.88,112.899
TL0,30年期国债,中金所,30m,2026-06-05 15:00:00,2026-06-05 14:30:00,1,114.0,114.0885
TL0,30年期国债,中金所,30m,2026-06-10 10:30:00,2026-06-10 10:00:00,1,113.6,113.6235
TL0,30年期国债,中金所,30m,2026-06-12 11:00:00,2026-06-12 10:30:00,1,113.11,113.1445
TL0,30年期国债,中金所,30m,2026-06-12 13:30:00,2026-06-12 11:30:00,1,113.11,113.1155
TL0,30年期国债,中金所,30m,2026-07-02 15:15:00,2026-07-02 15:00:00,1,113.42,113.4615
TL0,30年期国债,中金所,30m,2026-07-13 13:30:00,2026-07-13 11:30:00,1,113.9,113.9455
TL0,30年期国债,中金所,30m,2026-07-14 15:00:00,2026-07-14 13:30:00,3,113.76,113.8185
TL0,30年期国债,中金所,60m,2026-01-09 10:30:00,2026-01-08 15:00:00,2,110.75,110.9315
TL0,30年期国债,中金所,60m,2026-01-09 15:00:00,2026-01-09 11:30:00,2,110.86,110.893
TL0,30年期国债,中金所,60m,2026-01-16 14:00:00,2026-01-16 11:30:00,1,111.15,111.2015
TL0,30年期国债,中金所,60m,2026-01-16 15:15:00,2026-01-16 15:00:00,1,111.16,111.206
TL0,30年期国债,中金所,60m,2026-01-29 15:00:00,2026-01-29 10:30:00,3,112.16,112.2355
TL0,30年期国债,中金所,60m,2026-01-30 11:30:00,2026-01-30 10:30:00,1,112.06,112.213
TL0,30年期国债,中金所,60m,2026-02-02 15:15:00,2026-02-02 14:00:00,2,112.06,112.113
TL0,30年期国债,中金所,60m,2026-02-13 11:30:00,2026-02-13 10:30:00,1,112.54,112.735
TL0,30年期国债,中金所,60m,2026-03-06 15:15:00,2026-03-06 15:00:00,1,112.78,112.78
TL0,30年期国债,中金所,60m,2026-03-13 10:30:00,2026-03-12 15:15:00,1,111.27,111.378
TL0,30年期国债,中金所,60m,2026-04-03 15:00:00,2026-04-03 10:30:00,3,111.32,111.396
TL0,30年期国债,中金所,60m,2026-04-30 10:30:00,2026-04-29 15:00:00,2,113.04,113.2025
TL0,30年期国债,中金所,60m,2026-05-15 14:00:00,2026-05-15 10:30:00,2,112.75,112.8715
TL0,30年期国债,中金所,60m,2026-05-18 15:15:00,2026-05-18 15:00:00,1,112.8,112.803
TL0,30年期国债,中金所,60m,2026-06-23 10:30:00,2026-06-22 14:00:00,3,113.74,113.78
TL0,30年期国债,中金所,60m,2026-07-30 11:30:00,2026-07-30 10:30:00,1,114.73,114.845
TL0,30年期国债,中金所,90m,2026-01-12 14:00:00,2026-01-12 11:00:00,1,110.98,111.0095
TL0,30年期国债,中金所,90m,2026-01-29 15:15:00,2026-01-29 11:00:00,2,112.17,112.236
TL0,30年期国债,中金所,90m,2026-01-30 14:00:00,2026-01-30 11:00:00,1,111.95,112.229
TL0,30年期国债,中金所,90m,2026-03-20 11:00:00,2026-03-19 11:00:00,3,110.67,110.961
TL0,30年期国债,中金所,90m,2026-06-24 11:00:00,2026-06-23 15:15:00,1,113.64,113.6625
TL0,30年期国债,中金所,90m,2026-07-07 14:00:00,2026-07-07 11:00:00,1,113.62,113.639
TL0,30年期国债,中金所,90m,2026-07-08 11:00:00,2026-07-07 15:15:00,1,113.54,113.5685
TL0,30年期国债,中金所,90m,2026-07-20 11:00:00,2026-07-17 11:00:00,3,113.69,113.8145
TL0,30年期国债,中金所,daily,2026-04-02,2026-03-30,3,111.19,111.2565
TL0,30年期国债,中金所,daily,2026-05-20,2026-05-19,1,112.97,113.0575
TL0,30年期国债,中金所,daily,2026-06-30,2026-06-25,3,113.71,113.745
TL0,30年期国债,中金所,daily,2026-07-16,2026-07-14,2,113.59,113.7415
TL0,30年期国债,中金所,daily,2026-07-20,2026-07-17,1,113.7,113.7275
TS0,2年期国债,中金所,120m,2026-01-29 15:00:00,2026-01-29 11:30:00,1,102.392,102.4035
TS0,2年期国债,中金所,120m,2026-04-30 11:30:00,2026-04-29 15:15:00,1,102.576,102.582
TS0,2年期国债,中金所,120m,2026-05-12 15:00:00,2026-05-11 15:15:00,2,102.548,102.55
TS0,2年期国债,中金所,120m,2026-06-03 15:15:00,2026-06-03 15:00:00,1,102.636,102.6391
TS0,2年期国债,中金所,120m,2026-06-05 11:30:00,2026-06-04 15:00:00,2,102.614,102.6417
TS0,2年期国债,中金所,120m,2026-07-21 15:15:00,2026-07-21 15:00:00,1,102.628,102.6315
TS0,2年期国债,中金所,120m,2026-07-23 11:30:00,2026-07-22 11:30:00,3,102.614,102.6313
TS0,2年期国债,中金所,30m,2026-03-11 14:00:00,2026-03-11 13:30:00,1,102.452,102.4579
TS0,2年期国债,中金所,30m,2026-03-12 10:30:00,2026-03-12 10:00:00,1,102.454,102.4571
TS0,2年期国债,中金所,30m,2026-03-12 14:30:00,2026-03-12 13:30:00,2,102.454,102.4559
TS0,2年期国债,中金所,30m,2026-03-13 10:00:00,2026-03-12 15:00:00,2,102.454,102.4569
TS0,2年期国债,中金所,30m,2026-03-17 10:30:00,2026-03-17 10:00:00,1,102.446,102.4488
TS0,2年期国债,中金所,30m,2026-03-17 11:30:00,2026-03-17 11:00:00,1,102.446,102.448
TS0,2年期国债,中金所,30m,2026-03-25 10:30:00,2026-03-25 10:00:00,1,102.484,102.4858
TS0,2年期国债,中金所,30m,2026-03-25 13:30:00,2026-03-25 11:30:00,1,102.48,102.4832
TS0,2年期国债,中金所,30m,2026-03-25 14:30:00,2026-03-25 14:00:00,1,102.478,102.4822
TS0,2年期国债,中金所,30m,2026-04-01 10:30:00,2026-03-31 15:00:00,3,102.532,102.5382
TS0,2年期国债,中金所,30m,2026-04-07 10:00:00,2026-04-03 15:15:00,1,102.482,102.496
TS0,2年期国债,中金所,30m,2026-04-09 10:00:00,2026-04-08 15:15:00,1,102.456,102.4813
TS0,2年期国债,中金所,30m,2026-04-10 10:00:00,2026-04-09 15:00:00,2,102.47,102.474
TS0,2年期国债,中金所,30m,2026-04-20 14:30:00,2026-04-20 14:00:00,1,102.556,102.5563
TS0,2年期国债,中金所,30m,2026-04-21 14:30:00,2026-04-21 13:30:00,2,102.556,102.5604
TS0,2年期国债,中金所,30m,2026-04-29 11:00:00,2026-04-29 10:30:00,1,102.568,102.5695
TS0,2年期国债,中金所,30m,2026-04-29 14:00:00,2026-04-29 11:30:00,2,102.568,102.568
TS0,2年期国债,中金所,30m,2026-05-26 11:30:00,2026-05-26 10:30:00,2,102.614,102.6157
TS0,2年期国债,中金所,30m,2026-06-01 14:00:00,2026-06-01 13:30:00,1,102.638,102.6413
TS0,2年期国债,中金所,30m,2026-06-05 10:00:00,2026-06-04 14:30:00,3,102.612,102.6337
TS0,2年期国债,中金所,30m,2026-06-05 15:00:00,2026-06-05 14:30:00,1,102.626,102.628
TS0,2年期国债,中金所,30m,2026-06-08 10:00:00,2026-06-05 15:15:00,1,102.596,102.6253
TS0,2年期国债,中金所,30m,2026-06-10 11:00:00,2026-06-10 10:00:00,2,102.582,102.6004
TS0,2年期国债,中金所,30m,2026-06-30 14:00:00,2026-06-30 13:30:00,1,102.654,102.6569
TS0,2年期国债,中金所,30m,2026-07-02 15:15:00,2026-07-02 15:00:00,1,102.616,102.6169
TS0,2年期国债,中金所,30m,2026-07-07 14:00:00,2026-07-07 11:00:00,3,102.642,102.6443
TS0,2年期国债,中金所,30m,2026-07-09 11:30:00,2026-07-09 11:00:00,1,102.642,102.6498
TS0,2年期国债,中金所,30m,2026-07-10 14:00:00,2026-07-10 11:30:00,2,102.642,102.6483
TS0,2年期国债,中金所,30m,2026-07-10 15:00:00,2026-07-10 14:30:00,1,102.646,102.6476
TS0,2年期国债,中金所,30m,2026-07-13 10:30:00,2026-07-13 10:00:00,1,102.63,102.6448
TS0,2年期国债,中金所,30m,2026-07-13 13:30:00,2026-07-13 11:30:00,1,102.644,102.6443
TS0,2年期国债,中金所,30m,2026-07-13 15:00:00,2026-07-13 14:00:00,2,102.64,102.645
TS0,2年期国债,中金所,30m,2026-07-21 11:00:00,2026-07-21 10:30:00,1,102.622,102.6254
TS0,2年期国债,中金所,30m,2026-07-27 10:00:00,2026-07-24 15:15:00,1,102.61,102.6132
TS0,2年期国债,中金所,60m,2026-01-12 14:00:00,2026-01-12 10:30:00,2,102.34,102.3498
TS0,2年期国债,中金所,60m,2026-01-14 15:15:00,2026-01-14 15:00:00,1,102.334,102.3371
TS0,2年期国债,中金所,60m,2026-01-23 15:00:00,2026-01-23 14:00:00,1,102.42,102.4239
TS0,2年期国债,中金所,60m,2026-02-02 10:30:00,2026-01-30 15:15:00,1,102.39,102.3916
TS0,2年期国债,中金所,60m,2026-03-02 11:30:00,2026-03-02 10:30:00,1,102.458,102.4607
TS0,2年期国债,中金所,60m,2026-04-10 10:30:00,2026-04-09 15:00:00,2,102.46,102.4824
TS0,2年期国债,中金所,60m,2026-04-30 10:30:00,2026-04-29 15:15:00,1,102.578,102.5781
TS0,2年期国债,中金所,60m,2026-04-30 14:00:00,2026-04-30 11:30:00,1,102.568,102.5733
TS0,2年期国债,中金所,60m,2026-05-08 11:30:00,2026-05-08 10:30:00,1,102.544,102.5481
TS0,2年期国债,中金所,60m,2026-05-11 10:30:00,2026-05-08 15:00:00,2,102.538,102.5415
TS0,2年期国债,中金所,60m,2026-05-27 14:00:00,2026-05-27 10:30:00,2,102.624,102.625
TS0,2年期国债,中金所,60m,2026-06-05 10:30:00,2026-06-04 15:00:00,2,102.628,102.6411
TS0,2年期国债,中金所,60m,2026-07-10 14:00:00,2026-07-10 11:30:00,1,102.642,102.6482
TS0,2年期国债,中金所,60m,2026-07-13 15:00:00,2026-07-13 11:30:00,2,102.64,102.647
TS0,2年期国债,中金所,60m,2026-07-15 10:30:00,2026-07-14 14:00:00,3,102.636,102.6432
TS0,2年期国债,中金所,60m,2026-07-15 15:15:00,2026-07-15 11:30:00,3,102.638,102.6433
TS0,2年期国债,中金所,60m,2026-07-17 15:00:00,2026-07-17 11:30:00,2,102.636,102.6362
TS0,2年期国债,中金所,90m,2026-04-10 15:15:00,2026-04-10 14:00:00,1,102.482,102.4867
TS0,2年期国债,中金所,90m,2026-04-30 11:00:00,2026-04-29 15:15:00,1,102.574,102.5837
TS0,2年期国债,中金所,90m,2026-05-28 14:00:00,2026-05-28 11:00:00,1,102.638,102.6396
TS0,2年期国债,中金所,90m,2026-06-05 11:00:00,2026-06-04 15:15:00,1,102.624,102.6408
TS0,2年期国债,中金所,90m,2026-07-13 15:15:00,2026-07-13 14:00:00,1,102.632,102.6455
TS0,2年期国债,中金所,90m,2026-07-14 15:15:00,2026-07-14 14:00:00,1,102.644,102.647
TS0,2年期国债,中金所,90m,2026-07-15 15:15:00,2026-07-15 14:00:00,1,102.638,102.6456
TS0,2年期国债,中金所,90m,2026-07-17 15:15:00,2026-07-17 14:00:00,1,102.632,102.639
TS0,2年期国债,中金所,90m,2026-07-23 11:00:00,2026-07-22 11:00:00,3,102.612,102.6299
TS0,2年期国债,中金所,90m,2026-07-29 15:15:00,2026-07-29 14:00:00,1,102.616,102.6183
TS0,2年期国债,中金所,daily,2026-01-22,2026-01-20,2,102.408,102.4132
TS0,2年期国债,中金所,daily,2026-01-26,2026-01-23,1,102.392,102.4019
TS0,2年期国债,中金所,daily,2026-03-13,2026-03-12,1,102.466,102.4736
TS0,2年期国债,中金所,daily,2026-06-23,2026-06-18,2,102.59,102.6061
TS0,2年期国债,中金所,daily,2026-07-23,2026-07-22,1,102.614,102.636
UR0,尿素,郑商所,120m,2026-01-22 15:00:00,2026-01-22 11:15:00,1,1776.0,1783.4
UR0,尿素,郑商所,120m,2026-02-04 15:00:00,2026-02-04 11:15:00,1,1787.0,1791.25
UR0,尿素,郑商所,120m,2026-02-09 15:00:00,2026-02-09 11:15:00,1,1788.0,1790.05
UR0,尿素,郑商所,120m,2026-03-03 15:00:00,2026-03-03 11:15:00,1,1819.0,1824.95
UR0,尿素,郑商所,120m,2026-03-24 11:15:00,2026-03-23 11:15:00,2,1867.0,1874.55
UR0,尿素,郑商所,120m,2026-03-27 11:15:00,2026-03-26 15:00:00,1,1868.0,1870.95
UR0,尿素,郑商所,120m,2026-04-08 11:15:00,2026-04-07 15:00:00,1,1849.0,1862.3
UR0,尿素,郑商所,120m,2026-06-09 11:15:00,2026-06-08 11:15:00,2,1791.0,1821.05
UR0,尿素,郑商所,120m,2026-07-09 11:15:00,2026-07-07 15:00:00,3,1731.0,1733.5
UR0,尿素,郑商所,120m,2026-07-30 11:15:00,2026-07-28 15:00:00,3,1725.0,1731.6
UR0,尿素,郑商所,120m,2026-07-31 15:00:00,2026-07-30 15:00:00,2,1734.0,1738.95
UR0,尿素,郑商所,30m,2026-01-27 11:15:00,2026-01-27 10:45:00,1,1789.0,1789.35
UR0,尿素,郑商所,30m,2026-02-05 11:15:00,2026-02-05 10:45:00,1,1779.0,1780.85
UR0,尿素,郑商所,30m,2026-02-06 14:15:00,2026-02-06 13:45:00,1,1779.0,1781.3
UR0,尿素,郑商所,30m,2026-02-25 14:45:00,2026-02-25 11:15:00,3,1839.0,1842.25
UR0,尿素,郑商所,30m,2026-03-05 14:15:00,2026-03-05 11:15:00,2,1821.0,1821.8
UR0,尿素,郑商所,30m,2026-03-06 10:00:00,2026-03-06 09:30:00,1,1820.0,1821.95
UR0,尿素,郑商所,30m,2026-03-19 10:45:00,2026-03-19 10:00:00,1,1874.0,1875.0
UR0,尿素,郑商所,30m,2026-04-07 09:30:00,2026-04-03 15:00:00,1,1844.0,1848.85
UR0,尿素,郑商所,30m,2026-04-08 11:15:00,2026-04-08 10:45:00,1,1849.0,1849.8
UR0,尿素,郑商所,30m,2026-04-14 10:45:00,2026-04-14 10:00:00,1,1826.0,1829.3
UR0,尿素,郑商所,30m,2026-04-14 13:45:00,2026-04-14 11:15:00,1,1827.0,1828.3
UR0,尿素,郑商所,30m,2026-04-14 15:00:00,2026-04-14 14:45:00,1,1827.0,1827.55
UR0,尿素,郑商所,30m,2026-04-24 10:00:00,2026-04-24 09:30:00,1,2009.0,2016.7
UR0,尿素,郑商所,30m,2026-04-27 10:00:00,2026-04-27 09:30:00,1,2015.0,2015.35
UR0,尿素,郑商所,30m,2026-04-28 14:15:00,2026-04-28 11:15:00,2,2022.0,2022.1
UR0,尿素,郑商所,30m,2026-04-28 15:00:00,2026-04-28 14:45:00,1,2021.0,2023.55
UR0,尿素,郑商所,30m,2026-04-29 10:00:00,2026-04-29 09:30:00,1,2018.0,2025.2
UR0,尿素,郑商所,30m,2026-04-30 14:15:00,2026-04-30 11:15:00,2,2020.0,2022.55
UR0,尿素,郑商所,30m,2026-06-03 14:15:00,2026-06-03 13:45:00,1,1812.0,1815.5
UR0,尿素,郑商所,30m,2026-06-09 15:00:00,2026-06-09 14:45:00,1,1809.0,1812.1
UR0,尿素,郑商所,30m,2026-06-12 14:15:00,2026-06-12 13:45:00,1,1779.0,1794.45
UR0,尿素,郑商所,30m,2026-06-22 09:30:00,2026-06-18 14:15:00,3,1801.0,1813.3
UR0,尿素,郑商所,30m,2026-07-10 14:15:00,2026-07-10 13:45:00,1,1731.0,1731.65
UR0,尿素,郑商所,30m,2026-07-27 09:30:00,2026-07-24 14:45:00,2,1747.0,1751.0
UR0,尿素,郑商所,30m,2026-07-27 10:45:00,2026-07-27 10:00:00,1,1750.0,1752.4
UR0,尿素,郑商所,30m,2026-07-27 14:45:00,2026-07-27 13:45:00,2,1752.0,1753.45
UR0,尿素,郑商所,30m,2026-07-28 09:30:00,2026-07-27 15:00:00,1,1730.0,1752.55
UR0,尿素,郑商所,30m,2026-07-29 10:00:00,2026-07-29 09:30:00,1,1744.0,1744.35
UR0,尿素,郑商所,30m,2026-07-30 09:30:00,2026-07-29 14:45:00,2,1729.0,1740.2
UR0,尿素,郑商所,30m,2026-07-31 13:45:00,2026-07-31 11:15:00,1,1734.0,1734.35
UR0,尿素,郑商所,60m,2026-01-13 10:00:00,2026-01-12 15:00:00,1,1777.0,1779.85
UR0,尿素,郑商所,60m,2026-01-13 14:15:00,2026-01-13 11:15:00,1,1774.0,1779.35
UR0,尿素,郑商所,60m,2026-01-19 10:00:00,2026-01-16 15:00:00,1,1776.0,1789.65
UR0,尿素,郑商所,60m,2026-01-22 14:15:00,2026-01-22 11:15:00,1,1778.0,1780.05
UR0,尿素,郑商所,60m,2026-03-02 10:00:00,2026-02-27 14:15:00,2,1812.0,1838.95
UR0,尿素,郑商所,60m,2026-03-11 10:00:00,2026-03-10 11:15:00,3,1845.0,1850.1
UR0,尿素,郑商所,60m,2026-04-08 10:00:00,2026-04-07 14:15:00,2,1848.0,1856.05
UR0,尿素,郑商所,60m,2026-04-29 14:15:00,2026-04-29 11:15:00,1,2019.0,2019.75
UR0,尿素,郑商所,60m,2026-04-30 14:15:00,2026-04-30 11:15:00,1,2020.0,2021.0
UR0,尿素,郑商所,60m,2026-05-21 10:00:00,2026-05-20 15:00:00,1,1842.0,1844.2
UR0,尿素,郑商所,60m,2026-06-11 15:00:00,2026-06-11 14:15:00,1,1801.0,1802.35
UR0,尿素,郑商所,60m,2026-07-13 11:15:00,2026-07-10 15:00:00,2,1733.0,1734.5
UR0,尿素,郑商所,90m,2026-03-24 10:45:00,2026-03-23 10:45:00,3,1871.0,1873.8
UR0,尿素,郑商所,90m,2026-04-08 10:45:00,2026-04-07 14:15:00,2,1857.0,1862.8
UR0,尿素,郑商所,90m,2026-04-30 14:15:00,2026-04-30 10:45:00,1,2020.0,2020.4
UR0,尿素,郑商所,90m,2026-06-09 10:45:00,2026-06-08 10:45:00,3,1792.0,1804.85
UR0,尿素,郑商所,90m,2026-06-10 14:15:00,2026-06-09 14:15:00,3,1789.0,1799.0
UR0,尿素,郑商所,90m,2026-06-12 10:45:00,2026-06-11 14:15:00,2,1791.0,1796.5
UR0,尿素,郑商所,90m,2026-07-03 14:15:00,2026-07-03 10:45:00,1,1724.0,1734.0
UR0,尿素,郑商所,90m,2026-07-07 10:45:00,2026-07-06 10:45:00,3,1728.0,1731.0
UR0,尿素,郑商所,90m,2026-07-13 14:15:00,2026-07-10 14:15:00,3,1734.0,1734.05
UR0,尿素,郑商所,90m,2026-07-21 10:45:00,2026-07-20 10:45:00,3,1714.0,1717.9
UR0,尿素,郑商所,90m,2026-07-29 14:15:00,2026-07-29 10:45:00,1,1739.0,1741.95
UR0,尿素,郑商所,daily,2026-02-05,2026-02-04,1,1778.0,1786.95
UR0,尿素,郑商所,daily,2026-02-10,2026-02-09,1,1785.0,1787.7
UR0,尿素,郑商所,daily,2026-06-09,2026-06-08,1,1809.0,1831.6
UR0,尿素,郑商所,daily,2026-06-18,2026-06-17,1,1813.0,1814.35
V0,PVC,大商所,120m,2026-01-09 23:00:00,2026-01-09 11:15:00,2,4777.0,4862.8
V0,PVC,大商所,120m,2026-01-15 11:15:00,2026-01-14 23:00:00,1,4859.0,4898.75
V0,PVC,大商所,120m,2026-02-24 15:00:00,2026-02-24 11:15:00,1,4948.0,4965.35
V0,PVC,大商所,120m,2026-02-25 23:00:00,2026-02-25 11:15:00,2,4907.0,4959.25
V0,PVC,大商所,120m,2026-05-13 23:00:00,2026-05-13 15:00:00,1,5156.0,5179.35
V0,PVC,大商所,120m,2026-06-03 23:00:00,2026-06-03 11:15:00,2,4879.0,4935.8
V0,PVC,大商所,120m,2026-06-15 15:00:00,2026-06-12 15:00:00,3,4692.0,4728.65
V0,PVC,大商所,120m,2026-06-30 23:00:00,2026-06-30 15:00:00,1,4434.0,4450.15
V0,PVC,大商所,120m,2026-07-22 11:15:00,2026-07-21 15:00:00,2,4584.0,4584.05
V0,PVC,大商所,30m,2026-04-01 11:15:00,2026-04-01 10:45:00,1,5401.0,5409.05
V0,PVC,大商所,30m,2026-04-03 10:45:00,2026-04-03 09:30:00,2,5404.0,5413.2
V0,PVC,大商所,30m,2026-04-03 15:00:00,2026-04-03 14:15:00,2,5428.0,5445.05
V0,PVC,大商所,30m,2026-04-07 14:15:00,2026-04-07 13:45:00,1,5407.0,5430.65
V0,PVC,大商所,30m,2026-04-16 09:30:00,2026-04-15 23:00:00,1,5079.0,5087.2
V0,PVC,大商所,30m,2026-04-23 11:15:00,2026-04-23 10:45:00,1,5193.0,5196.3
V0,PVC,大商所,30m,2026-04-23 14:15:00,2026-04-23 13:45:00,1,5177.0,5201.8
V0,PVC,大商所,30m,2026-04-23 22:30:00,2026-04-23 21:30:00,2,5200.0,5208.6
V0,PVC,大商所,30m,2026-04-24 10:00:00,2026-04-24 09:30:00,1,5175.0,5203.9
V0,PVC,大商所,30m,2026-04-30 10:00:00,2026-04-30 09:30:00,1,5285.0,5295.35
V0,PVC,大商所,30m,2026-04-30 14:15:00,2026-04-30 11:15:00,2,5288.0,5291.15
V0,PVC,大商所,30m,2026-05-06 11:15:00,2026-05-06 09:30:00,3,5290.0,5293.55
V0,PVC,大商所,30m,2026-05-08 13:45:00,2026-05-08 10:00:00,3,5168.0,5169.8
V0,PVC,大商所,30m,2026-05-11 14:15:00,2026-05-11 11:15:00,2,5150.0,5151.95
V0,PVC,大商所,30m,2026-05-12 10:00:00,2026-05-11 23:00:00,2,5124.0,5136.2
V0,PVC,大商所,30m,2026-05-12 11:15:00,2026-05-12 10:45:00,1,5112.0,5134.25
V0,PVC,大商所,30m,2026-05-13 11:15:00,2026-05-13 10:45:00,1,5106.0,5110.55
V0,PVC,大商所,30m,2026-05-29 10:00:00,2026-05-29 09:30:00,1,4919.0,4933.55
V0,PVC,大商所,30m,2026-05-29 11:15:00,2026-05-29 10:45:00,1,4927.0,4940.45
V0,PVC,大商所,30m,2026-06-09 09:30:00,2026-06-08 22:30:00,2,4745.0,4759.25
V0,PVC,大商所,30m,2026-06-10 22:00:00,2026-06-10 14:45:00,3,4687.0,4698.25
V0,PVC,大商所,30m,2026-06-11 10:45:00,2026-06-11 10:00:00,1,4688.0,4692.6
V0,PVC,大商所,30m,2026-06-12 09:30:00,2026-06-11 23:00:00,1,4678.0,4697.0
V0,PVC,大商所,30m,2026-06-16 22:30:00,2026-06-16 22:00:00,1,4666.0,4668.15
V0,PVC,大商所,30m,2026-06-24 23:00:00,2026-06-24 22:00:00,2,4478.0,4481.05
V0,PVC,大商所,30m,2026-06-25 10:45:00,2026-06-25 10:00:00,1,4480.0,4484.6
V0,PVC,大商所,30m,2026-06-25 14:45:00,2026-06-25 11:15:00,3,4461.0,4494.4
V0,PVC,大商所,30m,2026-06-29 21:30:00,2026-06-29 15:00:00,1,4351.0,4385.3
V0,PVC,大商所,30m,2026-07-06 14:45:00,2026-07-06 13:45:00,2,4451.0,4462.15
V0,PVC,大商所,30m,2026-07-31 11:15:00,2026-07-31 09:30:00,3,4477.0,4482.15
V0,PVC,大商所,60m,2026-01-05 10:00:00,2025-12-31 15:00:00,1,4747.0,4799.8
V0,PVC,大商所,60m,2026-01-12 23:00:00,2026-01-12 14:15:00,3,4879.0,4880.8
V0,PVC,大商所,60m,2026-01-13 14:15:00,2026-01-13 10:00:00,2,4849.0,4871.4
V0,PVC,大商所,60m,2026-01-14 10:00:00,2026-01-13 15:00:00,3,4867.0,4870.9
V0,PVC,大商所,60m,2026-01-14 22:00:00,2026-01-14 11:15:00,3,4857.0,4872.0
V0,PVC,大商所,60m,2026-01-15 11:15:00,2026-01-14 23:00:00,2,4859.0,4883.6
V0,PVC,大商所,60m,2026-01-20 10:00:00,2026-01-19 23:00:00,1,4807.0,4821.9
V0,PVC,大商所,60m,2026-01-20 15:00:00,2026-01-20 14:15:00,1,4807.0,4810.15
V0,PVC,大商所,60m,2026-01-28 14:15:00,2026-01-28 11:15:00,1,4913.0,4921.35
V0,PVC,大商所,60m,2026-02-11 22:00:00,2026-02-11 11:15:00,3,4974.0,4977.15
V0,PVC,大商所,60m,2026-02-24 15:00:00,2026-02-24 11:15:00,2,4948.0,4948.35
V0,PVC,大商所,60m,2026-02-25 10:00:00,2026-02-24 22:00:00,2,4939.0,4943.45
V0,PVC,大商所,60m,2026-02-25 22:00:00,2026-02-25 11:15:00,3,4910.0,4939.7
V0,PVC,大商所,60m,2026-03-02 23:00:00,2026-03-02 15:00:00,2,4825.0,4827.35
V0,PVC,大商所,60m,2026-03-19 11:15:00,2026-03-18 22:00:00,3,5844.0,5852.55
V0,PVC,大商所,60m,2026-03-20 10:00:00,2026-03-19 15:00:00,3,5850.0,5859.65
V0,PVC,大商所,60m,2026-03-24 14:15:00,2026-03-24 10:00:00,2,5941.0,5987.45
V0,PVC,大商所,60m,2026-04-13 22:00:00,2026-04-13 11:15:00,3,5050.0,5070.5
V0,PVC,大商所,60m,2026-05-14 10:00:00,2026-05-13 15:00:00,3,5118.0,5130.1
V0,PVC,大商所,60m,2026-05-18 22:00:00,2026-05-18 14:15:00,2,5034.0,5089.5
V0,PVC,大商所,60m,2026-05-25 11:15:00,2026-05-25 10:00:00,1,4879.0,4897.35
V0,PVC,大商所,60m,2026-05-25 22:00:00,2026-05-25 14:15:00,2,4885.0,4885.8
V0,PVC,大商所,60m,2026-05-26 11:15:00,2026-05-25 23:00:00,2,4849.0,4877.25
V0,PVC,大商所,60m,2026-06-02 14:15:00,2026-06-02 11:15:00,1,4951.0,4960.55
V0,PVC,大商所,60m,2026-06-25 15:00:00,2026-06-25 11:15:00,2,4469.0,4491.25
V0,PVC,大商所,60m,2026-07-02 10:00:00,2026-07-01 22:00:00,2,4384.0,4404.7
V0,PVC,大商所,60m,2026-07-21 22:00:00,2026-07-21 15:00:00,1,4584.0,4584.55
V0,PVC,大商所,60m,2026-07-22 10:00:00,2026-07-21 23:00:00,1,4560.0,4583.0
V0,PVC,大商所,60m,2026-07-22 14:15:00,2026-07-22 11:15:00,1,4565.0,4583.4
V0,PVC,大商所,60m,2026-07-23 14:15:00,2026-07-23 10:00:00,2,4591.0,4604.65
V0,PVC,大商所,90m,2026-01-09 22:30:00,2026-01-09 10:00:00,3,4754.0,4882.45
V0,PVC,大商所,90m,2026-01-12 22:30:00,2026-01-12 13:45:00,2,4876.0,4902.4
V0,PVC,大商所,90m,2026-01-15 13:45:00,2026-01-14 22:30:00,2,4859.0,4876.6
V0,PVC,大商所,90m,2026-01-29 15:00:00,2026-01-29 13:45:00,1,4895.0,4913.6
V0,PVC,大商所,90m,2026-02-24 15:00:00,2026-02-24 13:45:00,1,4948.0,4949.85
V0,PVC,大商所,90m,2026-02-25 10:00:00,2026-02-24 22:30:00,1,4939.0,4948.2
V0,PVC,大商所,90m,2026-02-25 22:30:00,2026-02-25 13:45:00,2,4905.0,4945.55
V0,PVC,大商所,90m,2026-03-10 22:30:00,2026-03-10 13:45:00,2,5169.0,5180.4
V0,PVC,大商所,90m,2026-04-02 22:30:00,2026-04-02 13:45:00,2,5370.0,5475.9
V0,PVC,大商所,90m,2026-04-07 15:00:00,2026-04-07 13:45:00,1,5398.0,5413.35
V0,PVC,大商所,90m,2026-05-14 10:00:00,2026-05-13 15:00:00,2,5118.0,5140.0
V0,PVC,大商所,90m,2026-05-18 22:30:00,2026-05-18 13:45:00,2,5058.0,5097.0
V0,PVC,大商所,90m,2026-05-27 15:00:00,2026-05-27 13:45:00,1,4873.0,4879.45
V0,PVC,大商所,90m,2026-06-03 15:00:00,2026-06-03 13:45:00,1,4943.0,4953.1
V0,PVC,大商所,90m,2026-07-02 10:00:00,2026-07-01 22:30:00,1,4384.0,4414.7
V0,PVC,大商所,daily,2026-02-26,2026-02-25,1,4855.0,4967.3
V0,PVC,大商所,daily,2026-05-14,2026-05-13,1,5056.0,5174.85
V0,PVC,大商所,daily,2026-07-13,2026-07-10,1,4488.0,4492.6
V0,PVC,大商所,daily,2026-07-17,2026-07-14,3,4440.0,4474.8
WR0,线材,上期所,120m,2026-03-04 11:15:00,2026-03-03 15:00:00,1,3413.0,3450.05
WR0,线材,上期所,30m,2026-02-26 14:45:00,2026-02-25 14:45:00,1,3398.0,3407.45
WR0,线材,上期所,30m,2026-03-06 14:15:00,2026-03-03 14:45:00,3,3403.0,3404.85
WR0,线材,上期所,30m,2026-04-22 14:15:00,2026-04-21 11:15:00,1,3375.0,3403.75
WR0,线材,上期所,60m,2026-03-04 11:15:00,2026-03-03 15:00:00,1,3413.0,3446.8
WR0,线材,上期所,60m,2026-04-22 14:15:00,2026-04-21 11:15:00,1,3375.0,3411.95
WR0,线材,上期所,90m,2026-03-04 14:15:00,2026-03-03 15:00:00,1,3413.0,3451.9
WR0,线材,上期所,daily,2026-03-04,2026-03-03,1,3413.0,3445.85
Y0,豆油,大商所,120m,2026-03-17 23:00:00,2026-03-17 15:00:00,1,8622.0,8624.4
Y0,豆油,大商所,120m,2026-03-19 15:00:00,2026-03-18 23:00:00,2,8616.0,8641.1
Y0,豆油,大商所,120m,2026-03-23 23:00:00,2026-03-23 11:15:00,2,8586.0,8643.1
Y0,豆油,大商所,120m,2026-03-24 15:00:00,2026-03-24 11:15:00,1,8594.0,8634.7
Y0,豆油,大商所,120m,2026-04-02 23:00:00,2026-04-02 11:15:00,2,8646.0,8660.8
Y0,豆油,大商所,120m,2026-04-17 11:15:00,2026-04-16 23:00:00,1,8459.0,8466.25
Y0,豆油,大商所,120m,2026-04-17 23:00:00,2026-04-17 15:00:00,1,8402.0,8461.55
Y0,豆油,大商所,120m,2026-04-28 11:15:00,2026-04-27 23:00:00,1,8516.0,8550.7
Y0,豆油,大商所,120m,2026-04-28 23:00:00,2026-04-28 15:00:00,1,8512.0,8561.1
Y0,豆油,大商所,120m,2026-05-07 23:00:00,2026-05-07 15:00:00,1,8519.0,8569.5
Y0,豆油,大商所,120m,2026-05-13 11:15:00,2026-05-12 23:00:00,1,8549.0,8567.1
Y0,豆油,大商所,120m,2026-05-14 11:15:00,2026-05-13 23:00:00,1,8549.0,8562.8
Y0,豆油,大商所,120m,2026-06-22 23:00:00,2026-06-18 15:00:00,3,8355.0,8356.3
Y0,豆油,大商所,120m,2026-06-23 15:00:00,2026-06-23 11:15:00,1,8353.0,8356.4
Y0,豆油,大商所,30m,2026-04-02 14:15:00,2026-04-02 11:15:00,2,8670.0,8675.8
Y0,豆油,大商所,30m,2026-04-02 15:00:00,2026-04-02 14:45:00,1,8664.0,8666.1
Y0,豆油,大商所,30m,2026-04-02 23:00:00,2026-04-02 21:30:00,3,8646.0,8649.6
Y0,豆油,大商所,30m,2026-04-15 21:30:00,2026-04-15 14:45:00,2,8411.0,8418.2
Y0,豆油,大商所,30m,2026-04-17 21:30:00,2026-04-17 14:45:00,2,8385.0,8450.95
Y0,豆油,大商所,30m,2026-04-23 15:00:00,2026-04-23 14:45:00,1,8618.0,8618.1
Y0,豆油,大商所,30m,2026-04-23 22:00:00,2026-04-23 21:30:00,1,8618.0,8618.35
Y0,豆油,大商所,30m,2026-04-28 23:00:00,2026-04-28 22:30:00,1,8512.0,8542.6
Y0,豆油,大商所,30m,2026-05-14 14:15:00,2026-05-14 13:45:00,1,8553.0,8555.6
Y0,豆油,大商所,30m,2026-05-26 22:30:00,2026-05-26 22:00:00,1,8435.0,8439.55
Y0,豆油,大商所,30m,2026-06-12 13:45:00,2026-06-12 11:15:00,1,8344.0,8355.45
Y0,豆油,大商所,30m,2026-06-12 21:30:00,2026-06-12 15:00:00,1,8339.0,8355.85
Y0,豆油,大商所,30m,2026-06-12 22:30:00,2026-06-12 22:00:00,1,8342.0,8355.7
Y0,豆油,大商所,30m,2026-06-16 10:00:00,2026-06-16 09:30:00,1,8315.0,8325.4
Y0,豆油,大商所,30m,2026-06-16 13:45:00,2026-06-16 11:15:00,1,8314.0,8321.25
Y0,豆油,大商所,30m,2026-06-22 10:00:00,2026-06-22 09:30:00,1,8368.0,8375.85
Y0,豆油,大商所,30m,2026-06-22 14:45:00,2026-06-22 13:45:00,2,8360.0,8369.2
Y0,豆油,大商所,30m,2026-06-23 11:15:00,2026-06-23 09:30:00,3,8364.0,8364.3
Y0,豆油,大商所,30m,2026-06-25 09:30:00,2026-06-24 22:30:00,2,8329.0,8370.4
Y0,豆油,大商所,30m,2026-07-01 14:15:00,2026-07-01 11:15:00,2,8427.0,8430.65
Y0,豆油,大商所,30m,2026-07-02 22:30:00,2026-07-02 22:00:00,1,8420.0,8436.35
Y0,豆油,大商所,30m,2026-07-13 11:15:00,2026-07-13 09:30:00,3,8571.0,8571.05
Y0,豆油,大商所,30m,2026-07-13 14:15:00,2026-07-13 13:45:00,1,8557.0,8568.3
Y0,豆油,大商所,30m,2026-07-15 21:30:00,2026-07-15 15:00:00,1,8594.0,8596.3
Y0,豆油,大商所,30m,2026-07-16 10:00:00,2026-07-16 09:30:00,1,8576.0,8595.2
Y0,豆油,大商所,30m,2026-07-27 09:30:00,2026-07-24 22:00:00,3,8511.0,8578.9
Y0,豆油,大商所,60m,2026-02-05 11:15:00,2026-02-04 23:00:00,2,8114.0,8124.3
Y0,豆油,大商所,60m,2026-02-06 10:00:00,2026-02-05 23:00:00,1,8114.0,8122.6
Y0,豆油,大商所,60m,2026-02-09 11:15:00,2026-02-09 10:00:00,1,8122.0,8122.4
Y0,豆油,大商所,60m,2026-02-10 11:15:00,2026-02-10 10:00:00,1,8110.0,8116.7
Y0,豆油,大商所,60m,2026-02-10 15:00:00,2026-02-10 14:15:00,1,8098.0,8113.5
Y0,豆油,大商所,60m,2026-02-11 23:00:00,2026-02-11 14:15:00,3,8084.0,8108.9
Y0,豆油,大商所,60m,2026-02-12 11:15:00,2026-02-12 10:00:00,1,8102.0,8108.7
Y0,豆油,大商所,60m,2026-02-13 10:00:00,2026-02-12 23:00:00,1,8064.0,8101.7
Y0,豆油,大商所,60m,2026-03-19 14:15:00,2026-03-19 10:00:00,2,8624.0,8631.2
Y0,豆油,大商所,60m,2026-03-24 14:15:00,2026-03-24 10:00:00,2,8622.0,8640.0
Y0,豆油,大商所,60m,2026-04-02 14:15:00,2026-04-02 11:15:00,1,8670.0,8683.6
Y0,豆油,大商所,60m,2026-04-03 11:15:00,2026-04-03 10:00:00,1,8670.0,8676.1
Y0,豆油,大商所,60m,2026-04-03 15:00:00,2026-04-03 14:15:00,1,8674.0,8677.2
Y0,豆油,大商所,60m,2026-04-13 15:00:00,2026-04-13 10:00:00,3,8487.0,8495.0
Y0,豆油,大商所,60m,2026-05-11 22:00:00,2026-05-11 14:15:00,2,8542.0,8551.5
Y0,豆油,大商所,60m,2026-05-12 11:15:00,2026-05-11 23:00:00,2,8533.0,8539.85
Y0,豆油,大商所,60m,2026-05-14 10:00:00,2026-05-13 15:00:00,3,8542.0,8552.2
Y0,豆油,大商所,60m,2026-05-27 14:15:00,2026-05-27 11:15:00,1,8439.0,8458.05
Y0,豆油,大商所,60m,2026-06-02 15:00:00,2026-06-02 11:15:00,2,8558.0,8561.15
Y0,豆油,大商所,60m,2026-06-22 15:00:00,2026-06-22 10:00:00,3,8363.0,8365.1
Y0,豆油,大商所,60m,2026-06-23 11:15:00,2026-06-23 10:00:00,1,8364.0,8372.2
Y0,豆油,大商所,60m,2026-06-25 10:00:00,2026-06-24 23:00:00,1,8323.0,8366.6
Y0,豆油,大商所,60m,2026-07-01 23:00:00,2026-07-01 22:00:00,1,8433.0,8443.15
Y0,豆油,大商所,60m,2026-07-02 14:15:00,2026-07-02 10:00:00,2,8428.0,8441.45
Y0,豆油,大商所,60m,2026-07-02 23:00:00,2026-07-02 22:00:00,1,8414.0,8434.9
Y0,豆油,大商所,60m,2026-07-16 10:00:00,2026-07-15 15:00:00,3,8576.0,8587.0
Y0,豆油,大商所,60m,2026-07-21 10:00:00,2026-07-20 23:00:00,1,8559.0,8569.85
Y0,豆油,大商所,60m,2026-07-31 10:00:00,2026-07-30 22:00:00,2,8408.0,8413.0
Y0,豆油,大商所,90m,2026-02-09 15:00:00,2026-02-09 10:00:00,2,8114.0,8121.4
Y0,豆油,大商所,90m,2026-02-10 15:00:00,2026-02-10 10:00:00,2,8098.0,8124.4
Y0,豆油,大商所,90m,2026-02-12 13:45:00,2026-02-12 10:00:00,1,8110.0,8111.4
Y0,豆油,大商所,90m,2026-03-10 15:00:00,2026-03-10 13:45:00,1,8444.0,8476.4
Y0,豆油,大商所,90m,2026-03-19 13:45:00,2026-03-19 10:00:00,1,8630.0,8655.6
Y0,豆油,大商所,90m,2026-03-20 15:00:00,2026-03-20 13:45:00,1,8628.0,8631.4
Y0,豆油,大商所,90m,2026-03-23 22:30:00,2026-03-23 10:00:00,3,8582.0,8625.1
Y0,豆油,大商所,90m,2026-03-24 15:00:00,2026-03-24 10:00:00,2,8594.0,8626.2
Y0,豆油,大商所,90m,2026-04-02 15:00:00,2026-04-02 13:45:00,1,8664.0,8676.6
Y0,豆油,大商所,90m,2026-04-03 13:45:00,2026-04-03 10:00:00,1,8668.0,8680.5
Y0,豆油,大商所,90m,2026-04-17 10:00:00,2026-04-16 22:30:00,1,8450.0,8454.7
Y0,豆油,大商所,90m,2026-04-17 22:30:00,2026-04-17 15:00:00,1,8397.0,8446.0
Y0,豆油,大商所,90m,2026-04-29 22:30:00,2026-04-29 15:00:00,1,8562.0,8564.5
Y0,豆油,大商所,90m,2026-05-13 13:45:00,2026-05-13 10:00:00,1,8532.0,8553.65
Y0,豆油,大商所,90m,2026-05-14 10:00:00,2026-05-13 22:30:00,1,8542.0,8544.3
Y0,豆油,大商所,90m,2026-05-14 15:00:00,2026-05-14 13:45:00,1,8514.0,8539.9
Y0,豆油,大商所,90m,2026-06-12 10:00:00,2026-06-11 22:30:00,1,8336.0,8353.4
Y0,豆油,大商所,90m,2026-06-15 10:00:00,2026-06-12 15:00:00,2,8336.0,8339.95
Y0,豆油,大商所,90m,2026-07-13 13:45:00,2026-07-13 10:00:00,1,8577.0,8585.5
Y0,豆油,大商所,90m,2026-07-14 22:30:00,2026-07-14 15:00:00,1,8592.0,8593.15
Y0,豆油,大商所,daily,2026-02-06,2026-02-04,2,8102.0,8109.1
Y0,豆油,大商所,daily,2026-04-24,2026-04-21,3,8527.0,8567.85
Y0,豆油,大商所,daily,2026-05-14,2026-05-11,3,8514.0,8540.05
Y0,豆油,大商所,daily,2026-05-21,2026-05-19,2,8537.0,8560.1
Y0,豆油,大商所,daily,2026-07-27,2026-07-23,2,8471.0,8533.6
ZN0,沪锌,上期所,120m,2026-01-09 23:00:00,2026-01-09 11:15:00,2,24030.0,24047.0
ZN0,沪锌,上期所,120m,2026-02-12 01:00:00,2026-02-11 11:15:00,3,24535.0,24553.5
ZN0,沪锌,上期所,120m,2026-02-13 01:00:00,2026-02-12 11:15:00,3,24500.0,24578.25
ZN0,沪锌,上期所,120m,2026-02-24 23:00:00,2026-02-24 11:15:00,2,24565.0,24569.75
ZN0,沪锌,上期所,120m,2026-02-27 23:00:00,2026-02-27 15:00:00,1,24465.0,24586.25
ZN0,沪锌,上期所,120m,2026-03-02 23:00:00,2026-03-02 11:15:00,2,24600.0,24605.5
ZN0,沪锌,上期所,120m,2026-03-04 15:00:00,2026-03-04 11:15:00,1,24480.0,24544.0
ZN0,沪锌,上期所,120m,2026-03-05 15:00:00,2026-03-05 01:00:00,2,24520.0,24555.75
ZN0,沪锌,上期所,120m,2026-03-10 11:15:00,2026-03-09 23:00:00,2,24350.0,24415.25
ZN0,沪锌,上期所,120m,2026-03-11 15:00:00,2026-03-10 23:00:00,3,24385.0,24399.75
ZN0,沪锌,上期所,120m,2026-03-12 11:15:00,2026-03-12 01:00:00,1,24225.0,24348.0
ZN0,沪锌,上期所,120m,2026-03-24 11:15:00,2026-03-24 01:00:00,1,22970.0,23007.5
ZN0,沪锌,上期所,120m,2026-04-14 01:00:00,2026-04-13 23:00:00,1,23710.0,23712.25
ZN0,沪锌,上期所,120m,2026-04-14 23:00:00,2026-04-14 11:15:00,2,23635.0,23703.5
ZN0,沪锌,上期所,120m,2026-05-27 15:00:00,2026-05-27 11:15:00,1,24710.0,24844.25
ZN0,沪锌,上期所,120m,2026-06-05 11:15:00,2026-06-05 01:00:00,1,24795.0,24908.25
ZN0,沪锌,上期所,120m,2026-06-23 11:15:00,2026-06-22 15:00:00,3,24690.0,24786.25
ZN0,沪锌,上期所,120m,2026-07-28 23:00:00,2026-07-28 15:00:00,1,24690.0,24785.25
ZN0,沪锌,上期所,30m,2026-05-08 14:15:00,2026-05-08 13:45:00,1,24260.0,24286.0
ZN0,沪锌,上期所,30m,2026-05-08 15:00:00,2026-05-08 14:45:00,1,24275.0,24302.25
ZN0,沪锌,上期所,30m,2026-05-11 13:45:00,2026-05-11 11:15:00,1,24110.0,24172.25
ZN0,沪锌,上期所,30m,2026-05-18 21:30:00,2026-05-18 15:00:00,1,24655.0,24662.75
ZN0,沪锌,上期所,30m,2026-05-18 22:30:00,2026-05-18 22:00:00,1,24660.0,24660.25
ZN0,沪锌,上期所,30m,2026-05-19 00:00:00,2026-05-18 23:00:00,2,24645.0,24653.75
ZN0,沪锌,上期所,30m,2026-05-19 10:00:00,2026-05-19 00:30:00,3,24635.0,24642.5
ZN0,沪锌,上期所,30m,2026-05-19 21:30:00,2026-05-19 14:15:00,3,24575.0,24650.0
ZN0,沪锌,上期所,30m,2026-06-03 22:00:00,2026-06-03 21:30:00,1,25170.0,25201.5
ZN0,沪锌,上期所,30m,2026-06-16 13:45:00,2026-06-16 10:45:00,2,24790.0,24836.0
ZN0,沪锌,上期所,30m,2026-06-18 14:45:00,2026-06-18 14:15:00,1,24780.0,24814.5
ZN0,沪锌,上期所,30m,2026-06-24 14:45:00,2026-06-24 14:15:00,1,24340.0,24421.5
ZN0,沪锌,上期所,30m,2026-06-26 09:30:00,2026-06-26 00:00:00,3,23900.0,23960.0
ZN0,沪锌,上期所,30m,2026-06-29 23:00:00,2026-06-29 22:30:00,1,24260.0,24288.75
ZN0,沪锌,上期所,30m,2026-07-08 10:45:00,2026-07-08 10:00:00,1,24665.0,24710.0
ZN0,沪锌,上期所,30m,2026-07-08 13:45:00,2026-07-08 11:15:00,1,24700.0,24714.0
ZN0,沪锌,上期所,30m,2026-07-08 15:00:00,2026-07-08 14:45:00,1,24665.0,24704.75
ZN0,沪锌,上期所,30m,2026-07-10 23:00:00,2026-07-10 22:00:00,2,24850.0,24904.0
ZN0,沪锌,上期所,30m,2026-07-14 10:45:00,2026-07-14 10:00:00,1,24735.0,24737.0
ZN0,沪锌,上期所,30m,2026-07-16 14:15:00,2026-07-16 13:45:00,1,24675.0,24711.75
ZN0,沪锌,上期所,30m,2026-07-16 21:30:00,2026-07-16 15:00:00,1,24645.0,24678.0
ZN0,沪锌,上期所,30m,2026-07-20 13:45:00,2026-07-20 11:15:00,1,24345.0,24435.0
ZN0,沪锌,上期所,30m,2026-07-28 09:30:00,2026-07-28 00:00:00,3,24750.0,24840.75
ZN0,沪锌,上期所,30m,2026-07-29 00:30:00,2026-07-29 00:00:00,1,24740.0,24753.25
ZN0,沪锌,上期所,30m,2026-07-30 11:15:00,2026-07-30 09:30:00,3,24695.0,24731.5
ZN0,沪锌,上期所,60m,2026-01-31 01:00:00,2026-01-30 23:00:00,1,25785.0,25846.0
ZN0,沪锌,上期所,60m,2026-02-05 00:00:00,2026-02-04 15:00:00,3,24805.0,24854.5
ZN0,沪锌,上期所,60m,2026-02-09 15:00:00,2026-02-09 10:00:00,3,24565.0,24569.25
ZN0,沪锌,上期所,60m,2026-02-25 22:00:00,2026-02-25 11:15:00,3,24560.0,24581.75
ZN0,沪锌,上期所,60m,2026-02-26 10:00:00,2026-02-25 23:00:00,3,24565.0,24592.5
ZN0,沪锌,上期所,60m,2026-02-27 11:15:00,2026-02-27 10:00:00,1,24590.0,24590.5
ZN0,沪锌,上期所,60m,2026-02-27 22:00:00,2026-02-27 14:15:00,2,24495.0,24599.0
ZN0,沪锌,上期所,60m,2026-03-04 14:15:00,2026-03-04 11:15:00,1,24475.0,24547.0
ZN0,沪锌,上期所,60m,2026-03-04 23:00:00,2026-03-04 22:00:00,1,24525.0,24548.25
ZN0,沪锌,上期所,60m,2026-03-11 15:00:00,2026-03-11 11:15:00,2,24385.0,24398.5
ZN0,沪锌,上期所,60m,2026-03-12 11:15:00,2026-03-12 10:00:00,1,24225.0,24380.25
ZN0,沪锌,上期所,60m,2026-03-20 14:15:00,2026-03-20 11:15:00,1,22935.0,23032.0
ZN0,沪锌,上期所,60m,2026-03-25 01:00:00,2026-03-24 23:00:00,2,22880.0,22897.75
ZN0,沪锌,上期所,60m,2026-03-25 14:15:00,2026-03-25 10:00:00,2,22920.0,22921.25
ZN0,沪锌,上期所,60m,2026-04-03 01:00:00,2026-04-02 22:00:00,3,23645.0,23682.75
ZN0,沪锌,上期所,60m,2026-04-09 10:00:00,2026-04-09 01:00:00,1,23715.0,23748.5
ZN0,沪锌,上期所,60m,2026-04-09 15:00:00,2026-04-09 11:15:00,2,23765.0,23774.75
ZN0,沪锌,上期所,60m,2026-04-10 10:00:00,2026-04-10 00:00:00,2,23785.0,23794.75
ZN0,沪锌,上期所,60m,2026-04-21 23:00:00,2026-04-21 22:00:00,1,24135.0,24186.25
ZN0,沪锌,上期所,60m,2026-04-25 10:00:00,2026-04-24 22:00:00,3,24330.0,24330.75
ZN0,沪锌,上期所,60m,2026-05-15 14:15:00,2026-05-15 11:15:00,1,24690.0,24825.0
ZN0,沪锌,上期所,60m,2026-05-19 22:00:00,2026-05-19 15:00:00,1,24580.0,24671.0
ZN0,沪锌,上期所,60m,2026-06-09 10:00:00,2026-06-09 01:00:00,1,24705.0,24742.5
ZN0,沪锌,上期所,60m,2026-06-10 10:00:00,2026-06-10 01:00:00,1,24695.0,24714.5
ZN0,沪锌,上期所,60m,2026-06-12 14:15:00,2026-06-12 11:15:00,1,24340.0,24372.5
ZN0,沪锌,上期所,60m,2026-06-22 10:00:00,2026-06-18 14:15:00,2,24675.0,24779.5
ZN0,沪锌,上期所,60m,2026-07-02 10:00:00,2026-07-02 01:00:00,1,24335.0,24378.5
ZN0,沪锌,上期所,60m,2026-07-03 11:15:00,2026-07-03 10:00:00,1,24285.0,24343.75
ZN0,沪锌,上期所,60m,2026-07-03 15:00:00,2026-07-03 14:15:00,1,24295.0,24316.5
ZN0,沪锌,上期所,60m,2026-07-17 10:00:00,2026-07-17 00:00:00,2,24605.0,24743.0
ZN0,沪锌,上期所,60m,2026-07-28 10:00:00,2026-07-27 23:00:00,3,24770.0,24815.0
ZN0,沪锌,上期所,60m,2026-07-30 11:15:00,2026-07-30 10:00:00,1,24695.0,24737.75
ZN0,沪锌,上期所,90m,2026-02-09 14:45:00,2026-02-09 09:30:00,2,24595.0,24615.5
ZN0,沪锌,上期所,90m,2026-02-26 11:15:00,2026-02-26 00:00:00,2,24475.0,24589.0
ZN0,沪锌,上期所,90m,2026-02-27 09:30:00,2026-02-27 00:00:00,1,24515.0,24602.25
ZN0,沪锌,上期所,90m,2026-02-27 22:30:00,2026-02-27 14:45:00,2,24495.0,24603.5
ZN0,沪锌,上期所,90m,2026-03-03 11:15:00,2026-03-03 09:30:00,1,24575.0,24587.0
ZN0,沪锌,上期所,90m,2026-03-04 00:00:00,2026-03-03 22:30:00,1,24475.0,24569.25
ZN0,沪锌,上期所,90m,2026-03-10 09:30:00,2026-03-09 15:00:00,3,24380.0,24390.75
ZN0,沪锌,上期所,90m,2026-03-12 11:15:00,2026-03-12 09:30:00,1,24225.0,24384.25
ZN0,沪锌,上期所,90m,2026-04-03 11:15:00,2026-04-02 22:30:00,3,23615.0,23633.0
ZN0,沪锌,上期所,90m,2026-04-07 11:15:00,2026-04-07 09:30:00,1,23635.0,23656.25
ZN0,沪锌,上期所,90m,2026-04-09 22:30:00,2026-04-09 11:15:00,3,23720.0,23745.0
ZN0,沪锌,上期所,90m,2026-04-10 11:15:00,2026-04-10 00:00:00,2,23705.0,23772.75
ZN0,沪锌,上期所,90m,2026-05-27 11:15:00,2026-05-27 09:30:00,1,24875.0,24878.0
ZN0,沪锌,上期所,90m,2026-06-10 00:00:00,2026-06-09 14:45:00,3,24715.0,24726.5
ZN0,沪锌,上期所,90m,2026-06-10 11:15:00,2026-06-10 09:30:00,1,24630.0,24712.0
ZN0,沪锌,上期所,90m,2026-06-17 15:00:00,2026-06-17 14:45:00,1,24740.0,24740.5
ZN0,沪锌,上期所,90m,2026-06-18 11:15:00,2026-06-17 22:30:00,3,24740.0,24793.0
ZN0,沪锌,上期所,90m,2026-06-22 09:30:00,2026-06-18 15:00:00,1,24745.0,24781.5
ZN0,沪锌,上期所,90m,2026-06-23 09:30:00,2026-06-22 15:00:00,3,24765.0,24772.75
ZN0,沪锌,上期所,90m,2026-07-03 11:15:00,2026-07-03 09:30:00,1,24285.0,24332.25
ZN0,沪锌,上期所,90m,2026-07-17 09:30:00,2026-07-17 00:00:00,1,24645.0,24755.5
ZN0,沪锌,上期所,90m,2026-07-28 09:30:00,2026-07-28 00:00:00,1,24750.0,24827.0
ZN0,沪锌,上期所,90m,2026-07-30 11:15:00,2026-07-30 09:30:00,1,24695.0,24769.0
ZN0,沪锌,上期所,daily,2026-02-05,2026-02-03,2,24395.0,24740.0
ZN0,沪锌,上期所,daily,2026-03-03,2026-03-02,1,24370.0,24805.25
ZN0,沪锌,上期所,daily,2026-04-30,2026-04-29,1,23645.0,23906.25
ZN0,沪锌,上期所,daily,2026-06-16,2026-06-15,1,24765.0,24769.75
ZN0,沪锌,上期所,daily,2026-06-23,2026-06-18,2,24570.0,24748.0
